image_id,sequence_id,condition,original_split,split,rgb_path,nir_path,mask_path,width_px,height_px
fog_seq46_00000000,fog_seq46,fog,train,test,train/FOG/rgb/46/00000000_rgb.png,train/FOG/nir/46/00000000_nir.png,train/FOG/gtSeg/46/00000000_mask.json,2048,1536
fog_seq46_00000001,fog_seq46,fog,train,test,train/FOG/rgb/46/00000001_rgb.png,train/FOG/nir/46/00000001_nir.png,train/FOG/gtSeg/46/00000001_mask.json,2048,1536
fog_seq46_00000002,fog_seq46,fog,train,test,train/FOG/rgb/46/00000002_rgb.png,train/FOG/nir/46/00000002_nir.png,train/FOG/gtSeg/46/00000002_mask.json,2048,1536
fog_seq46_00000003,fog_seq46,fog,train,test,train/FOG/rgb/46/00000003_rgb.png,train/FOG/nir/46/00000003_nir.png,train/FOG/gtSeg/46/00000003_mask.json,2048,1536
fog_seq46_00000004,fog_seq46,fog,train,test,train/FOG/rgb/46/00000004_rgb.png,train/FOG/nir/46/00000004_nir.png,train/FOG/gtSeg/46/00000004_mask.json,2048,1536
fog_seq46_00000005,fog_seq46,fog,train,test,train/FOG/rgb/46/00000005_rgb.png,train/FOG/nir/46/00000005_nir.png,train/FOG/gtSeg/46/00000005_mask.json,2048,1536
fog_seq46_00000006,fog_seq46,fog,train,test,train/FOG/rgb/46/00000006_rgb.png,train/FOG/nir/46/00000006_nir.png,train/FOG/gtSeg/46/00000006_mask.json,2048,1536
fog_seq46_00000007,fog_seq46,fog,train,test,train/FOG/rgb/46/00000007_rgb.png,train/FOG/nir/46/00000007_nir.png,train/FOG/gtSeg/46/00000007_mask.json,2048,1536
fog_seq46_00000008,fog_seq46,fog,train,test,train/FOG/rgb/46/00000008_rgb.png,train/FOG/nir/46/00000008_nir.png,train/FOG/gtSeg/46/00000008_mask.json,2048,1536
fog_seq46_00000009,fog_seq46,fog,train,test,train/FOG/rgb/46/00000009_rgb.png,train/FOG/nir/46/00000009_nir.png,train/FOG/gtSeg/46/00000009_mask.json,2048,1536
fog_seq46_00000010,fog_seq46,fog,train,test,train/FOG/rgb/46/00000010_rgb.png,train/FOG/nir/46/00000010_nir.png,train/FOG/gtSeg/46/00000010_mask.json,2048,1536
fog_seq46_00000011,fog_seq46,fog,train,test,train/FOG/rgb/46/00000011_rgb.png,train/FOG/nir/46/00000011_nir.png,train/FOG/gtSeg/46/00000011_mask.json,2048,1536
fog_seq46_00000012,fog_seq46,fog,train,test,train/FOG/rgb/46/00000012_rgb.png,train/FOG/nir/46/00000012_nir.png,train/FOG/gtSeg/46/00000012_mask.json,2048,1536
fog_seq46_00000013,fog_seq46,fog,train,test,train/FOG/rgb/46/00000013_rgb.png,train/FOG/nir/46/00000013_nir.png,train/FOG/gtSeg/46/00000013_mask.json,2048,1536
fog_seq46_00000014,fog_seq46,fog,train,test,train/FOG/rgb/46/00000014_rgb.png,train/FOG/nir/46/00000014_nir.png,train/FOG/gtSeg/46/00000014_mask.json,2048,1536
fog_seq46_00000015,fog_seq46,fog,train,test,train/FOG/rgb/46/00000015_rgb.png,train/FOG/nir/46/00000015_nir.png,train/FOG/gtSeg/46/00000015_mask.json,2048,1536
fog_seq47_00000000,fog_seq47,fog,train,train,train/FOG/rgb/47/00000000_rgb.png,train/FOG/nir/47/00000000_nir.png,train/FOG/gtSeg/47/00000000_mask.json,2048,1536
fog_seq47_00000001,fog_seq47,fog,train,train,train/FOG/rgb/47/00000001_rgb.png,train/FOG/nir/47/00000001_nir.png,train/FOG/gtSeg/47/00000001_mask.json,2048,1536
fog_seq47_00000002,fog_seq47,fog,train,train,train/FOG/rgb/47/00000002_rgb.png,train/FOG/nir/47/00000002_nir.png,train/FOG/gtSeg/47/00000002_mask.json,2048,1536
fog_seq47_00000003,fog_seq47,fog,train,train,train/FOG/rgb/47/00000003_rgb.png,train/FOG/nir/47/00000003_nir.png,train/FOG/gtSeg/47/00000003_mask.json,2048,1536
fog_seq47_00000004,fog_seq47,fog,train,train,train/FOG/rgb/47/00000004_rgb.png,train/FOG/nir/47/00000004_nir.png,train/FOG/gtSeg/47/00000004_mask.json,2048,1536
fog_seq47_00000005,fog_seq47,fog,train,train,train/FOG/rgb/47/00000005_rgb.png,train/FOG/nir/47/00000005_nir.png,train/FOG/gtSeg/47/00000005_mask.json,2048,1536
fog_seq47_00000006,fog_seq47,fog,train,train,train/FOG/rgb/47/00000006_rgb.png,train/FOG/nir/47/00000006_nir.png,train/FOG/gtSeg/47/00000006_mask.json,2048,1536
fog_seq47_00000007,fog_seq47,fog,train,train,train/FOG/rgb/47/00000007_rgb.png,train/FOG/nir/47/00000007_nir.png,train/FOG/gtSeg/47/00000007_mask.json,2048,1536
fog_seq47_00000008,fog_seq47,fog,train,train,train/FOG/rgb/47/00000008_rgb.png,train/FOG/nir/47/00000008_nir.png,train/FOG/gtSeg/47/00000008_mask.json,2048,1536
fog_seq47_00000009,fog_seq47,fog,train,train,train/FOG/rgb/47/00000009_rgb.png,train/FOG/nir/47/00000009_nir.png,train/FOG/gtSeg/47/00000009_mask.json,2048,1536
fog_seq47_00000010,fog_seq47,fog,train,train,train/FOG/rgb/47/00000010_rgb.png,train/FOG/nir/47/00000010_nir.png,train/FOG/gtSeg/47/00000010_mask.json,2048,1536
fog_seq47_00000011,fog_seq47,fog,train,train,train/FOG/rgb/47/00000011_rgb.png,train/FOG/nir/47/00000011_nir.png,train/FOG/gtSeg/47/00000011_mask.json,2048,1536
fog_seq47_00000012,fog_seq47,fog,train,train,train/FOG/rgb/47/00000012_rgb.png,train/FOG/nir/47/00000012_nir.png,train/FOG/gtSeg/47/00000012_mask.json,2048,1536
fog_seq47_00000013,fog_seq47,fog,train,train,train/FOG/rgb/47/00000013_rgb.png,train/FOG/nir/47/00000013_nir.png,train/FOG/gtSeg/47/00000013_mask.json,2048,1536
fog_seq47_00000014,fog_seq47,fog,train,train,train/FOG/rgb/47/00000014_rgb.png,train/FOG/nir/47/00000014_nir.png,train/FOG/gtSeg/47/00000014_mask.json,2048,1536
fog_seq47_00000015,fog_seq47,fog,train,train,train/FOG/rgb/47/00000015_rgb.png,train/FOG/nir/47/00000015_nir.png,train/FOG/gtSeg/47/00000015_mask.json,2048,1536
fog_seq47_00000016,fog_seq47,fog,train,train,train/FOG/rgb/47/00000016_rgb.png,train/FOG/nir/47/00000016_nir.png,train/FOG/gtSeg/47/00000016_mask.json,2048,1536
fog_seq47_00000017,fog_seq47,fog,train,train,train/FOG/rgb/47/00000017_rgb.png,train/FOG/nir/47/00000017_nir.png,train/FOG/gtSeg/47/00000017_mask.json,2048,1536
fog_seq47_00000018,fog_seq47,fog,train,train,train/FOG/rgb/47/00000018_rgb.png,train/FOG/nir/47/00000018_nir.png,train/FOG/gtSeg/47/00000018_mask.json,2048,1536
fog_seq47_00000019,fog_seq47,fog,train,train,train/FOG/rgb/47/00000019_rgb.png,train/FOG/nir/47/00000019_nir.png,train/FOG/gtSeg/47/00000019_mask.json,2048,1536
fog_seq47_00000020,fog_seq47,fog,train,train,train/FOG/rgb/47/00000020_rgb.png,train/FOG/nir/47/00000020_nir.png,train/FOG/gtSeg/47/00000020_mask.json,2048,1536
fog_seq47_00000021,fog_seq47,fog,train,train,train/FOG/rgb/47/00000021_rgb.png,train/FOG/nir/47/00000021_nir.png,train/FOG/gtSeg/47/00000021_mask.json,2048,1536
fog_seq47_00000022,fog_seq47,fog,train,train,train/FOG/rgb/47/00000022_rgb.png,train/FOG/nir/47/00000022_nir.png,train/FOG/gtSeg/47/00000022_mask.json,2048,1536
fog_seq47_00000023,fog_seq47,fog,train,train,train/FOG/rgb/47/00000023_rgb.png,train/FOG/nir/47/00000023_nir.png,train/FOG/gtSeg/47/00000023_mask.json,2048,1536
fog_seq48_00000000,fog_seq48,fog,train,train,train/FOG/rgb/48/00000000_rgb.png,train/FOG/nir/48/00000000_nir.png,train/FOG/gtSeg/48/00000000_mask.json,2048,1536
fog_seq48_00000001,fog_seq48,fog,train,train,train/FOG/rgb/48/00000001_rgb.png,train/FOG/nir/48/00000001_nir.png,train/FOG/gtSeg/48/00000001_mask.json,2048,1536
fog_seq48_00000002,fog_seq48,fog,train,train,train/FOG/rgb/48/00000002_rgb.png,train/FOG/nir/48/00000002_nir.png,train/FOG/gtSeg/48/00000002_mask.json,2048,1536
fog_seq48_00000003,fog_seq48,fog,train,train,train/FOG/rgb/48/00000003_rgb.png,train/FOG/nir/48/00000003_nir.png,train/FOG/gtSeg/48/00000003_mask.json,2048,1536
fog_seq48_00000004,fog_seq48,fog,train,train,train/FOG/rgb/48/00000004_rgb.png,train/FOG/nir/48/00000004_nir.png,train/FOG/gtSeg/48/00000004_mask.json,2048,1536
fog_seq48_00000005,fog_seq48,fog,train,train,train/FOG/rgb/48/00000005_rgb.png,train/FOG/nir/48/00000005_nir.png,train/FOG/gtSeg/48/00000005_mask.json,2048,1536
fog_seq48_00000006,fog_seq48,fog,train,train,train/FOG/rgb/48/00000006_rgb.png,train/FOG/nir/48/00000006_nir.png,train/FOG/gtSeg/48/00000006_mask.json,2048,1536
fog_seq48_00000007,fog_seq48,fog,train,train,train/FOG/rgb/48/00000007_rgb.png,train/FOG/nir/48/00000007_nir.png,train/FOG/gtSeg/48/00000007_mask.json,2048,1536
fog_seq48_00000008,fog_seq48,fog,train,train,train/FOG/rgb/48/00000008_rgb.png,train/FOG/nir/48/00000008_nir.png,train/FOG/gtSeg/48/00000008_mask.json,2048,1536
fog_seq48_00000009,fog_seq48,fog,train,train,train/FOG/rgb/48/00000009_rgb.png,train/FOG/nir/48/00000009_nir.png,train/FOG/gtSeg/48/00000009_mask.json,2048,1536
fog_seq48_00000010,fog_seq48,fog,train,train,train/FOG/rgb/48/00000010_rgb.png,train/FOG/nir/48/00000010_nir.png,train/FOG/gtSeg/48/00000010_mask.json,2048,1536
fog_seq48_00000011,fog_seq48,fog,train,train,train/FOG/rgb/48/00000011_rgb.png,train/FOG/nir/48/00000011_nir.png,train/FOG/gtSeg/48/00000011_mask.json,2048,1536
fog_seq48_00000012,fog_seq48,fog,train,train,train/FOG/rgb/48/00000012_rgb.png,train/FOG/nir/48/00000012_nir.png,train/FOG/gtSeg/48/00000012_mask.json,2048,1536
fog_seq48_00000013,fog_seq48,fog,train,train,train/FOG/rgb/48/00000013_rgb.png,train/FOG/nir/48/00000013_nir.png,train/FOG/gtSeg/48/00000013_mask.json,2048,1536
fog_seq48_00000014,fog_seq48,fog,train,train,train/FOG/rgb/48/00000014_rgb.png,train/FOG/nir/48/00000014_nir.png,train/FOG/gtSeg/48/00000014_mask.json,2048,1536
fog_seq48_00000015,fog_seq48,fog,train,train,train/FOG/rgb/48/00000015_rgb.png,train/FOG/nir/48/00000015_nir.png,train/FOG/gtSeg/48/00000015_mask.json,2048,1536
fog_seq48_00000016,fog_seq48,fog,train,train,train/FOG/rgb/48/00000016_rgb.png,train/FOG/nir/48/00000016_nir.png,train/FOG/gtSeg/48/00000016_mask.json,2048,1536
fog_seq48_00000017,fog_seq48,fog,train,train,train/FOG/rgb/48/00000017_rgb.png,train/FOG/nir/48/00000017_nir.png,train/FOG/gtSeg/48/00000017_mask.json,2048,1536
fog_seq48_00000018,fog_seq48,fog,train,train,train/FOG/rgb/48/00000018_rgb.png,train/FOG/nir/48/00000018_nir.png,train/FOG/gtSeg/48/00000018_mask.json,2048,1536
fog_seq48_00000019,fog_seq48,fog,train,train,train/FOG/rgb/48/00000019_rgb.png,train/FOG/nir/48/00000019_nir.png,train/FOG/gtSeg/48/00000019_mask.json,2048,1536
fog_seq48_00000020,fog_seq48,fog,train,train,train/FOG/rgb/48/00000020_rgb.png,train/FOG/nir/48/00000020_nir.png,train/FOG/gtSeg/48/00000020_mask.json,2048,1536
fog_seq48_00000021,fog_seq48,fog,train,train,train/FOG/rgb/48/00000021_rgb.png,train/FOG/nir/48/00000021_nir.png,train/FOG/gtSeg/48/00000021_mask.json,2048,1536
fog_seq48_00000022,fog_seq48,fog,train,train,train/FOG/rgb/48/00000022_rgb.png,train/FOG/nir/48/00000022_nir.png,train/FOG/gtSeg/48/00000022_mask.json,2048,1536
fog_seq48_00000023,fog_seq48,fog,train,train,train/FOG/rgb/48/00000023_rgb.png,train/FOG/nir/48/00000023_nir.png,train/FOG/gtSeg/48/00000023_mask.json,2048,1536
fog_seq48_00000024,fog_seq48,fog,train,train,train/FOG/rgb/48/00000024_rgb.png,train/FOG/nir/48/00000024_nir.png,train/FOG/gtSeg/48/00000024_mask.json,2048,1536
fog_seq48_00000025,fog_seq48,fog,train,train,train/FOG/rgb/48/00000025_rgb.png,train/FOG/nir/48/00000025_nir.png,train/FOG/gtSeg/48/00000025_mask.json,2048,1536
fog_seq48_00000026,fog_seq48,fog,train,train,train/FOG/rgb/48/00000026_rgb.png,train/FOG/nir/48/00000026_nir.png,train/FOG/gtSeg/48/00000026_mask.json,2048,1536
fog_seq48_00000027,fog_seq48,fog,train,train,train/FOG/rgb/48/00000027_rgb.png,train/FOG/nir/48/00000027_nir.png,train/FOG/gtSeg/48/00000027_mask.json,2048,1536
fog_seq48_00000028,fog_seq48,fog,train,train,train/FOG/rgb/48/00000028_rgb.png,train/FOG/nir/48/00000028_nir.png,train/FOG/gtSeg/48/00000028_mask.json,2048,1536
fog_seq48_00000029,fog_seq48,fog,train,train,train/FOG/rgb/48/00000029_rgb.png,train/FOG/nir/48/00000029_nir.png,train/FOG/gtSeg/48/00000029_mask.json,2048,1536
fog_seq48_00000030,fog_seq48,fog,train,train,train/FOG/rgb/48/00000030_rgb.png,train/FOG/nir/48/00000030_nir.png,train/FOG/gtSeg/48/00000030_mask.json,2048,1536
fog_seq48_00000031,fog_seq48,fog,train,train,train/FOG/rgb/48/00000031_rgb.png,train/FOG/nir/48/00000031_nir.png,train/FOG/gtSeg/48/00000031_mask.json,2048,1536
fog_seq48_00000032,fog_seq48,fog,train,train,train/FOG/rgb/48/00000032_rgb.png,train/FOG/nir/48/00000032_nir.png,train/FOG/gtSeg/48/00000032_mask.json,2048,1536
fog_seq48_00000033,fog_seq48,fog,train,train,train/FOG/rgb/48/00000033_rgb.png,train/FOG/nir/48/00000033_nir.png,train/FOG/gtSeg/48/00000033_mask.json,2048,1536
fog_seq48_00000034,fog_seq48,fog,train,train,train/FOG/rgb/48/00000034_rgb.png,train/FOG/nir/48/00000034_nir.png,train/FOG/gtSeg/48/00000034_mask.json,2048,1536
fog_seq48_00000035,fog_seq48,fog,train,train,train/FOG/rgb/48/00000035_rgb.png,train/FOG/nir/48/00000035_nir.png,train/FOG/gtSeg/48/00000035_mask.json,2048,1536
fog_seq48_00000036,fog_seq48,fog,train,train,train/FOG/rgb/48/00000036_rgb.png,train/FOG/nir/48/00000036_nir.png,train/FOG/gtSeg/48/00000036_mask.json,2048,1536
fog_seq48_00000037,fog_seq48,fog,train,train,train/FOG/rgb/48/00000037_rgb.png,train/FOG/nir/48/00000037_nir.png,train/FOG/gtSeg/48/00000037_mask.json,2048,1536
fog_seq48_00000038,fog_seq48,fog,train,train,train/FOG/rgb/48/00000038_rgb.png,train/FOG/nir/48/00000038_nir.png,train/FOG/gtSeg/48/00000038_mask.json,2048,1536
fog_seq48_00000039,fog_seq48,fog,train,train,train/FOG/rgb/48/00000039_rgb.png,train/FOG/nir/48/00000039_nir.png,train/FOG/gtSeg/48/00000039_mask.json,2048,1536
fog_seq48_00000040,fog_seq48,fog,train,train,train/FOG/rgb/48/00000040_rgb.png,train/FOG/nir/48/00000040_nir.png,train/FOG/gtSeg/48/00000040_mask.json,2048,1536
fog_seq48_00000041,fog_seq48,fog,train,train,train/FOG/rgb/48/00000041_rgb.png,train/FOG/nir/48/00000041_nir.png,train/FOG/gtSeg/48/00000041_mask.json,2048,1536
fog_seq48_00000042,fog_seq48,fog,train,train,train/FOG/rgb/48/00000042_rgb.png,train/FOG/nir/48/00000042_nir.png,train/FOG/gtSeg/48/00000042_mask.json,2048,1536
fog_seq48_00000043,fog_seq48,fog,train,train,train/FOG/rgb/48/00000043_rgb.png,train/FOG/nir/48/00000043_nir.png,train/FOG/gtSeg/48/00000043_mask.json,2048,1536
fog_seq48_00000044,fog_seq48,fog,train,train,train/FOG/rgb/48/00000044_rgb.png,train/FOG/nir/48/00000044_nir.png,train/FOG/gtSeg/48/00000044_mask.json,2048,1536
fog_seq48_00000045,fog_seq48,fog,train,train,train/FOG/rgb/48/00000045_rgb.png,train/FOG/nir/48/00000045_nir.png,train/FOG/gtSeg/48/00000045_mask.json,2048,1536
fog_seq48_00000046,fog_seq48,fog,train,train,train/FOG/rgb/48/00000046_rgb.png,train/FOG/nir/48/00000046_nir.png,train/FOG/gtSeg/48/00000046_mask.json,2048,1536
fog_seq48_00000047,fog_seq48,fog,train,train,train/FOG/rgb/48/00000047_rgb.png,train/FOG/nir/48/00000047_nir.png,train/FOG/gtSeg/48/00000047_mask.json,2048,1536
fog_seq48_00000048,fog_seq48,fog,train,train,train/FOG/rgb/48/00000048_rgb.png,train/FOG/nir/48/00000048_nir.png,train/FOG/gtSeg/48/00000048_mask.json,2048,1536
fog_seq48_00000049,fog_seq48,fog,train,train,train/FOG/rgb/48/00000049_rgb.png,train/FOG/nir/48/00000049_nir.png,train/FOG/gtSeg/48/00000049_mask.json,2048,1536
fog_seq48_00000050,fog_seq48,fog,train,train,train/FOG/rgb/48/00000050_rgb.png,train/FOG/nir/48/00000050_nir.png,train/FOG/gtSeg/48/00000050_mask.json,2048,1536
fog_seq48_00000051,fog_seq48,fog,train,train,train/FOG/rgb/48/00000051_rgb.png,train/FOG/nir/48/00000051_nir.png,train/FOG/gtSeg/48/00000051_mask.json,2048,1536
fog_seq48_00000052,fog_seq48,fog,train,train,train/FOG/rgb/48/00000052_rgb.png,train/FOG/nir/48/00000052_nir.png,train/FOG/gtSeg/48/00000052_mask.json,2048,1536
fog_seq48_00000053,fog_seq48,fog,train,train,train/FOG/rgb/48/00000053_rgb.png,train/FOG/nir/48/00000053_nir.png,train/FOG/gtSeg/48/00000053_mask.json,2048,1536
fog_seq48_00000054,fog_seq48,fog,train,train,train/FOG/rgb/48/00000054_rgb.png,train/FOG/nir/48/00000054_nir.png,train/FOG/gtSeg/48/00000054_mask.json,2048,1536
fog_seq48_00000055,fog_seq48,fog,train,train,train/FOG/rgb/48/00000055_rgb.png,train/FOG/nir/48/00000055_nir.png,train/FOG/gtSeg/48/00000055_mask.json,2048,1536
fog_seq48_00000056,fog_seq48,fog,train,train,train/FOG/rgb/48/00000056_rgb.png,train/FOG/nir/48/00000056_nir.png,train/FOG/gtSeg/48/00000056_mask.json,2048,1536
fog_seq48_00000057,fog_seq48,fog,train,train,train/FOG/rgb/48/00000057_rgb.png,train/FOG/nir/48/00000057_nir.png,train/FOG/gtSeg/48/00000057_mask.json,2048,1536
fog_seq48_00000058,fog_seq48,fog,train,train,train/FOG/rgb/48/00000058_rgb.png,train/FOG/nir/48/00000058_nir.png,train/FOG/gtSeg/48/00000058_mask.json,2048,1536
fog_seq48_00000059,fog_seq48,fog,train,train,train/FOG/rgb/48/00000059_rgb.png,train/FOG/nir/48/00000059_nir.png,train/FOG/gtSeg/48/00000059_mask.json,2048,1536
fog_seq48_00000060,fog_seq48,fog,train,train,train/FOG/rgb/48/00000060_rgb.png,train/FOG/nir/48/00000060_nir.png,train/FOG/gtSeg/48/00000060_mask.json,2048,1536
fog_seq48_00000061,fog_seq48,fog,train,train,train/FOG/rgb/48/00000061_rgb.png,train/FOG/nir/48/00000061_nir.png,train/FOG/gtSeg/48/00000061_mask.json,2048,1536
fog_seq48_00000062,fog_seq48,fog,train,train,train/FOG/rgb/48/00000062_rgb.png,train/FOG/nir/48/00000062_nir.png,train/FOG/gtSeg/48/00000062_mask.json,2048,1536
fog_seq48_00000063,fog_seq48,fog,train,train,train/FOG/rgb/48/00000063_rgb.png,train/FOG/nir/48/00000063_nir.png,train/FOG/gtSeg/48/00000063_mask.json,2048,1536
fog_seq48_00000064,fog_seq48,fog,train,train,train/FOG/rgb/48/00000064_rgb.png,train/FOG/nir/48/00000064_nir.png,train/FOG/gtSeg/48/00000064_mask.json,2048,1536
fog_seq48_00000065,fog_seq48,fog,train,train,train/FOG/rgb/48/00000065_rgb.png,train/FOG/nir/48/00000065_nir.png,train/FOG/gtSeg/48/00000065_mask.json,2048,1536
fog_seq48_00000066,fog_seq48,fog,train,train,train/FOG/rgb/48/00000066_rgb.png,train/FOG/nir/48/00000066_nir.png,train/FOG/gtSeg/48/00000066_mask.json,2048,1536
fog_seq48_00000067,fog_seq48,fog,train,train,train/FOG/rgb/48/00000067_rgb.png,train/FOG/nir/48/00000067_nir.png,train/FOG/gtSeg/48/00000067_mask.json,2048,1536
fog_seq48_00000068,fog_seq48,fog,train,train,train/FOG/rgb/48/00000068_rgb.png,train/FOG/nir/48/00000068_nir.png,train/FOG/gtSeg/48/00000068_mask.json,2048,1536
fog_seq48_00000069,fog_seq48,fog,train,train,train/FOG/rgb/48/00000069_rgb.png,train/FOG/nir/48/00000069_nir.png,train/FOG/gtSeg/48/00000069_mask.json,2048,1536
fog_seq48_00000070,fog_seq48,fog,train,train,train/FOG/rgb/48/00000070_rgb.png,train/FOG/nir/48/00000070_nir.png,train/FOG/gtSeg/48/00000070_mask.json,2048,1536
fog_seq48_00000071,fog_seq48,fog,train,train,train/FOG/rgb/48/00000071_rgb.png,train/FOG/nir/48/00000071_nir.png,train/FOG/gtSeg/48/00000071_mask.json,2048,1536
fog_seq48_00000072,fog_seq48,fog,train,train,train/FOG/rgb/48/00000072_rgb.png,train/FOG/nir/48/00000072_nir.png,train/FOG/gtSeg/48/00000072_mask.json,2048,1536
fog_seq48_00000073,fog_seq48,fog,train,train,train/FOG/rgb/48/00000073_rgb.png,train/FOG/nir/48/00000073_nir.png,train/FOG/gtSeg/48/00000073_mask.json,2048,1536
fog_seq48_00000074,fog_seq48,fog,train,train,train/FOG/rgb/48/00000074_rgb.png,train/FOG/nir/48/00000074_nir.png,train/FOG/gtSeg/48/00000074_mask.json,2048,1536
fog_seq48_00000075,fog_seq48,fog,train,train,train/FOG/rgb/48/00000075_rgb.png,train/FOG/nir/48/00000075_nir.png,train/FOG/gtSeg/48/00000075_mask.json,2048,1536
fog_seq48_00000076,fog_seq48,fog,train,train,train/FOG/rgb/48/00000076_rgb.png,train/FOG/nir/48/00000076_nir.png,train/FOG/gtSeg/48/00000076_mask.json,2048,1536
fog_seq48_00000077,fog_seq48,fog,train,train,train/FOG/rgb/48/00000077_rgb.png,train/FOG/nir/48/00000077_nir.png,train/FOG/gtSeg/48/00000077_mask.json,2048,1536
fog_seq48_00000078,fog_seq48,fog,train,train,train/FOG/rgb/48/00000078_rgb.png,train/FOG/nir/48/00000078_nir.png,train/FOG/gtSeg/48/00000078_mask.json,2048,1536
fog_seq48_00000079,fog_seq48,fog,train,train,train/FOG/rgb/48/00000079_rgb.png,train/FOG/nir/48/00000079_nir.png,train/FOG/gtSeg/48/00000079_mask.json,2048,1536
fog_seq48_00000080,fog_seq48,fog,train,train,train/FOG/rgb/48/00000080_rgb.png,train/FOG/nir/48/00000080_nir.png,train/FOG/gtSeg/48/00000080_mask.json,2048,1536
fog_seq48_00000081,fog_seq48,fog,train,train,train/FOG/rgb/48/00000081_rgb.png,train/FOG/nir/48/00000081_nir.png,train/FOG/gtSeg/48/00000081_mask.json,2048,1536
fog_seq48_00000082,fog_seq48,fog,train,train,train/FOG/rgb/48/00000082_rgb.png,train/FOG/nir/48/00000082_nir.png,train/FOG/gtSeg/48/00000082_mask.json,2048,1536
fog_seq48_00000083,fog_seq48,fog,train,train,train/FOG/rgb/48/00000083_rgb.png,train/FOG/nir/48/00000083_nir.png,train/FOG/gtSeg/48/00000083_mask.json,2048,1536
fog_seq48_00000084,fog_seq48,fog,train,train,train/FOG/rgb/48/00000084_rgb.png,train/FOG/nir/48/00000084_nir.png,train/FOG/gtSeg/48/00000084_mask.json,2048,1536
fog_seq48_00000085,fog_seq48,fog,train,train,train/FOG/rgb/48/00000085_rgb.png,train/FOG/nir/48/00000085_nir.png,train/FOG/gtSeg/48/00000085_mask.json,2048,1536
fog_seq48_00000086,fog_seq48,fog,train,train,train/FOG/rgb/48/00000086_rgb.png,train/FOG/nir/48/00000086_nir.png,train/FOG/gtSeg/48/00000086_mask.json,2048,1536
fog_seq48_00000087,fog_seq48,fog,train,train,train/FOG/rgb/48/00000087_rgb.png,train/FOG/nir/48/00000087_nir.png,train/FOG/gtSeg/48/00000087_mask.json,2048,1536
fog_seq48_00000088,fog_seq48,fog,train,train,train/FOG/rgb/48/00000088_rgb.png,train/FOG/nir/48/00000088_nir.png,train/FOG/gtSeg/48/00000088_mask.json,2048,1536
fog_seq48_00000089,fog_seq48,fog,train,train,train/FOG/rgb/48/00000089_rgb.png,train/FOG/nir/48/00000089_nir.png,train/FOG/gtSeg/48/00000089_mask.json,2048,1536
fog_seq48_00000090,fog_seq48,fog,train,train,train/FOG/rgb/48/00000090_rgb.png,train/FOG/nir/48/00000090_nir.png,train/FOG/gtSeg/48/00000090_mask.json,2048,1536
fog_seq48_00000091,fog_seq48,fog,train,train,train/FOG/rgb/48/00000091_rgb.png,train/FOG/nir/48/00000091_nir.png,train/FOG/gtSeg/48/00000091_mask.json,2048,1536
fog_seq48_00000092,fog_seq48,fog,train,train,train/FOG/rgb/48/00000092_rgb.png,train/FOG/nir/48/00000092_nir.png,train/FOG/gtSeg/48/00000092_mask.json,2048,1536
fog_seq48_00000093,fog_seq48,fog,train,train,train/FOG/rgb/48/00000093_rgb.png,train/FOG/nir/48/00000093_nir.png,train/FOG/gtSeg/48/00000093_mask.json,2048,1536
fog_seq48_00000094,fog_seq48,fog,train,train,train/FOG/rgb/48/00000094_rgb.png,train/FOG/nir/48/00000094_nir.png,train/FOG/gtSeg/48/00000094_mask.json,2048,1536
fog_seq48_00000095,fog_seq48,fog,train,train,train/FOG/rgb/48/00000095_rgb.png,train/FOG/nir/48/00000095_nir.png,train/FOG/gtSeg/48/00000095_mask.json,2048,1536
fog_seq48_00000096,fog_seq48,fog,train,train,train/FOG/rgb/48/00000096_rgb.png,train/FOG/nir/48/00000096_nir.png,train/FOG/gtSeg/48/00000096_mask.json,2048,1536
fog_seq48_00000097,fog_seq48,fog,train,train,train/FOG/rgb/48/00000097_rgb.png,train/FOG/nir/48/00000097_nir.png,train/FOG/gtSeg/48/00000097_mask.json,2048,1536
fog_seq48_00000098,fog_seq48,fog,train,train,train/FOG/rgb/48/00000098_rgb.png,train/FOG/nir/48/00000098_nir.png,train/FOG/gtSeg/48/00000098_mask.json,2048,1536
fog_seq48_00000099,fog_seq48,fog,train,train,train/FOG/rgb/48/00000099_rgb.png,train/FOG/nir/48/00000099_nir.png,train/FOG/gtSeg/48/00000099_mask.json,2048,1536
fog_seq48_00000100,fog_seq48,fog,train,train,train/FOG/rgb/48/00000100_rgb.png,train/FOG/nir/48/00000100_nir.png,train/FOG/gtSeg/48/00000100_mask.json,2048,1536
fog_seq48_00000101,fog_seq48,fog,train,train,train/FOG/rgb/48/00000101_rgb.png,train/FOG/nir/48/00000101_nir.png,train/FOG/gtSeg/48/00000101_mask.json,2048,1536
fog_seq48_00000102,fog_seq48,fog,train,train,train/FOG/rgb/48/00000102_rgb.png,train/FOG/nir/48/00000102_nir.png,train/FOG/gtSeg/48/00000102_mask.json,2048,1536
fog_seq48_00000103,fog_seq48,fog,train,train,train/FOG/rgb/48/00000103_rgb.png,train/FOG/nir/48/00000103_nir.png,train/FOG/gtSeg/48/00000103_mask.json,2048,1536
fog_seq48_00000104,fog_seq48,fog,train,train,train/FOG/rgb/48/00000104_rgb.png,train/FOG/nir/48/00000104_nir.png,train/FOG/gtSeg/48/00000104_mask.json,2048,1536
fog_seq48_00000105,fog_seq48,fog,train,train,train/FOG/rgb/48/00000105_rgb.png,train/FOG/nir/48/00000105_nir.png,train/FOG/gtSeg/48/00000105_mask.json,2048,1536
fog_seq48_00000106,fog_seq48,fog,train,train,train/FOG/rgb/48/00000106_rgb.png,train/FOG/nir/48/00000106_nir.png,train/FOG/gtSeg/48/00000106_mask.json,2048,1536
fog_seq48_00000107,fog_seq48,fog,train,train,train/FOG/rgb/48/00000107_rgb.png,train/FOG/nir/48/00000107_nir.png,train/FOG/gtSeg/48/00000107_mask.json,2048,1536
fog_seq48_00000108,fog_seq48,fog,train,train,train/FOG/rgb/48/00000108_rgb.png,train/FOG/nir/48/00000108_nir.png,train/FOG/gtSeg/48/00000108_mask.json,2048,1536
fog_seq48_00000109,fog_seq48,fog,train,train,train/FOG/rgb/48/00000109_rgb.png,train/FOG/nir/48/00000109_nir.png,train/FOG/gtSeg/48/00000109_mask.json,2048,1536
fog_seq48_00000110,fog_seq48,fog,train,train,train/FOG/rgb/48/00000110_rgb.png,train/FOG/nir/48/00000110_nir.png,train/FOG/gtSeg/48/00000110_mask.json,2048,1536
fog_seq48_00000111,fog_seq48,fog,train,train,train/FOG/rgb/48/00000111_rgb.png,train/FOG/nir/48/00000111_nir.png,train/FOG/gtSeg/48/00000111_mask.json,2048,1536
fog_seq48_00000112,fog_seq48,fog,train,train,train/FOG/rgb/48/00000112_rgb.png,train/FOG/nir/48/00000112_nir.png,train/FOG/gtSeg/48/00000112_mask.json,2048,1536
fog_seq48_00000113,fog_seq48,fog,train,train,train/FOG/rgb/48/00000113_rgb.png,train/FOG/nir/48/00000113_nir.png,train/FOG/gtSeg/48/00000113_mask.json,2048,1536
fog_seq48_00000114,fog_seq48,fog,train,train,train/FOG/rgb/48/00000114_rgb.png,train/FOG/nir/48/00000114_nir.png,train/FOG/gtSeg/48/00000114_mask.json,2048,1536
fog_seq48_00000115,fog_seq48,fog,train,train,train/FOG/rgb/48/00000115_rgb.png,train/FOG/nir/48/00000115_nir.png,train/FOG/gtSeg/48/00000115_mask.json,2048,1536
fog_seq48_00000116,fog_seq48,fog,train,train,train/FOG/rgb/48/00000116_rgb.png,train/FOG/nir/48/00000116_nir.png,train/FOG/gtSeg/48/00000116_mask.json,2048,1536
fog_seq48_00000117,fog_seq48,fog,train,train,train/FOG/rgb/48/00000117_rgb.png,train/FOG/nir/48/00000117_nir.png,train/FOG/gtSeg/48/00000117_mask.json,2048,1536
fog_seq48_00000118,fog_seq48,fog,train,train,train/FOG/rgb/48/00000118_rgb.png,train/FOG/nir/48/00000118_nir.png,train/FOG/gtSeg/48/00000118_mask.json,2048,1536
fog_seq48_00000119,fog_seq48,fog,train,train,train/FOG/rgb/48/00000119_rgb.png,train/FOG/nir/48/00000119_nir.png,train/FOG/gtSeg/48/00000119_mask.json,2048,1536
fog_seq48_00000120,fog_seq48,fog,train,train,train/FOG/rgb/48/00000120_rgb.png,train/FOG/nir/48/00000120_nir.png,train/FOG/gtSeg/48/00000120_mask.json,2048,1536
fog_seq48_00000121,fog_seq48,fog,train,train,train/FOG/rgb/48/00000121_rgb.png,train/FOG/nir/48/00000121_nir.png,train/FOG/gtSeg/48/00000121_mask.json,2048,1536
fog_seq48_00000122,fog_seq48,fog,train,train,train/FOG/rgb/48/00000122_rgb.png,train/FOG/nir/48/00000122_nir.png,train/FOG/gtSeg/48/00000122_mask.json,2048,1536
fog_seq48_00000123,fog_seq48,fog,train,train,train/FOG/rgb/48/00000123_rgb.png,train/FOG/nir/48/00000123_nir.png,train/FOG/gtSeg/48/00000123_mask.json,2048,1536
fog_seq48_00000124,fog_seq48,fog,train,train,train/FOG/rgb/48/00000124_rgb.png,train/FOG/nir/48/00000124_nir.png,train/FOG/gtSeg/48/00000124_mask.json,2048,1536
fog_seq48_00000125,fog_seq48,fog,train,train,train/FOG/rgb/48/00000125_rgb.png,train/FOG/nir/48/00000125_nir.png,train/FOG/gtSeg/48/00000125_mask.json,2048,1536
fog_seq48_00000126,fog_seq48,fog,train,train,train/FOG/rgb/48/00000126_rgb.png,train/FOG/nir/48/00000126_nir.png,train/FOG/gtSeg/48/00000126_mask.json,2048,1536
fog_seq48_00000127,fog_seq48,fog,train,train,train/FOG/rgb/48/00000127_rgb.png,train/FOG/nir/48/00000127_nir.png,train/FOG/gtSeg/48/00000127_mask.json,2048,1536
fog_seq48_00000128,fog_seq48,fog,train,train,train/FOG/rgb/48/00000128_rgb.png,train/FOG/nir/48/00000128_nir.png,train/FOG/gtSeg/48/00000128_mask.json,2048,1536
fog_seq48_00000129,fog_seq48,fog,train,train,train/FOG/rgb/48/00000129_rgb.png,train/FOG/nir/48/00000129_nir.png,train/FOG/gtSeg/48/00000129_mask.json,2048,1536
fog_seq48_00000130,fog_seq48,fog,train,train,train/FOG/rgb/48/00000130_rgb.png,train/FOG/nir/48/00000130_nir.png,train/FOG/gtSeg/48/00000130_mask.json,2048,1536
fog_seq48_00000131,fog_seq48,fog,train,train,train/FOG/rgb/48/00000131_rgb.png,train/FOG/nir/48/00000131_nir.png,train/FOG/gtSeg/48/00000131_mask.json,2048,1536
fog_seq48_00000132,fog_seq48,fog,train,train,train/FOG/rgb/48/00000132_rgb.png,train/FOG/nir/48/00000132_nir.png,train/FOG/gtSeg/48/00000132_mask.json,2048,1536
fog_seq48_00000133,fog_seq48,fog,train,train,train/FOG/rgb/48/00000133_rgb.png,train/FOG/nir/48/00000133_nir.png,train/FOG/gtSeg/48/00000133_mask.json,2048,1536
fog_seq48_00000134,fog_seq48,fog,train,train,train/FOG/rgb/48/00000134_rgb.png,train/FOG/nir/48/00000134_nir.png,train/FOG/gtSeg/48/00000134_mask.json,2048,1536
fog_seq48_00000135,fog_seq48,fog,train,train,train/FOG/rgb/48/00000135_rgb.png,train/FOG/nir/48/00000135_nir.png,train/FOG/gtSeg/48/00000135_mask.json,2048,1536
fog_seq48_00000136,fog_seq48,fog,train,train,train/FOG/rgb/48/00000136_rgb.png,train/FOG/nir/48/00000136_nir.png,train/FOG/gtSeg/48/00000136_mask.json,2048,1536
fog_seq48_00000137,fog_seq48,fog,train,train,train/FOG/rgb/48/00000137_rgb.png,train/FOG/nir/48/00000137_nir.png,train/FOG/gtSeg/48/00000137_mask.json,2048,1536
fog_seq48_00000138,fog_seq48,fog,train,train,train/FOG/rgb/48/00000138_rgb.png,train/FOG/nir/48/00000138_nir.png,train/FOG/gtSeg/48/00000138_mask.json,2048,1536
fog_seq48_00000139,fog_seq48,fog,train,train,train/FOG/rgb/48/00000139_rgb.png,train/FOG/nir/48/00000139_nir.png,train/FOG/gtSeg/48/00000139_mask.json,2048,1536
fog_seq48_00000140,fog_seq48,fog,train,train,train/FOG/rgb/48/00000140_rgb.png,train/FOG/nir/48/00000140_nir.png,train/FOG/gtSeg/48/00000140_mask.json,2048,1536
fog_seq48_00000141,fog_seq48,fog,train,train,train/FOG/rgb/48/00000141_rgb.png,train/FOG/nir/48/00000141_nir.png,train/FOG/gtSeg/48/00000141_mask.json,2048,1536
fog_seq48_00000142,fog_seq48,fog,train,train,train/FOG/rgb/48/00000142_rgb.png,train/FOG/nir/48/00000142_nir.png,train/FOG/gtSeg/48/00000142_mask.json,2048,1536
fog_seq48_00000143,fog_seq48,fog,train,train,train/FOG/rgb/48/00000143_rgb.png,train/FOG/nir/48/00000143_nir.png,train/FOG/gtSeg/48/00000143_mask.json,2048,1536
fog_seq48_00000144,fog_seq48,fog,train,train,train/FOG/rgb/48/00000144_rgb.png,train/FOG/nir/48/00000144_nir.png,train/FOG/gtSeg/48/00000144_mask.json,2048,1536
fog_seq48_00000145,fog_seq48,fog,train,train,train/FOG/rgb/48/00000145_rgb.png,train/FOG/nir/48/00000145_nir.png,train/FOG/gtSeg/48/00000145_mask.json,2048,1536
fog_seq48_00000146,fog_seq48,fog,train,train,train/FOG/rgb/48/00000146_rgb.png,train/FOG/nir/48/00000146_nir.png,train/FOG/gtSeg/48/00000146_mask.json,2048,1536
fog_seq48_00000147,fog_seq48,fog,train,train,train/FOG/rgb/48/00000147_rgb.png,train/FOG/nir/48/00000147_nir.png,train/FOG/gtSeg/48/00000147_mask.json,2048,1536
fog_seq48_00000148,fog_seq48,fog,train,train,train/FOG/rgb/48/00000148_rgb.png,train/FOG/nir/48/00000148_nir.png,train/FOG/gtSeg/48/00000148_mask.json,2048,1536
fog_seq48_00000149,fog_seq48,fog,train,train,train/FOG/rgb/48/00000149_rgb.png,train/FOG/nir/48/00000149_nir.png,train/FOG/gtSeg/48/00000149_mask.json,2048,1536
fog_seq48_00000150,fog_seq48,fog,train,train,train/FOG/rgb/48/00000150_rgb.png,train/FOG/nir/48/00000150_nir.png,train/FOG/gtSeg/48/00000150_mask.json,2048,1536
fog_seq49_00000000,fog_seq49,fog,train,test,train/FOG/rgb/49/00000000_rgb.png,train/FOG/nir/49/00000000_nir.png,train/FOG/gtSeg/49/00000000_mask.json,2048,1536
fog_seq49_00000001,fog_seq49,fog,train,test,train/FOG/rgb/49/00000001_rgb.png,train/FOG/nir/49/00000001_nir.png,train/FOG/gtSeg/49/00000001_mask.json,2048,1536
fog_seq49_00000002,fog_seq49,fog,train,test,train/FOG/rgb/49/00000002_rgb.png,train/FOG/nir/49/00000002_nir.png,train/FOG/gtSeg/49/00000002_mask.json,2048,1536
fog_seq49_00000003,fog_seq49,fog,train,test,train/FOG/rgb/49/00000003_rgb.png,train/FOG/nir/49/00000003_nir.png,train/FOG/gtSeg/49/00000003_mask.json,2048,1536
fog_seq49_00000004,fog_seq49,fog,train,test,train/FOG/rgb/49/00000004_rgb.png,train/FOG/nir/49/00000004_nir.png,train/FOG/gtSeg/49/00000004_mask.json,2048,1536
fog_seq49_00000005,fog_seq49,fog,train,test,train/FOG/rgb/49/00000005_rgb.png,train/FOG/nir/49/00000005_nir.png,train/FOG/gtSeg/49/00000005_mask.json,2048,1536
fog_seq49_00000006,fog_seq49,fog,train,test,train/FOG/rgb/49/00000006_rgb.png,train/FOG/nir/49/00000006_nir.png,train/FOG/gtSeg/49/00000006_mask.json,2048,1536
fog_seq49_00000007,fog_seq49,fog,train,test,train/FOG/rgb/49/00000007_rgb.png,train/FOG/nir/49/00000007_nir.png,train/FOG/gtSeg/49/00000007_mask.json,2048,1536
fog_seq49_00000008,fog_seq49,fog,train,test,train/FOG/rgb/49/00000008_rgb.png,train/FOG/nir/49/00000008_nir.png,train/FOG/gtSeg/49/00000008_mask.json,2048,1536
fog_seq49_00000009,fog_seq49,fog,train,test,train/FOG/rgb/49/00000009_rgb.png,train/FOG/nir/49/00000009_nir.png,train/FOG/gtSeg/49/00000009_mask.json,2048,1536
fog_seq49_00000010,fog_seq49,fog,train,test,train/FOG/rgb/49/00000010_rgb.png,train/FOG/nir/49/00000010_nir.png,train/FOG/gtSeg/49/00000010_mask.json,2048,1536
fog_seq49_00000011,fog_seq49,fog,train,test,train/FOG/rgb/49/00000011_rgb.png,train/FOG/nir/49/00000011_nir.png,train/FOG/gtSeg/49/00000011_mask.json,2048,1536
fog_seq49_00000012,fog_seq49,fog,train,test,train/FOG/rgb/49/00000012_rgb.png,train/FOG/nir/49/00000012_nir.png,train/FOG/gtSeg/49/00000012_mask.json,2048,1536
fog_seq49_00000013,fog_seq49,fog,train,test,train/FOG/rgb/49/00000013_rgb.png,train/FOG/nir/49/00000013_nir.png,train/FOG/gtSeg/49/00000013_mask.json,2048,1536
fog_seq49_00000014,fog_seq49,fog,train,test,train/FOG/rgb/49/00000014_rgb.png,train/FOG/nir/49/00000014_nir.png,train/FOG/gtSeg/49/00000014_mask.json,2048,1536
fog_seq49_00000015,fog_seq49,fog,train,test,train/FOG/rgb/49/00000015_rgb.png,train/FOG/nir/49/00000015_nir.png,train/FOG/gtSeg/49/00000015_mask.json,2048,1536
fog_seq49_00000016,fog_seq49,fog,train,test,train/FOG/rgb/49/00000016_rgb.png,train/FOG/nir/49/00000016_nir.png,train/FOG/gtSeg/49/00000016_mask.json,2048,1536
fog_seq49_00000017,fog_seq49,fog,train,test,train/FOG/rgb/49/00000017_rgb.png,train/FOG/nir/49/00000017_nir.png,train/FOG/gtSeg/49/00000017_mask.json,2048,1536
fog_seq49_00000018,fog_seq49,fog,train,test,train/FOG/rgb/49/00000018_rgb.png,train/FOG/nir/49/00000018_nir.png,train/FOG/gtSeg/49/00000018_mask.json,2048,1536
fog_seq49_00000019,fog_seq49,fog,train,test,train/FOG/rgb/49/00000019_rgb.png,train/FOG/nir/49/00000019_nir.png,train/FOG/gtSeg/49/00000019_mask.json,2048,1536
fog_seq49_00000020,fog_seq49,fog,train,test,train/FOG/rgb/49/00000020_rgb.png,train/FOG/nir/49/00000020_nir.png,train/FOG/gtSeg/49/00000020_mask.json,2048,1536
fog_seq49_00000021,fog_seq49,fog,train,test,train/FOG/rgb/49/00000021_rgb.png,train/FOG/nir/49/00000021_nir.png,train/FOG/gtSeg/49/00000021_mask.json,2048,1536
fog_seq49_00000022,fog_seq49,fog,train,test,train/FOG/rgb/49/00000022_rgb.png,train/FOG/nir/49/00000022_nir.png,train/FOG/gtSeg/49/00000022_mask.json,2048,1536
fog_seq49_00000023,fog_seq49,fog,train,test,train/FOG/rgb/49/00000023_rgb.png,train/FOG/nir/49/00000023_nir.png,train/FOG/gtSeg/49/00000023_mask.json,2048,1536
fog_seq49_00000024,fog_seq49,fog,train,test,train/FOG/rgb/49/00000024_rgb.png,train/FOG/nir/49/00000024_nir.png,train/FOG/gtSeg/49/00000024_mask.json,2048,1536
fog_seq49_00000025,fog_seq49,fog,train,test,train/FOG/rgb/49/00000025_rgb.png,train/FOG/nir/49/00000025_nir.png,train/FOG/gtSeg/49/00000025_mask.json,2048,1536
fog_seq49_00000026,fog_seq49,fog,train,test,train/FOG/rgb/49/00000026_rgb.png,train/FOG/nir/49/00000026_nir.png,train/FOG/gtSeg/49/00000026_mask.json,2048,1536
fog_seq49_00000027,fog_seq49,fog,train,test,train/FOG/rgb/49/00000027_rgb.png,train/FOG/nir/49/00000027_nir.png,train/FOG/gtSeg/49/00000027_mask.json,2048,1536
fog_seq49_00000028,fog_seq49,fog,train,test,train/FOG/rgb/49/00000028_rgb.png,train/FOG/nir/49/00000028_nir.png,train/FOG/gtSeg/49/00000028_mask.json,2048,1536
fog_seq49_00000029,fog_seq49,fog,train,test,train/FOG/rgb/49/00000029_rgb.png,train/FOG/nir/49/00000029_nir.png,train/FOG/gtSeg/49/00000029_mask.json,2048,1536
fog_seq49_00000030,fog_seq49,fog,train,test,train/FOG/rgb/49/00000030_rgb.png,train/FOG/nir/49/00000030_nir.png,train/FOG/gtSeg/49/00000030_mask.json,2048,1536
fog_seq49_00000031,fog_seq49,fog,train,test,train/FOG/rgb/49/00000031_rgb.png,train/FOG/nir/49/00000031_nir.png,train/FOG/gtSeg/49/00000031_mask.json,2048,1536
fog_seq49_00000032,fog_seq49,fog,train,test,train/FOG/rgb/49/00000032_rgb.png,train/FOG/nir/49/00000032_nir.png,train/FOG/gtSeg/49/00000032_mask.json,2048,1536
fog_seq49_00000033,fog_seq49,fog,train,test,train/FOG/rgb/49/00000033_rgb.png,train/FOG/nir/49/00000033_nir.png,train/FOG/gtSeg/49/00000033_mask.json,2048,1536
fog_seq49_00000034,fog_seq49,fog,train,test,train/FOG/rgb/49/00000034_rgb.png,train/FOG/nir/49/00000034_nir.png,train/FOG/gtSeg/49/00000034_mask.json,2048,1536
fog_seq49_00000035,fog_seq49,fog,train,test,train/FOG/rgb/49/00000035_rgb.png,train/FOG/nir/49/00000035_nir.png,train/FOG/gtSeg/49/00000035_mask.json,2048,1536
fog_seq49_00000036,fog_seq49,fog,train,test,train/FOG/rgb/49/00000036_rgb.png,train/FOG/nir/49/00000036_nir.png,train/FOG/gtSeg/49/00000036_mask.json,2048,1536
fog_seq49_00000037,fog_seq49,fog,train,test,train/FOG/rgb/49/00000037_rgb.png,train/FOG/nir/49/00000037_nir.png,train/FOG/gtSeg/49/00000037_mask.json,2048,1536
fog_seq49_00000038,fog_seq49,fog,train,test,train/FOG/rgb/49/00000038_rgb.png,train/FOG/nir/49/00000038_nir.png,train/FOG/gtSeg/49/00000038_mask.json,2048,1536
fog_seq49_00000039,fog_seq49,fog,train,test,train/FOG/rgb/49/00000039_rgb.png,train/FOG/nir/49/00000039_nir.png,train/FOG/gtSeg/49/00000039_mask.json,2048,1536
fog_seq49_00000040,fog_seq49,fog,train,test,train/FOG/rgb/49/00000040_rgb.png,train/FOG/nir/49/00000040_nir.png,train/FOG/gtSeg/49/00000040_mask.json,2048,1536
fog_seq49_00000041,fog_seq49,fog,train,test,train/FOG/rgb/49/00000041_rgb.png,train/FOG/nir/49/00000041_nir.png,train/FOG/gtSeg/49/00000041_mask.json,2048,1536
fog_seq49_00000042,fog_seq49,fog,train,test,train/FOG/rgb/49/00000042_rgb.png,train/FOG/nir/49/00000042_nir.png,train/FOG/gtSeg/49/00000042_mask.json,2048,1536
fog_seq49_00000043,fog_seq49,fog,train,test,train/FOG/rgb/49/00000043_rgb.png,train/FOG/nir/49/00000043_nir.png,train/FOG/gtSeg/49/00000043_mask.json,2048,1536
fog_seq49_00000044,fog_seq49,fog,train,test,train/FOG/rgb/49/00000044_rgb.png,train/FOG/nir/49/00000044_nir.png,train/FOG/gtSeg/49/00000044_mask.json,2048,1536
fog_seq49_00000045,fog_seq49,fog,train,test,train/FOG/rgb/49/00000045_rgb.png,train/FOG/nir/49/00000045_nir.png,train/FOG/gtSeg/49/00000045_mask.json,2048,1536
fog_seq49_00000046,fog_seq49,fog,train,test,train/FOG/rgb/49/00000046_rgb.png,train/FOG/nir/49/00000046_nir.png,train/FOG/gtSeg/49/00000046_mask.json,2048,1536
fog_seq49_00000047,fog_seq49,fog,train,test,train/FOG/rgb/49/00000047_rgb.png,train/FOG/nir/49/00000047_nir.png,train/FOG/gtSeg/49/00000047_mask.json,2048,1536
fog_seq49_00000048,fog_seq49,fog,train,test,train/FOG/rgb/49/00000048_rgb.png,train/FOG/nir/49/00000048_nir.png,train/FOG/gtSeg/49/00000048_mask.json,2048,1536
fog_seq49_00000049,fog_seq49,fog,train,test,train/FOG/rgb/49/00000049_rgb.png,train/FOG/nir/49/00000049_nir.png,train/FOG/gtSeg/49/00000049_mask.json,2048,1536
fog_seq49_00000050,fog_seq49,fog,train,test,train/FOG/rgb/49/00000050_rgb.png,train/FOG/nir/49/00000050_nir.png,train/FOG/gtSeg/49/00000050_mask.json,2048,1536
fog_seq49_00000051,fog_seq49,fog,train,test,train/FOG/rgb/49/00000051_rgb.png,train/FOG/nir/49/00000051_nir.png,train/FOG/gtSeg/49/00000051_mask.json,2048,1536
fog_seq49_00000052,fog_seq49,fog,train,test,train/FOG/rgb/49/00000052_rgb.png,train/FOG/nir/49/00000052_nir.png,train/FOG/gtSeg/49/00000052_mask.json,2048,1536
fog_seq49_00000053,fog_seq49,fog,train,test,train/FOG/rgb/49/00000053_rgb.png,train/FOG/nir/49/00000053_nir.png,train/FOG/gtSeg/49/00000053_mask.json,2048,1536
fog_seq49_00000054,fog_seq49,fog,train,test,train/FOG/rgb/49/00000054_rgb.png,train/FOG/nir/49/00000054_nir.png,train/FOG/gtSeg/49/00000054_mask.json,2048,1536
fog_seq49_00000055,fog_seq49,fog,train,test,train/FOG/rgb/49/00000055_rgb.png,train/FOG/nir/49/00000055_nir.png,train/FOG/gtSeg/49/00000055_mask.json,2048,1536
fog_seq49_00000056,fog_seq49,fog,train,test,train/FOG/rgb/49/00000056_rgb.png,train/FOG/nir/49/00000056_nir.png,train/FOG/gtSeg/49/00000056_mask.json,2048,1536
fog_seq49_00000057,fog_seq49,fog,train,test,train/FOG/rgb/49/00000057_rgb.png,train/FOG/nir/49/00000057_nir.png,train/FOG/gtSeg/49/00000057_mask.json,2048,1536
fog_seq49_00000058,fog_seq49,fog,train,test,train/FOG/rgb/49/00000058_rgb.png,train/FOG/nir/49/00000058_nir.png,train/FOG/gtSeg/49/00000058_mask.json,2048,1536
fog_seq49_00000059,fog_seq49,fog,train,test,train/FOG/rgb/49/00000059_rgb.png,train/FOG/nir/49/00000059_nir.png,train/FOG/gtSeg/49/00000059_mask.json,2048,1536
fog_seq49_00000060,fog_seq49,fog,train,test,train/FOG/rgb/49/00000060_rgb.png,train/FOG/nir/49/00000060_nir.png,train/FOG/gtSeg/49/00000060_mask.json,2048,1536
fog_seq49_00000061,fog_seq49,fog,train,test,train/FOG/rgb/49/00000061_rgb.png,train/FOG/nir/49/00000061_nir.png,train/FOG/gtSeg/49/00000061_mask.json,2048,1536
fog_seq49_00000062,fog_seq49,fog,train,test,train/FOG/rgb/49/00000062_rgb.png,train/FOG/nir/49/00000062_nir.png,train/FOG/gtSeg/49/00000062_mask.json,2048,1536
fog_seq49_00000063,fog_seq49,fog,train,test,train/FOG/rgb/49/00000063_rgb.png,train/FOG/nir/49/00000063_nir.png,train/FOG/gtSeg/49/00000063_mask.json,2048,1536
fog_seq49_00000064,fog_seq49,fog,train,test,train/FOG/rgb/49/00000064_rgb.png,train/FOG/nir/49/00000064_nir.png,train/FOG/gtSeg/49/00000064_mask.json,2048,1536
fog_seq49_00000065,fog_seq49,fog,train,test,train/FOG/rgb/49/00000065_rgb.png,train/FOG/nir/49/00000065_nir.png,train/FOG/gtSeg/49/00000065_mask.json,2048,1536
fog_seq49_00000066,fog_seq49,fog,train,test,train/FOG/rgb/49/00000066_rgb.png,train/FOG/nir/49/00000066_nir.png,train/FOG/gtSeg/49/00000066_mask.json,2048,1536
fog_seq49_00000067,fog_seq49,fog,train,test,train/FOG/rgb/49/00000067_rgb.png,train/FOG/nir/49/00000067_nir.png,train/FOG/gtSeg/49/00000067_mask.json,2048,1536
fog_seq49_00000068,fog_seq49,fog,train,test,train/FOG/rgb/49/00000068_rgb.png,train/FOG/nir/49/00000068_nir.png,train/FOG/gtSeg/49/00000068_mask.json,2048,1536
fog_seq49_00000069,fog_seq49,fog,train,test,train/FOG/rgb/49/00000069_rgb.png,train/FOG/nir/49/00000069_nir.png,train/FOG/gtSeg/49/00000069_mask.json,2048,1536
fog_seq49_00000070,fog_seq49,fog,train,test,train/FOG/rgb/49/00000070_rgb.png,train/FOG/nir/49/00000070_nir.png,train/FOG/gtSeg/49/00000070_mask.json,2048,1536
fog_seq49_00000071,fog_seq49,fog,train,test,train/FOG/rgb/49/00000071_rgb.png,train/FOG/nir/49/00000071_nir.png,train/FOG/gtSeg/49/00000071_mask.json,2048,1536
fog_seq49_00000072,fog_seq49,fog,train,test,train/FOG/rgb/49/00000072_rgb.png,train/FOG/nir/49/00000072_nir.png,train/FOG/gtSeg/49/00000072_mask.json,2048,1536
fog_seq49_00000073,fog_seq49,fog,train,test,train/FOG/rgb/49/00000073_rgb.png,train/FOG/nir/49/00000073_nir.png,train/FOG/gtSeg/49/00000073_mask.json,2048,1536
fog_seq49_00000074,fog_seq49,fog,train,test,train/FOG/rgb/49/00000074_rgb.png,train/FOG/nir/49/00000074_nir.png,train/FOG/gtSeg/49/00000074_mask.json,2048,1536
fog_seq49_00000075,fog_seq49,fog,train,test,train/FOG/rgb/49/00000075_rgb.png,train/FOG/nir/49/00000075_nir.png,train/FOG/gtSeg/49/00000075_mask.json,2048,1536
fog_seq49_00000076,fog_seq49,fog,train,test,train/FOG/rgb/49/00000076_rgb.png,train/FOG/nir/49/00000076_nir.png,train/FOG/gtSeg/49/00000076_mask.json,2048,1536
fog_seq49_00000077,fog_seq49,fog,train,test,train/FOG/rgb/49/00000077_rgb.png,train/FOG/nir/49/00000077_nir.png,train/FOG/gtSeg/49/00000077_mask.json,2048,1536
fog_seq49_00000078,fog_seq49,fog,train,test,train/FOG/rgb/49/00000078_rgb.png,train/FOG/nir/49/00000078_nir.png,train/FOG/gtSeg/49/00000078_mask.json,2048,1536
fog_seq49_00000079,fog_seq49,fog,train,test,train/FOG/rgb/49/00000079_rgb.png,train/FOG/nir/49/00000079_nir.png,train/FOG/gtSeg/49/00000079_mask.json,2048,1536
fog_seq49_00000080,fog_seq49,fog,train,test,train/FOG/rgb/49/00000080_rgb.png,train/FOG/nir/49/00000080_nir.png,train/FOG/gtSeg/49/00000080_mask.json,2048,1536
fog_seq49_00000081,fog_seq49,fog,train,test,train/FOG/rgb/49/00000081_rgb.png,train/FOG/nir/49/00000081_nir.png,train/FOG/gtSeg/49/00000081_mask.json,2048,1536
fog_seq49_00000082,fog_seq49,fog,train,test,train/FOG/rgb/49/00000082_rgb.png,train/FOG/nir/49/00000082_nir.png,train/FOG/gtSeg/49/00000082_mask.json,2048,1536
fog_seq49_00000083,fog_seq49,fog,train,test,train/FOG/rgb/49/00000083_rgb.png,train/FOG/nir/49/00000083_nir.png,train/FOG/gtSeg/49/00000083_mask.json,2048,1536
fog_seq49_00000084,fog_seq49,fog,train,test,train/FOG/rgb/49/00000084_rgb.png,train/FOG/nir/49/00000084_nir.png,train/FOG/gtSeg/49/00000084_mask.json,2048,1536
fog_seq49_00000085,fog_seq49,fog,train,test,train/FOG/rgb/49/00000085_rgb.png,train/FOG/nir/49/00000085_nir.png,train/FOG/gtSeg/49/00000085_mask.json,2048,1536
fog_seq49_00000086,fog_seq49,fog,train,test,train/FOG/rgb/49/00000086_rgb.png,train/FOG/nir/49/00000086_nir.png,train/FOG/gtSeg/49/00000086_mask.json,2048,1536
fog_seq49_00000087,fog_seq49,fog,train,test,train/FOG/rgb/49/00000087_rgb.png,train/FOG/nir/49/00000087_nir.png,train/FOG/gtSeg/49/00000087_mask.json,2048,1536
fog_seq49_00000088,fog_seq49,fog,train,test,train/FOG/rgb/49/00000088_rgb.png,train/FOG/nir/49/00000088_nir.png,train/FOG/gtSeg/49/00000088_mask.json,2048,1536
fog_seq49_00000089,fog_seq49,fog,train,test,train/FOG/rgb/49/00000089_rgb.png,train/FOG/nir/49/00000089_nir.png,train/FOG/gtSeg/49/00000089_mask.json,2048,1536
fog_seq49_00000090,fog_seq49,fog,train,test,train/FOG/rgb/49/00000090_rgb.png,train/FOG/nir/49/00000090_nir.png,train/FOG/gtSeg/49/00000090_mask.json,2048,1536
fog_seq49_00000091,fog_seq49,fog,train,test,train/FOG/rgb/49/00000091_rgb.png,train/FOG/nir/49/00000091_nir.png,train/FOG/gtSeg/49/00000091_mask.json,2048,1536
fog_seq49_00000092,fog_seq49,fog,train,test,train/FOG/rgb/49/00000092_rgb.png,train/FOG/nir/49/00000092_nir.png,train/FOG/gtSeg/49/00000092_mask.json,2048,1536
fog_seq49_00000093,fog_seq49,fog,train,test,train/FOG/rgb/49/00000093_rgb.png,train/FOG/nir/49/00000093_nir.png,train/FOG/gtSeg/49/00000093_mask.json,2048,1536
fog_seq49_00000094,fog_seq49,fog,train,test,train/FOG/rgb/49/00000094_rgb.png,train/FOG/nir/49/00000094_nir.png,train/FOG/gtSeg/49/00000094_mask.json,2048,1536
fog_seq49_00000095,fog_seq49,fog,train,test,train/FOG/rgb/49/00000095_rgb.png,train/FOG/nir/49/00000095_nir.png,train/FOG/gtSeg/49/00000095_mask.json,2048,1536
fog_seq49_00000096,fog_seq49,fog,train,test,train/FOG/rgb/49/00000096_rgb.png,train/FOG/nir/49/00000096_nir.png,train/FOG/gtSeg/49/00000096_mask.json,2048,1536
fog_seq49_00000097,fog_seq49,fog,train,test,train/FOG/rgb/49/00000097_rgb.png,train/FOG/nir/49/00000097_nir.png,train/FOG/gtSeg/49/00000097_mask.json,2048,1536
fog_seq49_00000098,fog_seq49,fog,train,test,train/FOG/rgb/49/00000098_rgb.png,train/FOG/nir/49/00000098_nir.png,train/FOG/gtSeg/49/00000098_mask.json,2048,1536
fog_seq49_00000099,fog_seq49,fog,train,test,train/FOG/rgb/49/00000099_rgb.png,train/FOG/nir/49/00000099_nir.png,train/FOG/gtSeg/49/00000099_mask.json,2048,1536
fog_seq49_00000100,fog_seq49,fog,train,test,train/FOG/rgb/49/00000100_rgb.png,train/FOG/nir/49/00000100_nir.png,train/FOG/gtSeg/49/00000100_mask.json,2048,1536
fog_seq49_00000101,fog_seq49,fog,train,test,train/FOG/rgb/49/00000101_rgb.png,train/FOG/nir/49/00000101_nir.png,train/FOG/gtSeg/49/00000101_mask.json,2048,1536
fog_seq49_00000102,fog_seq49,fog,train,test,train/FOG/rgb/49/00000102_rgb.png,train/FOG/nir/49/00000102_nir.png,train/FOG/gtSeg/49/00000102_mask.json,2048,1536
fog_seq49_00000103,fog_seq49,fog,train,test,train/FOG/rgb/49/00000103_rgb.png,train/FOG/nir/49/00000103_nir.png,train/FOG/gtSeg/49/00000103_mask.json,2048,1536
fog_seq49_00000104,fog_seq49,fog,train,test,train/FOG/rgb/49/00000104_rgb.png,train/FOG/nir/49/00000104_nir.png,train/FOG/gtSeg/49/00000104_mask.json,2048,1536
fog_seq49_00000105,fog_seq49,fog,train,test,train/FOG/rgb/49/00000105_rgb.png,train/FOG/nir/49/00000105_nir.png,train/FOG/gtSeg/49/00000105_mask.json,2048,1536
fog_seq49_00000106,fog_seq49,fog,train,test,train/FOG/rgb/49/00000106_rgb.png,train/FOG/nir/49/00000106_nir.png,train/FOG/gtSeg/49/00000106_mask.json,2048,1536
fog_seq49_00000107,fog_seq49,fog,train,test,train/FOG/rgb/49/00000107_rgb.png,train/FOG/nir/49/00000107_nir.png,train/FOG/gtSeg/49/00000107_mask.json,2048,1536
fog_seq49_00000108,fog_seq49,fog,train,test,train/FOG/rgb/49/00000108_rgb.png,train/FOG/nir/49/00000108_nir.png,train/FOG/gtSeg/49/00000108_mask.json,2048,1536
fog_seq49_00000109,fog_seq49,fog,train,test,train/FOG/rgb/49/00000109_rgb.png,train/FOG/nir/49/00000109_nir.png,train/FOG/gtSeg/49/00000109_mask.json,2048,1536
fog_seq49_00000110,fog_seq49,fog,train,test,train/FOG/rgb/49/00000110_rgb.png,train/FOG/nir/49/00000110_nir.png,train/FOG/gtSeg/49/00000110_mask.json,2048,1536
fog_seq49_00000111,fog_seq49,fog,train,test,train/FOG/rgb/49/00000111_rgb.png,train/FOG/nir/49/00000111_nir.png,train/FOG/gtSeg/49/00000111_mask.json,2048,1536
fog_seq49_00000112,fog_seq49,fog,train,test,train/FOG/rgb/49/00000112_rgb.png,train/FOG/nir/49/00000112_nir.png,train/FOG/gtSeg/49/00000112_mask.json,2048,1536
fog_seq49_00000113,fog_seq49,fog,train,test,train/FOG/rgb/49/00000113_rgb.png,train/FOG/nir/49/00000113_nir.png,train/FOG/gtSeg/49/00000113_mask.json,2048,1536
fog_seq49_00000114,fog_seq49,fog,train,test,train/FOG/rgb/49/00000114_rgb.png,train/FOG/nir/49/00000114_nir.png,train/FOG/gtSeg/49/00000114_mask.json,2048,1536
fog_seq49_00000115,fog_seq49,fog,train,test,train/FOG/rgb/49/00000115_rgb.png,train/FOG/nir/49/00000115_nir.png,train/FOG/gtSeg/49/00000115_mask.json,2048,1536
fog_seq49_00000116,fog_seq49,fog,train,test,train/FOG/rgb/49/00000116_rgb.png,train/FOG/nir/49/00000116_nir.png,train/FOG/gtSeg/49/00000116_mask.json,2048,1536
fog_seq49_00000117,fog_seq49,fog,train,test,train/FOG/rgb/49/00000117_rgb.png,train/FOG/nir/49/00000117_nir.png,train/FOG/gtSeg/49/00000117_mask.json,2048,1536
fog_seq49_00000118,fog_seq49,fog,train,test,train/FOG/rgb/49/00000118_rgb.png,train/FOG/nir/49/00000118_nir.png,train/FOG/gtSeg/49/00000118_mask.json,2048,1536
fog_seq49_00000119,fog_seq49,fog,train,test,train/FOG/rgb/49/00000119_rgb.png,train/FOG/nir/49/00000119_nir.png,train/FOG/gtSeg/49/00000119_mask.json,2048,1536
fog_seq49_00000120,fog_seq49,fog,train,test,train/FOG/rgb/49/00000120_rgb.png,train/FOG/nir/49/00000120_nir.png,train/FOG/gtSeg/49/00000120_mask.json,2048,1536
fog_seq49_00000121,fog_seq49,fog,train,test,train/FOG/rgb/49/00000121_rgb.png,train/FOG/nir/49/00000121_nir.png,train/FOG/gtSeg/49/00000121_mask.json,2048,1536
fog_seq49_00000122,fog_seq49,fog,train,test,train/FOG/rgb/49/00000122_rgb.png,train/FOG/nir/49/00000122_nir.png,train/FOG/gtSeg/49/00000122_mask.json,2048,1536
fog_seq49_00000123,fog_seq49,fog,train,test,train/FOG/rgb/49/00000123_rgb.png,train/FOG/nir/49/00000123_nir.png,train/FOG/gtSeg/49/00000123_mask.json,2048,1536
fog_seq49_00000124,fog_seq49,fog,train,test,train/FOG/rgb/49/00000124_rgb.png,train/FOG/nir/49/00000124_nir.png,train/FOG/gtSeg/49/00000124_mask.json,2048,1536
fog_seq49_00000125,fog_seq49,fog,train,test,train/FOG/rgb/49/00000125_rgb.png,train/FOG/nir/49/00000125_nir.png,train/FOG/gtSeg/49/00000125_mask.json,2048,1536
fog_seq49_00000126,fog_seq49,fog,train,test,train/FOG/rgb/49/00000126_rgb.png,train/FOG/nir/49/00000126_nir.png,train/FOG/gtSeg/49/00000126_mask.json,2048,1536
fog_seq49_00000127,fog_seq49,fog,train,test,train/FOG/rgb/49/00000127_rgb.png,train/FOG/nir/49/00000127_nir.png,train/FOG/gtSeg/49/00000127_mask.json,2048,1536
fog_seq49_00000128,fog_seq49,fog,train,test,train/FOG/rgb/49/00000128_rgb.png,train/FOG/nir/49/00000128_nir.png,train/FOG/gtSeg/49/00000128_mask.json,2048,1536
fog_seq49_00000129,fog_seq49,fog,train,test,train/FOG/rgb/49/00000129_rgb.png,train/FOG/nir/49/00000129_nir.png,train/FOG/gtSeg/49/00000129_mask.json,2048,1536
fog_seq49_00000130,fog_seq49,fog,train,test,train/FOG/rgb/49/00000130_rgb.png,train/FOG/nir/49/00000130_nir.png,train/FOG/gtSeg/49/00000130_mask.json,2048,1536
fog_seq49_00000131,fog_seq49,fog,train,test,train/FOG/rgb/49/00000131_rgb.png,train/FOG/nir/49/00000131_nir.png,train/FOG/gtSeg/49/00000131_mask.json,2048,1536
fog_seq49_00000132,fog_seq49,fog,train,test,train/FOG/rgb/49/00000132_rgb.png,train/FOG/nir/49/00000132_nir.png,train/FOG/gtSeg/49/00000132_mask.json,2048,1536
fog_seq49_00000133,fog_seq49,fog,train,test,train/FOG/rgb/49/00000133_rgb.png,train/FOG/nir/49/00000133_nir.png,train/FOG/gtSeg/49/00000133_mask.json,2048,1536
fog_seq49_00000134,fog_seq49,fog,train,test,train/FOG/rgb/49/00000134_rgb.png,train/FOG/nir/49/00000134_nir.png,train/FOG/gtSeg/49/00000134_mask.json,2048,1536
fog_seq49_00000135,fog_seq49,fog,train,test,train/FOG/rgb/49/00000135_rgb.png,train/FOG/nir/49/00000135_nir.png,train/FOG/gtSeg/49/00000135_mask.json,2048,1536
fog_seq49_00000136,fog_seq49,fog,train,test,train/FOG/rgb/49/00000136_rgb.png,train/FOG/nir/49/00000136_nir.png,train/FOG/gtSeg/49/00000136_mask.json,2048,1536
fog_seq49_00000137,fog_seq49,fog,train,test,train/FOG/rgb/49/00000137_rgb.png,train/FOG/nir/49/00000137_nir.png,train/FOG/gtSeg/49/00000137_mask.json,2048,1536
fog_seq49_00000138,fog_seq49,fog,train,test,train/FOG/rgb/49/00000138_rgb.png,train/FOG/nir/49/00000138_nir.png,train/FOG/gtSeg/49/00000138_mask.json,2048,1536
fog_seq49_00000139,fog_seq49,fog,train,test,train/FOG/rgb/49/00000139_rgb.png,train/FOG/nir/49/00000139_nir.png,train/FOG/gtSeg/49/00000139_mask.json,2048,1536
fog_seq49_00000140,fog_seq49,fog,train,test,train/FOG/rgb/49/00000140_rgb.png,train/FOG/nir/49/00000140_nir.png,train/FOG/gtSeg/49/00000140_mask.json,2048,1536
fog_seq49_00000141,fog_seq49,fog,train,test,train/FOG/rgb/49/00000141_rgb.png,train/FOG/nir/49/00000141_nir.png,train/FOG/gtSeg/49/00000141_mask.json,2048,1536
fog_seq49_00000142,fog_seq49,fog,train,test,train/FOG/rgb/49/00000142_rgb.png,train/FOG/nir/49/00000142_nir.png,train/FOG/gtSeg/49/00000142_mask.json,2048,1536
fog_seq49_00000143,fog_seq49,fog,train,test,train/FOG/rgb/49/00000143_rgb.png,train/FOG/nir/49/00000143_nir.png,train/FOG/gtSeg/49/00000143_mask.json,2048,1536
fog_seq49_00000144,fog_seq49,fog,train,test,train/FOG/rgb/49/00000144_rgb.png,train/FOG/nir/49/00000144_nir.png,train/FOG/gtSeg/49/00000144_mask.json,2048,1536
fog_seq49_00000145,fog_seq49,fog,train,test,train/FOG/rgb/49/00000145_rgb.png,train/FOG/nir/49/00000145_nir.png,train/FOG/gtSeg/49/00000145_mask.json,2048,1536
fog_seq49_00000146,fog_seq49,fog,train,test,train/FOG/rgb/49/00000146_rgb.png,train/FOG/nir/49/00000146_nir.png,train/FOG/gtSeg/49/00000146_mask.json,2048,1536
fog_seq49_00000147,fog_seq49,fog,train,test,train/FOG/rgb/49/00000147_rgb.png,train/FOG/nir/49/00000147_nir.png,train/FOG/gtSeg/49/00000147_mask.json,2048,1536
fog_seq49_00000148,fog_seq49,fog,train,test,train/FOG/rgb/49/00000148_rgb.png,train/FOG/nir/49/00000148_nir.png,train/FOG/gtSeg/49/00000148_mask.json,2048,1536
fog_seq49_00000149,fog_seq49,fog,train,test,train/FOG/rgb/49/00000149_rgb.png,train/FOG/nir/49/00000149_nir.png,train/FOG/gtSeg/49/00000149_mask.json,2048,1536
fog_seq49_00000150,fog_seq49,fog,train,test,train/FOG/rgb/49/00000150_rgb.png,train/FOG/nir/49/00000150_nir.png,train/FOG/gtSeg/49/00000150_mask.json,2048,1536
fog_seq49_00000151,fog_seq49,fog,train,test,train/FOG/rgb/49/00000151_rgb.png,train/FOG/nir/49/00000151_nir.png,train/FOG/gtSeg/49/00000151_mask.json,2048,1536
fog_seq49_00000152,fog_seq49,fog,train,test,train/FOG/rgb/49/00000152_rgb.png,train/FOG/nir/49/00000152_nir.png,train/FOG/gtSeg/49/00000152_mask.json,2048,1536
fog_seq49_00000153,fog_seq49,fog,train,test,train/FOG/rgb/49/00000153_rgb.png,train/FOG/nir/49/00000153_nir.png,train/FOG/gtSeg/49/00000153_mask.json,2048,1536
fog_seq49_00000154,fog_seq49,fog,train,test,train/FOG/rgb/49/00000154_rgb.png,train/FOG/nir/49/00000154_nir.png,train/FOG/gtSeg/49/00000154_mask.json,2048,1536
fog_seq49_00000155,fog_seq49,fog,train,test,train/FOG/rgb/49/00000155_rgb.png,train/FOG/nir/49/00000155_nir.png,train/FOG/gtSeg/49/00000155_mask.json,2048,1536
fog_seq49_00000156,fog_seq49,fog,train,test,train/FOG/rgb/49/00000156_rgb.png,train/FOG/nir/49/00000156_nir.png,train/FOG/gtSeg/49/00000156_mask.json,2048,1536
fog_seq49_00000157,fog_seq49,fog,train,test,train/FOG/rgb/49/00000157_rgb.png,train/FOG/nir/49/00000157_nir.png,train/FOG/gtSeg/49/00000157_mask.json,2048,1536
fog_seq49_00000158,fog_seq49,fog,train,test,train/FOG/rgb/49/00000158_rgb.png,train/FOG/nir/49/00000158_nir.png,train/FOG/gtSeg/49/00000158_mask.json,2048,1536
fog_seq49_00000159,fog_seq49,fog,train,test,train/FOG/rgb/49/00000159_rgb.png,train/FOG/nir/49/00000159_nir.png,train/FOG/gtSeg/49/00000159_mask.json,2048,1536
fog_seq49_00000160,fog_seq49,fog,train,test,train/FOG/rgb/49/00000160_rgb.png,train/FOG/nir/49/00000160_nir.png,train/FOG/gtSeg/49/00000160_mask.json,2048,1536
fog_seq49_00000161,fog_seq49,fog,train,test,train/FOG/rgb/49/00000161_rgb.png,train/FOG/nir/49/00000161_nir.png,train/FOG/gtSeg/49/00000161_mask.json,2048,1536
fog_seq49_00000162,fog_seq49,fog,train,test,train/FOG/rgb/49/00000162_rgb.png,train/FOG/nir/49/00000162_nir.png,train/FOG/gtSeg/49/00000162_mask.json,2048,1536
fog_seq49_00000163,fog_seq49,fog,train,test,train/FOG/rgb/49/00000163_rgb.png,train/FOG/nir/49/00000163_nir.png,train/FOG/gtSeg/49/00000163_mask.json,2048,1536
fog_seq49_00000164,fog_seq49,fog,train,test,train/FOG/rgb/49/00000164_rgb.png,train/FOG/nir/49/00000164_nir.png,train/FOG/gtSeg/49/00000164_mask.json,2048,1536
fog_seq49_00000165,fog_seq49,fog,train,test,train/FOG/rgb/49/00000165_rgb.png,train/FOG/nir/49/00000165_nir.png,train/FOG/gtSeg/49/00000165_mask.json,2048,1536
fog_seq49_00000166,fog_seq49,fog,train,test,train/FOG/rgb/49/00000166_rgb.png,train/FOG/nir/49/00000166_nir.png,train/FOG/gtSeg/49/00000166_mask.json,2048,1536
fog_seq49_00000167,fog_seq49,fog,train,test,train/FOG/rgb/49/00000167_rgb.png,train/FOG/nir/49/00000167_nir.png,train/FOG/gtSeg/49/00000167_mask.json,2048,1536
fog_seq49_00000168,fog_seq49,fog,train,test,train/FOG/rgb/49/00000168_rgb.png,train/FOG/nir/49/00000168_nir.png,train/FOG/gtSeg/49/00000168_mask.json,2048,1536
fog_seq49_00000169,fog_seq49,fog,train,test,train/FOG/rgb/49/00000169_rgb.png,train/FOG/nir/49/00000169_nir.png,train/FOG/gtSeg/49/00000169_mask.json,2048,1536
fog_seq49_00000170,fog_seq49,fog,train,test,train/FOG/rgb/49/00000170_rgb.png,train/FOG/nir/49/00000170_nir.png,train/FOG/gtSeg/49/00000170_mask.json,2048,1536
fog_seq49_00000171,fog_seq49,fog,train,test,train/FOG/rgb/49/00000171_rgb.png,train/FOG/nir/49/00000171_nir.png,train/FOG/gtSeg/49/00000171_mask.json,2048,1536
fog_seq49_00000172,fog_seq49,fog,train,test,train/FOG/rgb/49/00000172_rgb.png,train/FOG/nir/49/00000172_nir.png,train/FOG/gtSeg/49/00000172_mask.json,2048,1536
fog_seq49_00000173,fog_seq49,fog,train,test,train/FOG/rgb/49/00000173_rgb.png,train/FOG/nir/49/00000173_nir.png,train/FOG/gtSeg/49/00000173_mask.json,2048,1536
fog_seq49_00000174,fog_seq49,fog,train,test,train/FOG/rgb/49/00000174_rgb.png,train/FOG/nir/49/00000174_nir.png,train/FOG/gtSeg/49/00000174_mask.json,2048,1536
fog_seq50_00000000,fog_seq50,fog,train,val,train/FOG/rgb/50/00000000_rgb.png,train/FOG/nir/50/00000000_nir.png,train/FOG/gtSeg/50/00000000_mask.json,2048,1536
fog_seq50_00000001,fog_seq50,fog,train,val,train/FOG/rgb/50/00000001_rgb.png,train/FOG/nir/50/00000001_nir.png,train/FOG/gtSeg/50/00000001_mask.json,2048,1536
fog_seq50_00000002,fog_seq50,fog,train,val,train/FOG/rgb/50/00000002_rgb.png,train/FOG/nir/50/00000002_nir.png,train/FOG/gtSeg/50/00000002_mask.json,2048,1536
fog_seq51_00000000,fog_seq51,fog,train,val,train/FOG/rgb/51/00000000_rgb.png,train/FOG/nir/51/00000000_nir.png,train/FOG/gtSeg/51/00000000_mask.json,2048,1536
fog_seq51_00000001,fog_seq51,fog,train,val,train/FOG/rgb/51/00000001_rgb.png,train/FOG/nir/51/00000001_nir.png,train/FOG/gtSeg/51/00000001_mask.json,2048,1536
fog_seq51_00000002,fog_seq51,fog,train,val,train/FOG/rgb/51/00000002_rgb.png,train/FOG/nir/51/00000002_nir.png,train/FOG/gtSeg/51/00000002_mask.json,2048,1536
fog_seq51_00000003,fog_seq51,fog,train,val,train/FOG/rgb/51/00000003_rgb.png,train/FOG/nir/51/00000003_nir.png,train/FOG/gtSeg/51/00000003_mask.json,2048,1536
fog_seq51_00000004,fog_seq51,fog,train,val,train/FOG/rgb/51/00000004_rgb.png,train/FOG/nir/51/00000004_nir.png,train/FOG/gtSeg/51/00000004_mask.json,2048,1536
fog_seq51_00000005,fog_seq51,fog,train,val,train/FOG/rgb/51/00000005_rgb.png,train/FOG/nir/51/00000005_nir.png,train/FOG/gtSeg/51/00000005_mask.json,2048,1536
fog_seq51_00000006,fog_seq51,fog,train,val,train/FOG/rgb/51/00000006_rgb.png,train/FOG/nir/51/00000006_nir.png,train/FOG/gtSeg/51/00000006_mask.json,2048,1536
fog_seq51_00000007,fog_seq51,fog,train,val,train/FOG/rgb/51/00000007_rgb.png,train/FOG/nir/51/00000007_nir.png,train/FOG/gtSeg/51/00000007_mask.json,2048,1536
fog_seq51_00000008,fog_seq51,fog,train,val,train/FOG/rgb/51/00000008_rgb.png,train/FOG/nir/51/00000008_nir.png,train/FOG/gtSeg/51/00000008_mask.json,2048,1536
fog_seq51_00000009,fog_seq51,fog,train,val,train/FOG/rgb/51/00000009_rgb.png,train/FOG/nir/51/00000009_nir.png,train/FOG/gtSeg/51/00000009_mask.json,2048,1536
fog_seq51_00000010,fog_seq51,fog,train,val,train/FOG/rgb/51/00000010_rgb.png,train/FOG/nir/51/00000010_nir.png,train/FOG/gtSeg/51/00000010_mask.json,2048,1536
fog_seq51_00000011,fog_seq51,fog,train,val,train/FOG/rgb/51/00000011_rgb.png,train/FOG/nir/51/00000011_nir.png,train/FOG/gtSeg/51/00000011_mask.json,2048,1536
fog_seq51_00000012,fog_seq51,fog,train,val,train/FOG/rgb/51/00000012_rgb.png,train/FOG/nir/51/00000012_nir.png,train/FOG/gtSeg/51/00000012_mask.json,2048,1536
fog_seq51_00000013,fog_seq51,fog,train,val,train/FOG/rgb/51/00000013_rgb.png,train/FOG/nir/51/00000013_nir.png,train/FOG/gtSeg/51/00000013_mask.json,2048,1536
fog_seq51_00000014,fog_seq51,fog,train,val,train/FOG/rgb/51/00000014_rgb.png,train/FOG/nir/51/00000014_nir.png,train/FOG/gtSeg/51/00000014_mask.json,2048,1536
fog_seq51_00000015,fog_seq51,fog,train,val,train/FOG/rgb/51/00000015_rgb.png,train/FOG/nir/51/00000015_nir.png,train/FOG/gtSeg/51/00000015_mask.json,2048,1536
fog_seq51_00000016,fog_seq51,fog,train,val,train/FOG/rgb/51/00000016_rgb.png,train/FOG/nir/51/00000016_nir.png,train/FOG/gtSeg/51/00000016_mask.json,2048,1536
fog_seq51_00000017,fog_seq51,fog,train,val,train/FOG/rgb/51/00000017_rgb.png,train/FOG/nir/51/00000017_nir.png,train/FOG/gtSeg/51/00000017_mask.json,2048,1536
fog_seq51_00000018,fog_seq51,fog,train,val,train/FOG/rgb/51/00000018_rgb.png,train/FOG/nir/51/00000018_nir.png,train/FOG/gtSeg/51/00000018_mask.json,2048,1536
fog_seq51_00000019,fog_seq51,fog,train,val,train/FOG/rgb/51/00000019_rgb.png,train/FOG/nir/51/00000019_nir.png,train/FOG/gtSeg/51/00000019_mask.json,2048,1536
fog_seq51_00000020,fog_seq51,fog,train,val,train/FOG/rgb/51/00000020_rgb.png,train/FOG/nir/51/00000020_nir.png,train/FOG/gtSeg/51/00000020_mask.json,2048,1536
fog_seq51_00000021,fog_seq51,fog,train,val,train/FOG/rgb/51/00000021_rgb.png,train/FOG/nir/51/00000021_nir.png,train/FOG/gtSeg/51/00000021_mask.json,2048,1536
fog_seq51_00000022,fog_seq51,fog,train,val,train/FOG/rgb/51/00000022_rgb.png,train/FOG/nir/51/00000022_nir.png,train/FOG/gtSeg/51/00000022_mask.json,2048,1536
fog_seq51_00000023,fog_seq51,fog,train,val,train/FOG/rgb/51/00000023_rgb.png,train/FOG/nir/51/00000023_nir.png,train/FOG/gtSeg/51/00000023_mask.json,2048,1536
fog_seq51_00000024,fog_seq51,fog,train,val,train/FOG/rgb/51/00000024_rgb.png,train/FOG/nir/51/00000024_nir.png,train/FOG/gtSeg/51/00000024_mask.json,2048,1536
fog_seq51_00000025,fog_seq51,fog,train,val,train/FOG/rgb/51/00000025_rgb.png,train/FOG/nir/51/00000025_nir.png,train/FOG/gtSeg/51/00000025_mask.json,2048,1536
fog_seq51_00000026,fog_seq51,fog,train,val,train/FOG/rgb/51/00000026_rgb.png,train/FOG/nir/51/00000026_nir.png,train/FOG/gtSeg/51/00000026_mask.json,2048,1536
fog_seq51_00000027,fog_seq51,fog,train,val,train/FOG/rgb/51/00000027_rgb.png,train/FOG/nir/51/00000027_nir.png,train/FOG/gtSeg/51/00000027_mask.json,2048,1536
fog_seq51_00000028,fog_seq51,fog,train,val,train/FOG/rgb/51/00000028_rgb.png,train/FOG/nir/51/00000028_nir.png,train/FOG/gtSeg/51/00000028_mask.json,2048,1536
fog_seq51_00000029,fog_seq51,fog,train,val,train/FOG/rgb/51/00000029_rgb.png,train/FOG/nir/51/00000029_nir.png,train/FOG/gtSeg/51/00000029_mask.json,2048,1536
fog_seq51_00000030,fog_seq51,fog,train,val,train/FOG/rgb/51/00000030_rgb.png,train/FOG/nir/51/00000030_nir.png,train/FOG/gtSeg/51/00000030_mask.json,2048,1536
fog_seq51_00000031,fog_seq51,fog,train,val,train/FOG/rgb/51/00000031_rgb.png,train/FOG/nir/51/00000031_nir.png,train/FOG/gtSeg/51/00000031_mask.json,2048,1536
fog_seq51_00000032,fog_seq51,fog,train,val,train/FOG/rgb/51/00000032_rgb.png,train/FOG/nir/51/00000032_nir.png,train/FOG/gtSeg/51/00000032_mask.json,2048,1536
fog_seq51_00000033,fog_seq51,fog,train,val,train/FOG/rgb/51/00000033_rgb.png,train/FOG/nir/51/00000033_nir.png,train/FOG/gtSeg/51/00000033_mask.json,2048,1536
fog_seq51_00000034,fog_seq51,fog,train,val,train/FOG/rgb/51/00000034_rgb.png,train/FOG/nir/51/00000034_nir.png,train/FOG/gtSeg/51/00000034_mask.json,2048,1536
fog_seq51_00000035,fog_seq51,fog,train,val,train/FOG/rgb/51/00000035_rgb.png,train/FOG/nir/51/00000035_nir.png,train/FOG/gtSeg/51/00000035_mask.json,2048,1536
fog_seq51_00000036,fog_seq51,fog,train,val,train/FOG/rgb/51/00000036_rgb.png,train/FOG/nir/51/00000036_nir.png,train/FOG/gtSeg/51/00000036_mask.json,2048,1536
fog_seq51_00000037,fog_seq51,fog,train,val,train/FOG/rgb/51/00000037_rgb.png,train/FOG/nir/51/00000037_nir.png,train/FOG/gtSeg/51/00000037_mask.json,2048,1536
fog_seq51_00000038,fog_seq51,fog,train,val,train/FOG/rgb/51/00000038_rgb.png,train/FOG/nir/51/00000038_nir.png,train/FOG/gtSeg/51/00000038_mask.json,2048,1536
fog_seq51_00000039,fog_seq51,fog,train,val,train/FOG/rgb/51/00000039_rgb.png,train/FOG/nir/51/00000039_nir.png,train/FOG/gtSeg/51/00000039_mask.json,2048,1536
fog_seq51_00000040,fog_seq51,fog,train,val,train/FOG/rgb/51/00000040_rgb.png,train/FOG/nir/51/00000040_nir.png,train/FOG/gtSeg/51/00000040_mask.json,2048,1536
fog_seq51_00000041,fog_seq51,fog,train,val,train/FOG/rgb/51/00000041_rgb.png,train/FOG/nir/51/00000041_nir.png,train/FOG/gtSeg/51/00000041_mask.json,2048,1536
fog_seq51_00000042,fog_seq51,fog,train,val,train/FOG/rgb/51/00000042_rgb.png,train/FOG/nir/51/00000042_nir.png,train/FOG/gtSeg/51/00000042_mask.json,2048,1536
fog_seq51_00000043,fog_seq51,fog,train,val,train/FOG/rgb/51/00000043_rgb.png,train/FOG/nir/51/00000043_nir.png,train/FOG/gtSeg/51/00000043_mask.json,2048,1536
fog_seq51_00000044,fog_seq51,fog,train,val,train/FOG/rgb/51/00000044_rgb.png,train/FOG/nir/51/00000044_nir.png,train/FOG/gtSeg/51/00000044_mask.json,2048,1536
fog_seq51_00000045,fog_seq51,fog,train,val,train/FOG/rgb/51/00000045_rgb.png,train/FOG/nir/51/00000045_nir.png,train/FOG/gtSeg/51/00000045_mask.json,2048,1536
fog_seq51_00000046,fog_seq51,fog,train,val,train/FOG/rgb/51/00000046_rgb.png,train/FOG/nir/51/00000046_nir.png,train/FOG/gtSeg/51/00000046_mask.json,2048,1536
fog_seq51_00000047,fog_seq51,fog,train,val,train/FOG/rgb/51/00000047_rgb.png,train/FOG/nir/51/00000047_nir.png,train/FOG/gtSeg/51/00000047_mask.json,2048,1536
fog_seq51_00000048,fog_seq51,fog,train,val,train/FOG/rgb/51/00000048_rgb.png,train/FOG/nir/51/00000048_nir.png,train/FOG/gtSeg/51/00000048_mask.json,2048,1536
fog_seq51_00000049,fog_seq51,fog,train,val,train/FOG/rgb/51/00000049_rgb.png,train/FOG/nir/51/00000049_nir.png,train/FOG/gtSeg/51/00000049_mask.json,2048,1536
fog_seq51_00000050,fog_seq51,fog,train,val,train/FOG/rgb/51/00000050_rgb.png,train/FOG/nir/51/00000050_nir.png,train/FOG/gtSeg/51/00000050_mask.json,2048,1536
fog_seq51_00000051,fog_seq51,fog,train,val,train/FOG/rgb/51/00000051_rgb.png,train/FOG/nir/51/00000051_nir.png,train/FOG/gtSeg/51/00000051_mask.json,2048,1536
fog_seq51_00000052,fog_seq51,fog,train,val,train/FOG/rgb/51/00000052_rgb.png,train/FOG/nir/51/00000052_nir.png,train/FOG/gtSeg/51/00000052_mask.json,2048,1536
fog_seq51_00000053,fog_seq51,fog,train,val,train/FOG/rgb/51/00000053_rgb.png,train/FOG/nir/51/00000053_nir.png,train/FOG/gtSeg/51/00000053_mask.json,2048,1536
fog_seq51_00000054,fog_seq51,fog,train,val,train/FOG/rgb/51/00000054_rgb.png,train/FOG/nir/51/00000054_nir.png,train/FOG/gtSeg/51/00000054_mask.json,2048,1536
fog_seq51_00000055,fog_seq51,fog,train,val,train/FOG/rgb/51/00000055_rgb.png,train/FOG/nir/51/00000055_nir.png,train/FOG/gtSeg/51/00000055_mask.json,2048,1536
fog_seq51_00000056,fog_seq51,fog,train,val,train/FOG/rgb/51/00000056_rgb.png,train/FOG/nir/51/00000056_nir.png,train/FOG/gtSeg/51/00000056_mask.json,2048,1536
fog_seq51_00000057,fog_seq51,fog,train,val,train/FOG/rgb/51/00000057_rgb.png,train/FOG/nir/51/00000057_nir.png,train/FOG/gtSeg/51/00000057_mask.json,2048,1536
fog_seq51_00000058,fog_seq51,fog,train,val,train/FOG/rgb/51/00000058_rgb.png,train/FOG/nir/51/00000058_nir.png,train/FOG/gtSeg/51/00000058_mask.json,2048,1536
fog_seq51_00000059,fog_seq51,fog,train,val,train/FOG/rgb/51/00000059_rgb.png,train/FOG/nir/51/00000059_nir.png,train/FOG/gtSeg/51/00000059_mask.json,2048,1536
fog_seq51_00000060,fog_seq51,fog,train,val,train/FOG/rgb/51/00000060_rgb.png,train/FOG/nir/51/00000060_nir.png,train/FOG/gtSeg/51/00000060_mask.json,2048,1536
fog_seq51_00000061,fog_seq51,fog,train,val,train/FOG/rgb/51/00000061_rgb.png,train/FOG/nir/51/00000061_nir.png,train/FOG/gtSeg/51/00000061_mask.json,2048,1536
fog_seq51_00000062,fog_seq51,fog,train,val,train/FOG/rgb/51/00000062_rgb.png,train/FOG/nir/51/00000062_nir.png,train/FOG/gtSeg/51/00000062_mask.json,2048,1536
fog_seq51_00000063,fog_seq51,fog,train,val,train/FOG/rgb/51/00000063_rgb.png,train/FOG/nir/51/00000063_nir.png,train/FOG/gtSeg/51/00000063_mask.json,2048,1536
fog_seq51_00000064,fog_seq51,fog,train,val,train/FOG/rgb/51/00000064_rgb.png,train/FOG/nir/51/00000064_nir.png,train/FOG/gtSeg/51/00000064_mask.json,2048,1536
fog_seq52_00000000,fog_seq52,fog,train,train,train/FOG/rgb/52/00000000_rgb.png,train/FOG/nir/52/00000000_nir.png,train/FOG/gtSeg/52/00000000_mask.json,2048,1536
fog_seq52_00000001,fog_seq52,fog,train,train,train/FOG/rgb/52/00000001_rgb.png,train/FOG/nir/52/00000001_nir.png,train/FOG/gtSeg/52/00000001_mask.json,2048,1536
fog_seq52_00000002,fog_seq52,fog,train,train,train/FOG/rgb/52/00000002_rgb.png,train/FOG/nir/52/00000002_nir.png,train/FOG/gtSeg/52/00000002_mask.json,2048,1536
fog_seq52_00000003,fog_seq52,fog,train,train,train/FOG/rgb/52/00000003_rgb.png,train/FOG/nir/52/00000003_nir.png,train/FOG/gtSeg/52/00000003_mask.json,2048,1536
fog_seq52_00000004,fog_seq52,fog,train,train,train/FOG/rgb/52/00000004_rgb.png,train/FOG/nir/52/00000004_nir.png,train/FOG/gtSeg/52/00000004_mask.json,2048,1536
fog_seq52_00000005,fog_seq52,fog,train,train,train/FOG/rgb/52/00000005_rgb.png,train/FOG/nir/52/00000005_nir.png,train/FOG/gtSeg/52/00000005_mask.json,2048,1536
fog_seq52_00000006,fog_seq52,fog,train,train,train/FOG/rgb/52/00000006_rgb.png,train/FOG/nir/52/00000006_nir.png,train/FOG/gtSeg/52/00000006_mask.json,2048,1536
fog_seq52_00000007,fog_seq52,fog,train,train,train/FOG/rgb/52/00000007_rgb.png,train/FOG/nir/52/00000007_nir.png,train/FOG/gtSeg/52/00000007_mask.json,2048,1536
fog_seq52_00000008,fog_seq52,fog,train,train,train/FOG/rgb/52/00000008_rgb.png,train/FOG/nir/52/00000008_nir.png,train/FOG/gtSeg/52/00000008_mask.json,2048,1536
fog_seq52_00000009,fog_seq52,fog,train,train,train/FOG/rgb/52/00000009_rgb.png,train/FOG/nir/52/00000009_nir.png,train/FOG/gtSeg/52/00000009_mask.json,2048,1536
fog_seq53_00000000,fog_seq53,fog,train,train,train/FOG/rgb/53/00000000_rgb.png,train/FOG/nir/53/00000000_nir.png,train/FOG/gtSeg/53/00000000_mask.json,2048,1536
fog_seq53_00000001,fog_seq53,fog,train,train,train/FOG/rgb/53/00000001_rgb.png,train/FOG/nir/53/00000001_nir.png,train/FOG/gtSeg/53/00000001_mask.json,2048,1536
fog_seq53_00000002,fog_seq53,fog,train,train,train/FOG/rgb/53/00000002_rgb.png,train/FOG/nir/53/00000002_nir.png,train/FOG/gtSeg/53/00000002_mask.json,2048,1536
fog_seq53_00000003,fog_seq53,fog,train,train,train/FOG/rgb/53/00000003_rgb.png,train/FOG/nir/53/00000003_nir.png,train/FOG/gtSeg/53/00000003_mask.json,2048,1536
fog_seq53_00000004,fog_seq53,fog,train,train,train/FOG/rgb/53/00000004_rgb.png,train/FOG/nir/53/00000004_nir.png,train/FOG/gtSeg/53/00000004_mask.json,2048,1536
fog_seq53_00000005,fog_seq53,fog,train,train,train/FOG/rgb/53/00000005_rgb.png,train/FOG/nir/53/00000005_nir.png,train/FOG/gtSeg/53/00000005_mask.json,2048,1536
fog_seq53_00000006,fog_seq53,fog,train,train,train/FOG/rgb/53/00000006_rgb.png,train/FOG/nir/53/00000006_nir.png,train/FOG/gtSeg/53/00000006_mask.json,2048,1536
fog_seq53_00000007,fog_seq53,fog,train,train,train/FOG/rgb/53/00000007_rgb.png,train/FOG/nir/53/00000007_nir.png,train/FOG/gtSeg/53/00000007_mask.json,2048,1536
fog_seq53_00000008,fog_seq53,fog,train,train,train/FOG/rgb/53/00000008_rgb.png,train/FOG/nir/53/00000008_nir.png,train/FOG/gtSeg/53/00000008_mask.json,2048,1536
fog_seq56_00000000,fog_seq56,fog,val,train,val/FOG/rgb/56/00000000_rgb.png,val/FOG/nir/56/00000000_nir.png,val/FOG/gtSeg/56/00000000_mask.json,2048,1536
fog_seq56_00000001,fog_seq56,fog,val,train,val/FOG/rgb/56/00000001_rgb.png,val/FOG/nir/56/00000001_nir.png,val/FOG/gtSeg/56/00000001_mask.json,2048,1536
fog_seq56_00000002,fog_seq56,fog,val,train,val/FOG/rgb/56/00000002_rgb.png,val/FOG/nir/56/00000002_nir.png,val/FOG/gtSeg/56/00000002_mask.json,2048,1536
fog_seq56_00000003,fog_seq56,fog,val,train,val/FOG/rgb/56/00000003_rgb.png,val/FOG/nir/56/00000003_nir.png,val/FOG/gtSeg/56/00000003_mask.json,2048,1536
fog_seq56_00000004,fog_seq56,fog,val,train,val/FOG/rgb/56/00000004_rgb.png,val/FOG/nir/56/00000004_nir.png,val/FOG/gtSeg/56/00000004_mask.json,2048,1536
fog_seq56_00000005,fog_seq56,fog,val,train,val/FOG/rgb/56/00000005_rgb.png,val/FOG/nir/56/00000005_nir.png,val/FOG/gtSeg/56/00000005_mask.json,2048,1536
fog_seq56_00000006,fog_seq56,fog,val,train,val/FOG/rgb/56/00000006_rgb.png,val/FOG/nir/56/00000006_nir.png,val/FOG/gtSeg/56/00000006_mask.json,2048,1536
fog_seq56_00000007,fog_seq56,fog,val,train,val/FOG/rgb/56/00000007_rgb.png,val/FOG/nir/56/00000007_nir.png,val/FOG/gtSeg/56/00000007_mask.json,2048,1536
fog_seq56_00000008,fog_seq56,fog,val,train,val/FOG/rgb/56/00000008_rgb.png,val/FOG/nir/56/00000008_nir.png,val/FOG/gtSeg/56/00000008_mask.json,2048,1536
fog_seq56_00000009,fog_seq56,fog,val,train,val/FOG/rgb/56/00000009_rgb.png,val/FOG/nir/56/00000009_nir.png,val/FOG/gtSeg/56/00000009_mask.json,2048,1536
fog_seq56_00000010,fog_seq56,fog,val,train,val/FOG/rgb/56/00000010_rgb.png,val/FOG/nir/56/00000010_nir.png,val/FOG/gtSeg/56/00000010_mask.json,2048,1536
fog_seq56_00000011,fog_seq56,fog,val,train,val/FOG/rgb/56/00000011_rgb.png,val/FOG/nir/56/00000011_nir.png,val/FOG/gtSeg/56/00000011_mask.json,2048,1536
fog_seq56_00000012,fog_seq56,fog,val,train,val/FOG/rgb/56/00000012_rgb.png,val/FOG/nir/56/00000012_nir.png,val/FOG/gtSeg/56/00000012_mask.json,2048,1536
fog_seq56_00000013,fog_seq56,fog,val,train,val/FOG/rgb/56/00000013_rgb.png,val/FOG/nir/56/00000013_nir.png,val/FOG/gtSeg/56/00000013_mask.json,2048,1536
fog_seq56_00000014,fog_seq56,fog,val,train,val/FOG/rgb/56/00000014_rgb.png,val/FOG/nir/56/00000014_nir.png,val/FOG/gtSeg/56/00000014_mask.json,2048,1536
fog_seq56_00000015,fog_seq56,fog,val,train,val/FOG/rgb/56/00000015_rgb.png,val/FOG/nir/56/00000015_nir.png,val/FOG/gtSeg/56/00000015_mask.json,2048,1536
fog_seq56_00000016,fog_seq56,fog,val,train,val/FOG/rgb/56/00000016_rgb.png,val/FOG/nir/56/00000016_nir.png,val/FOG/gtSeg/56/00000016_mask.json,2048,1536
fog_seq56_00000017,fog_seq56,fog,val,train,val/FOG/rgb/56/00000017_rgb.png,val/FOG/nir/56/00000017_nir.png,val/FOG/gtSeg/56/00000017_mask.json,2048,1536
fog_seq56_00000018,fog_seq56,fog,val,train,val/FOG/rgb/56/00000018_rgb.png,val/FOG/nir/56/00000018_nir.png,val/FOG/gtSeg/56/00000018_mask.json,2048,1536
fog_seq56_00000019,fog_seq56,fog,val,train,val/FOG/rgb/56/00000019_rgb.png,val/FOG/nir/56/00000019_nir.png,val/FOG/gtSeg/56/00000019_mask.json,2048,1536
fog_seq56_00000020,fog_seq56,fog,val,train,val/FOG/rgb/56/00000020_rgb.png,val/FOG/nir/56/00000020_nir.png,val/FOG/gtSeg/56/00000020_mask.json,2048,1536
fog_seq56_00000021,fog_seq56,fog,val,train,val/FOG/rgb/56/00000021_rgb.png,val/FOG/nir/56/00000021_nir.png,val/FOG/gtSeg/56/00000021_mask.json,2048,1536
fog_seq56_00000022,fog_seq56,fog,val,train,val/FOG/rgb/56/00000022_rgb.png,val/FOG/nir/56/00000022_nir.png,val/FOG/gtSeg/56/00000022_mask.json,2048,1536
fog_seq56_00000023,fog_seq56,fog,val,train,val/FOG/rgb/56/00000023_rgb.png,val/FOG/nir/56/00000023_nir.png,val/FOG/gtSeg/56/00000023_mask.json,2048,1536
fog_seq56_00000024,fog_seq56,fog,val,train,val/FOG/rgb/56/00000024_rgb.png,val/FOG/nir/56/00000024_nir.png,val/FOG/gtSeg/56/00000024_mask.json,2048,1536
fog_seq56_00000025,fog_seq56,fog,val,train,val/FOG/rgb/56/00000025_rgb.png,val/FOG/nir/56/00000025_nir.png,val/FOG/gtSeg/56/00000025_mask.json,2048,1536
fog_seq56_00000026,fog_seq56,fog,val,train,val/FOG/rgb/56/00000026_rgb.png,val/FOG/nir/56/00000026_nir.png,val/FOG/gtSeg/56/00000026_mask.json,2048,1536
fog_seq56_00000027,fog_seq56,fog,val,train,val/FOG/rgb/56/00000027_rgb.png,val/FOG/nir/56/00000027_nir.png,val/FOG/gtSeg/56/00000027_mask.json,2048,1536
fog_seq56_00000028,fog_seq56,fog,val,train,val/FOG/rgb/56/00000028_rgb.png,val/FOG/nir/56/00000028_nir.png,val/FOG/gtSeg/56/00000028_mask.json,2048,1536
fog_seq56_00000029,fog_seq56,fog,val,train,val/FOG/rgb/56/00000029_rgb.png,val/FOG/nir/56/00000029_nir.png,val/FOG/gtSeg/56/00000029_mask.json,2048,1536
fog_seq56_00000030,fog_seq56,fog,val,train,val/FOG/rgb/56/00000030_rgb.png,val/FOG/nir/56/00000030_nir.png,val/FOG/gtSeg/56/00000030_mask.json,2048,1536
fog_seq56_00000031,fog_seq56,fog,val,train,val/FOG/rgb/56/00000031_rgb.png,val/FOG/nir/56/00000031_nir.png,val/FOG/gtSeg/56/00000031_mask.json,2048,1536
fog_seq56_00000032,fog_seq56,fog,val,train,val/FOG/rgb/56/00000032_rgb.png,val/FOG/nir/56/00000032_nir.png,val/FOG/gtSeg/56/00000032_mask.json,2048,1536
fog_seq56_00000033,fog_seq56,fog,val,train,val/FOG/rgb/56/00000033_rgb.png,val/FOG/nir/56/00000033_nir.png,val/FOG/gtSeg/56/00000033_mask.json,2048,1536
fog_seq56_00000034,fog_seq56,fog,val,train,val/FOG/rgb/56/00000034_rgb.png,val/FOG/nir/56/00000034_nir.png,val/FOG/gtSeg/56/00000034_mask.json,2048,1536
fog_seq56_00000035,fog_seq56,fog,val,train,val/FOG/rgb/56/00000035_rgb.png,val/FOG/nir/56/00000035_nir.png,val/FOG/gtSeg/56/00000035_mask.json,2048,1536
fog_seq56_00000036,fog_seq56,fog,val,train,val/FOG/rgb/56/00000036_rgb.png,val/FOG/nir/56/00000036_nir.png,val/FOG/gtSeg/56/00000036_mask.json,2048,1536
fog_seq56_00000037,fog_seq56,fog,val,train,val/FOG/rgb/56/00000037_rgb.png,val/FOG/nir/56/00000037_nir.png,val/FOG/gtSeg/56/00000037_mask.json,2048,1536
fog_seq56_00000038,fog_seq56,fog,val,train,val/FOG/rgb/56/00000038_rgb.png,val/FOG/nir/56/00000038_nir.png,val/FOG/gtSeg/56/00000038_mask.json,2048,1536
fog_seq56_00000039,fog_seq56,fog,val,train,val/FOG/rgb/56/00000039_rgb.png,val/FOG/nir/56/00000039_nir.png,val/FOG/gtSeg/56/00000039_mask.json,2048,1536
fog_seq56_00000040,fog_seq56,fog,val,train,val/FOG/rgb/56/00000040_rgb.png,val/FOG/nir/56/00000040_nir.png,val/FOG/gtSeg/56/00000040_mask.json,2048,1536
fog_seq56_00000041,fog_seq56,fog,val,train,val/FOG/rgb/56/00000041_rgb.png,val/FOG/nir/56/00000041_nir.png,val/FOG/gtSeg/56/00000041_mask.json,2048,1536
fog_seq56_00000042,fog_seq56,fog,val,train,val/FOG/rgb/56/00000042_rgb.png,val/FOG/nir/56/00000042_nir.png,val/FOG/gtSeg/56/00000042_mask.json,2048,1536
fog_seq56_00000043,fog_seq56,fog,val,train,val/FOG/rgb/56/00000043_rgb.png,val/FOG/nir/56/00000043_nir.png,val/FOG/gtSeg/56/00000043_mask.json,2048,1536
fog_seq56_00000044,fog_seq56,fog,val,train,val/FOG/rgb/56/00000044_rgb.png,val/FOG/nir/56/00000044_nir.png,val/FOG/gtSeg/56/00000044_mask.json,2048,1536
fog_seq56_00000045,fog_seq56,fog,val,train,val/FOG/rgb/56/00000045_rgb.png,val/FOG/nir/56/00000045_nir.png,val/FOG/gtSeg/56/00000045_mask.json,2048,1536
fog_seq56_00000046,fog_seq56,fog,val,train,val/FOG/rgb/56/00000046_rgb.png,val/FOG/nir/56/00000046_nir.png,val/FOG/gtSeg/56/00000046_mask.json,2048,1536
fog_seq56_00000047,fog_seq56,fog,val,train,val/FOG/rgb/56/00000047_rgb.png,val/FOG/nir/56/00000047_nir.png,val/FOG/gtSeg/56/00000047_mask.json,2048,1536
fog_seq56_00000048,fog_seq56,fog,val,train,val/FOG/rgb/56/00000048_rgb.png,val/FOG/nir/56/00000048_nir.png,val/FOG/gtSeg/56/00000048_mask.json,2048,1536
fog_seq57_00000000,fog_seq57,fog,train,train,train/FOG/rgb/57/00000000_rgb.png,train/FOG/nir/57/00000000_nir.png,train/FOG/gtSeg/57/00000000_mask.json,2048,1536
fog_seq57_00000001,fog_seq57,fog,train,train,train/FOG/rgb/57/00000001_rgb.png,train/FOG/nir/57/00000001_nir.png,train/FOG/gtSeg/57/00000001_mask.json,2048,1536
fog_seq57_00000002,fog_seq57,fog,train,train,train/FOG/rgb/57/00000002_rgb.png,train/FOG/nir/57/00000002_nir.png,train/FOG/gtSeg/57/00000002_mask.json,2048,1536
fog_seq57_00000003,fog_seq57,fog,train,train,train/FOG/rgb/57/00000003_rgb.png,train/FOG/nir/57/00000003_nir.png,train/FOG/gtSeg/57/00000003_mask.json,2048,1536
fog_seq57_00000004,fog_seq57,fog,train,train,train/FOG/rgb/57/00000004_rgb.png,train/FOG/nir/57/00000004_nir.png,train/FOG/gtSeg/57/00000004_mask.json,2048,1536
fog_seq57_00000005,fog_seq57,fog,train,train,train/FOG/rgb/57/00000005_rgb.png,train/FOG/nir/57/00000005_nir.png,train/FOG/gtSeg/57/00000005_mask.json,2048,1536
fog_seq57_00000006,fog_seq57,fog,train,train,train/FOG/rgb/57/00000006_rgb.png,train/FOG/nir/57/00000006_nir.png,train/FOG/gtSeg/57/00000006_mask.json,2048,1536
fog_seq57_00000007,fog_seq57,fog,train,train,train/FOG/rgb/57/00000007_rgb.png,train/FOG/nir/57/00000007_nir.png,train/FOG/gtSeg/57/00000007_mask.json,2048,1536
fog_seq57_00000008,fog_seq57,fog,train,train,train/FOG/rgb/57/00000008_rgb.png,train/FOG/nir/57/00000008_nir.png,train/FOG/gtSeg/57/00000008_mask.json,2048,1536
fog_seq57_00000009,fog_seq57,fog,train,train,train/FOG/rgb/57/00000009_rgb.png,train/FOG/nir/57/00000009_nir.png,train/FOG/gtSeg/57/00000009_mask.json,2048,1536
fog_seq57_00000010,fog_seq57,fog,train,train,train/FOG/rgb/57/00000010_rgb.png,train/FOG/nir/57/00000010_nir.png,train/FOG/gtSeg/57/00000010_mask.json,2048,1536
fog_seq57_00000011,fog_seq57,fog,train,train,train/FOG/rgb/57/00000011_rgb.png,train/FOG/nir/57/00000011_nir.png,train/FOG/gtSeg/57/00000011_mask.json,2048,1536
fog_seq57_00000012,fog_seq57,fog,train,train,train/FOG/rgb/57/00000012_rgb.png,train/FOG/nir/57/00000012_nir.png,train/FOG/gtSeg/57/00000012_mask.json,2048,1536
fog_seq57_00000013,fog_seq57,fog,train,train,train/FOG/rgb/57/00000013_rgb.png,train/FOG/nir/57/00000013_nir.png,train/FOG/gtSeg/57/00000013_mask.json,2048,1536
fog_seq57_00000014,fog_seq57,fog,train,train,train/FOG/rgb/57/00000014_rgb.png,train/FOG/nir/57/00000014_nir.png,train/FOG/gtSeg/57/00000014_mask.json,2048,1536
fog_seq57_00000015,fog_seq57,fog,train,train,train/FOG/rgb/57/00000015_rgb.png,train/FOG/nir/57/00000015_nir.png,train/FOG/gtSeg/57/00000015_mask.json,2048,1536
fog_seq57_00000016,fog_seq57,fog,train,train,train/FOG/rgb/57/00000016_rgb.png,train/FOG/nir/57/00000016_nir.png,train/FOG/gtSeg/57/00000016_mask.json,2048,1536
fog_seq57_00000017,fog_seq57,fog,train,train,train/FOG/rgb/57/00000017_rgb.png,train/FOG/nir/57/00000017_nir.png,train/FOG/gtSeg/57/00000017_mask.json,2048,1536
fog_seq57_00000018,fog_seq57,fog,train,train,train/FOG/rgb/57/00000018_rgb.png,train/FOG/nir/57/00000018_nir.png,train/FOG/gtSeg/57/00000018_mask.json,2048,1536
fog_seq57_00000019,fog_seq57,fog,train,train,train/FOG/rgb/57/00000019_rgb.png,train/FOG/nir/57/00000019_nir.png,train/FOG/gtSeg/57/00000019_mask.json,2048,1536
fog_seq57_00000020,fog_seq57,fog,train,train,train/FOG/rgb/57/00000020_rgb.png,train/FOG/nir/57/00000020_nir.png,train/FOG/gtSeg/57/00000020_mask.json,2048,1536
fog_seq57_00000021,fog_seq57,fog,train,train,train/FOG/rgb/57/00000021_rgb.png,train/FOG/nir/57/00000021_nir.png,train/FOG/gtSeg/57/00000021_mask.json,2048,1536
fog_seq57_00000022,fog_seq57,fog,train,train,train/FOG/rgb/57/00000022_rgb.png,train/FOG/nir/57/00000022_nir.png,train/FOG/gtSeg/57/00000022_mask.json,2048,1536
fog_seq57_00000023,fog_seq57,fog,train,train,train/FOG/rgb/57/00000023_rgb.png,train/FOG/nir/57/00000023_nir.png,train/FOG/gtSeg/57/00000023_mask.json,2048,1536
fog_seq57_00000024,fog_seq57,fog,train,train,train/FOG/rgb/57/00000024_rgb.png,train/FOG/nir/57/00000024_nir.png,train/FOG/gtSeg/57/00000024_mask.json,2048,1536
fog_seq57_00000025,fog_seq57,fog,train,train,train/FOG/rgb/57/00000025_rgb.png,train/FOG/nir/57/00000025_nir.png,train/FOG/gtSeg/57/00000025_mask.json,2048,1536
fog_seq57_00000026,fog_seq57,fog,train,train,train/FOG/rgb/57/00000026_rgb.png,train/FOG/nir/57/00000026_nir.png,train/FOG/gtSeg/57/00000026_mask.json,2048,1536
fog_seq57_00000027,fog_seq57,fog,train,train,train/FOG/rgb/57/00000027_rgb.png,train/FOG/nir/57/00000027_nir.png,train/FOG/gtSeg/57/00000027_mask.json,2048,1536
fog_seq57_00000028,fog_seq57,fog,train,train,train/FOG/rgb/57/00000028_rgb.png,train/FOG/nir/57/00000028_nir.png,train/FOG/gtSeg/57/00000028_mask.json,2048,1536
fog_seq57_00000029,fog_seq57,fog,train,train,train/FOG/rgb/57/00000029_rgb.png,train/FOG/nir/57/00000029_nir.png,train/FOG/gtSeg/57/00000029_mask.json,2048,1536
fog_seq57_00000030,fog_seq57,fog,train,train,train/FOG/rgb/57/00000030_rgb.png,train/FOG/nir/57/00000030_nir.png,train/FOG/gtSeg/57/00000030_mask.json,2048,1536
fog_seq57_00000031,fog_seq57,fog,train,train,train/FOG/rgb/57/00000031_rgb.png,train/FOG/nir/57/00000031_nir.png,train/FOG/gtSeg/57/00000031_mask.json,2048,1536
fog_seq57_00000032,fog_seq57,fog,train,train,train/FOG/rgb/57/00000032_rgb.png,train/FOG/nir/57/00000032_nir.png,train/FOG/gtSeg/57/00000032_mask.json,2048,1536
fog_seq57_00000033,fog_seq57,fog,train,train,train/FOG/rgb/57/00000033_rgb.png,train/FOG/nir/57/00000033_nir.png,train/FOG/gtSeg/57/00000033_mask.json,2048,1536
fog_seq57_00000034,fog_seq57,fog,train,train,train/FOG/rgb/57/00000034_rgb.png,train/FOG/nir/57/00000034_nir.png,train/FOG/gtSeg/57/00000034_mask.json,2048,1536
fog_seq57_00000035,fog_seq57,fog,train,train,train/FOG/rgb/57/00000035_rgb.png,train/FOG/nir/57/00000035_nir.png,train/FOG/gtSeg/57/00000035_mask.json,2048,1536
fog_seq57_00000036,fog_seq57,fog,train,train,train/FOG/rgb/57/00000036_rgb.png,train/FOG/nir/57/00000036_nir.png,train/FOG/gtSeg/57/00000036_mask.json,2048,1536
fog_seq57_00000037,fog_seq57,fog,train,train,train/FOG/rgb/57/00000037_rgb.png,train/FOG/nir/57/00000037_nir.png,train/FOG/gtSeg/57/00000037_mask.json,2048,1536
fog_seq57_00000038,fog_seq57,fog,train,train,train/FOG/rgb/57/00000038_rgb.png,train/FOG/nir/57/00000038_nir.png,train/FOG/gtSeg/57/00000038_mask.json,2048,1536
fog_seq57_00000039,fog_seq57,fog,train,train,train/FOG/rgb/57/00000039_rgb.png,train/FOG/nir/57/00000039_nir.png,train/FOG/gtSeg/57/00000039_mask.json,2048,1536
fog_seq57_00000040,fog_seq57,fog,train,train,train/FOG/rgb/57/00000040_rgb.png,train/FOG/nir/57/00000040_nir.png,train/FOG/gtSeg/57/00000040_mask.json,2048,1536
fog_seq57_00000041,fog_seq57,fog,train,train,train/FOG/rgb/57/00000041_rgb.png,train/FOG/nir/57/00000041_nir.png,train/FOG/gtSeg/57/00000041_mask.json,2048,1536
fog_seq57_00000042,fog_seq57,fog,train,train,train/FOG/rgb/57/00000042_rgb.png,train/FOG/nir/57/00000042_nir.png,train/FOG/gtSeg/57/00000042_mask.json,2048,1536
fog_seq57_00000043,fog_seq57,fog,train,train,train/FOG/rgb/57/00000043_rgb.png,train/FOG/nir/57/00000043_nir.png,train/FOG/gtSeg/57/00000043_mask.json,2048,1536
fog_seq57_00000044,fog_seq57,fog,train,train,train/FOG/rgb/57/00000044_rgb.png,train/FOG/nir/57/00000044_nir.png,train/FOG/gtSeg/57/00000044_mask.json,2048,1536
fog_seq57_00000045,fog_seq57,fog,train,train,train/FOG/rgb/57/00000045_rgb.png,train/FOG/nir/57/00000045_nir.png,train/FOG/gtSeg/57/00000045_mask.json,2048,1536
fog_seq57_00000046,fog_seq57,fog,train,train,train/FOG/rgb/57/00000046_rgb.png,train/FOG/nir/57/00000046_nir.png,train/FOG/gtSeg/57/00000046_mask.json,2048,1536
fog_seq57_00000047,fog_seq57,fog,train,train,train/FOG/rgb/57/00000047_rgb.png,train/FOG/nir/57/00000047_nir.png,train/FOG/gtSeg/57/00000047_mask.json,2048,1536
fog_seq57_00000048,fog_seq57,fog,train,train,train/FOG/rgb/57/00000048_rgb.png,train/FOG/nir/57/00000048_nir.png,train/FOG/gtSeg/57/00000048_mask.json,2048,1536
fog_seq57_00000049,fog_seq57,fog,train,train,train/FOG/rgb/57/00000049_rgb.png,train/FOG/nir/57/00000049_nir.png,train/FOG/gtSeg/57/00000049_mask.json,2048,1536
fog_seq57_00000050,fog_seq57,fog,train,train,train/FOG/rgb/57/00000050_rgb.png,train/FOG/nir/57/00000050_nir.png,train/FOG/gtSeg/57/00000050_mask.json,2048,1536
fog_seq57_00000051,fog_seq57,fog,train,train,train/FOG/rgb/57/00000051_rgb.png,train/FOG/nir/57/00000051_nir.png,train/FOG/gtSeg/57/00000051_mask.json,2048,1536
fog_seq57_00000052,fog_seq57,fog,train,train,train/FOG/rgb/57/00000052_rgb.png,train/FOG/nir/57/00000052_nir.png,train/FOG/gtSeg/57/00000052_mask.json,2048,1536
fog_seq58_00000000,fog_seq58,fog,train,train,train/FOG/rgb/58/00000000_rgb.png,train/FOG/nir/58/00000000_nir.png,train/FOG/gtSeg/58/00000000_mask.json,2048,1536
fog_seq58_00000001,fog_seq58,fog,train,train,train/FOG/rgb/58/00000001_rgb.png,train/FOG/nir/58/00000001_nir.png,train/FOG/gtSeg/58/00000001_mask.json,2048,1536
fog_seq58_00000002,fog_seq58,fog,train,train,train/FOG/rgb/58/00000002_rgb.png,train/FOG/nir/58/00000002_nir.png,train/FOG/gtSeg/58/00000002_mask.json,2048,1536
fog_seq58_00000003,fog_seq58,fog,train,train,train/FOG/rgb/58/00000003_rgb.png,train/FOG/nir/58/00000003_nir.png,train/FOG/gtSeg/58/00000003_mask.json,2048,1536
fog_seq58_00000004,fog_seq58,fog,train,train,train/FOG/rgb/58/00000004_rgb.png,train/FOG/nir/58/00000004_nir.png,train/FOG/gtSeg/58/00000004_mask.json,2048,1536
fog_seq58_00000005,fog_seq58,fog,train,train,train/FOG/rgb/58/00000005_rgb.png,train/FOG/nir/58/00000005_nir.png,train/FOG/gtSeg/58/00000005_mask.json,2048,1536
fog_seq58_00000006,fog_seq58,fog,train,train,train/FOG/rgb/58/00000006_rgb.png,train/FOG/nir/58/00000006_nir.png,train/FOG/gtSeg/58/00000006_mask.json,2048,1536
fog_seq58_00000007,fog_seq58,fog,train,train,train/FOG/rgb/58/00000007_rgb.png,train/FOG/nir/58/00000007_nir.png,train/FOG/gtSeg/58/00000007_mask.json,2048,1536
fog_seq58_00000008,fog_seq58,fog,train,train,train/FOG/rgb/58/00000008_rgb.png,train/FOG/nir/58/00000008_nir.png,train/FOG/gtSeg/58/00000008_mask.json,2048,1536
fog_seq58_00000009,fog_seq58,fog,train,train,train/FOG/rgb/58/00000009_rgb.png,train/FOG/nir/58/00000009_nir.png,train/FOG/gtSeg/58/00000009_mask.json,2048,1536
fog_seq58_00000010,fog_seq58,fog,train,train,train/FOG/rgb/58/00000010_rgb.png,train/FOG/nir/58/00000010_nir.png,train/FOG/gtSeg/58/00000010_mask.json,2048,1536
fog_seq58_00000011,fog_seq58,fog,train,train,train/FOG/rgb/58/00000011_rgb.png,train/FOG/nir/58/00000011_nir.png,train/FOG/gtSeg/58/00000011_mask.json,2048,1536
fog_seq58_00000012,fog_seq58,fog,train,train,train/FOG/rgb/58/00000012_rgb.png,train/FOG/nir/58/00000012_nir.png,train/FOG/gtSeg/58/00000012_mask.json,2048,1536
fog_seq58_00000013,fog_seq58,fog,train,train,train/FOG/rgb/58/00000013_rgb.png,train/FOG/nir/58/00000013_nir.png,train/FOG/gtSeg/58/00000013_mask.json,2048,1536
fog_seq58_00000014,fog_seq58,fog,train,train,train/FOG/rgb/58/00000014_rgb.png,train/FOG/nir/58/00000014_nir.png,train/FOG/gtSeg/58/00000014_mask.json,2048,1536
fog_seq58_00000015,fog_seq58,fog,train,train,train/FOG/rgb/58/00000015_rgb.png,train/FOG/nir/58/00000015_nir.png,train/FOG/gtSeg/58/00000015_mask.json,2048,1536
fog_seq58_00000016,fog_seq58,fog,train,train,train/FOG/rgb/58/00000016_rgb.png,train/FOG/nir/58/00000016_nir.png,train/FOG/gtSeg/58/00000016_mask.json,2048,1536
fog_seq58_00000017,fog_seq58,fog,train,train,train/FOG/rgb/58/00000017_rgb.png,train/FOG/nir/58/00000017_nir.png,train/FOG/gtSeg/58/00000017_mask.json,2048,1536
fog_seq58_00000018,fog_seq58,fog,train,train,train/FOG/rgb/58/00000018_rgb.png,train/FOG/nir/58/00000018_nir.png,train/FOG/gtSeg/58/00000018_mask.json,2048,1536
fog_seq58_00000019,fog_seq58,fog,train,train,train/FOG/rgb/58/00000019_rgb.png,train/FOG/nir/58/00000019_nir.png,train/FOG/gtSeg/58/00000019_mask.json,2048,1536
fog_seq58_00000020,fog_seq58,fog,train,train,train/FOG/rgb/58/00000020_rgb.png,train/FOG/nir/58/00000020_nir.png,train/FOG/gtSeg/58/00000020_mask.json,2048,1536
fog_seq58_00000021,fog_seq58,fog,train,train,train/FOG/rgb/58/00000021_rgb.png,train/FOG/nir/58/00000021_nir.png,train/FOG/gtSeg/58/00000021_mask.json,2048,1536
fog_seq58_00000022,fog_seq58,fog,train,train,train/FOG/rgb/58/00000022_rgb.png,train/FOG/nir/58/00000022_nir.png,train/FOG/gtSeg/58/00000022_mask.json,2048,1536
fog_seq58_00000023,fog_seq58,fog,train,train,train/FOG/rgb/58/00000023_rgb.png,train/FOG/nir/58/00000023_nir.png,train/FOG/gtSeg/58/00000023_mask.json,2048,1536
fog_seq58_00000024,fog_seq58,fog,train,train,train/FOG/rgb/58/00000024_rgb.png,train/FOG/nir/58/00000024_nir.png,train/FOG/gtSeg/58/00000024_mask.json,2048,1536
fog_seq58_00000025,fog_seq58,fog,train,train,train/FOG/rgb/58/00000025_rgb.png,train/FOG/nir/58/00000025_nir.png,train/FOG/gtSeg/58/00000025_mask.json,2048,1536
fog_seq58_00000026,fog_seq58,fog,train,train,train/FOG/rgb/58/00000026_rgb.png,train/FOG/nir/58/00000026_nir.png,train/FOG/gtSeg/58/00000026_mask.json,2048,1536
fog_seq58_00000027,fog_seq58,fog,train,train,train/FOG/rgb/58/00000027_rgb.png,train/FOG/nir/58/00000027_nir.png,train/FOG/gtSeg/58/00000027_mask.json,2048,1536
fog_seq58_00000028,fog_seq58,fog,train,train,train/FOG/rgb/58/00000028_rgb.png,train/FOG/nir/58/00000028_nir.png,train/FOG/gtSeg/58/00000028_mask.json,2048,1536
fog_seq58_00000029,fog_seq58,fog,train,train,train/FOG/rgb/58/00000029_rgb.png,train/FOG/nir/58/00000029_nir.png,train/FOG/gtSeg/58/00000029_mask.json,2048,1536
fog_seq58_00000030,fog_seq58,fog,train,train,train/FOG/rgb/58/00000030_rgb.png,train/FOG/nir/58/00000030_nir.png,train/FOG/gtSeg/58/00000030_mask.json,2048,1536
fog_seq58_00000031,fog_seq58,fog,train,train,train/FOG/rgb/58/00000031_rgb.png,train/FOG/nir/58/00000031_nir.png,train/FOG/gtSeg/58/00000031_mask.json,2048,1536
fog_seq58_00000032,fog_seq58,fog,train,train,train/FOG/rgb/58/00000032_rgb.png,train/FOG/nir/58/00000032_nir.png,train/FOG/gtSeg/58/00000032_mask.json,2048,1536
fog_seq58_00000033,fog_seq58,fog,train,train,train/FOG/rgb/58/00000033_rgb.png,train/FOG/nir/58/00000033_nir.png,train/FOG/gtSeg/58/00000033_mask.json,2048,1536
fog_seq58_00000034,fog_seq58,fog,train,train,train/FOG/rgb/58/00000034_rgb.png,train/FOG/nir/58/00000034_nir.png,train/FOG/gtSeg/58/00000034_mask.json,2048,1536
fog_seq58_00000035,fog_seq58,fog,train,train,train/FOG/rgb/58/00000035_rgb.png,train/FOG/nir/58/00000035_nir.png,train/FOG/gtSeg/58/00000035_mask.json,2048,1536
fog_seq58_00000036,fog_seq58,fog,train,train,train/FOG/rgb/58/00000036_rgb.png,train/FOG/nir/58/00000036_nir.png,train/FOG/gtSeg/58/00000036_mask.json,2048,1536
fog_seq58_00000037,fog_seq58,fog,train,train,train/FOG/rgb/58/00000037_rgb.png,train/FOG/nir/58/00000037_nir.png,train/FOG/gtSeg/58/00000037_mask.json,2048,1536
fog_seq58_00000038,fog_seq58,fog,train,train,train/FOG/rgb/58/00000038_rgb.png,train/FOG/nir/58/00000038_nir.png,train/FOG/gtSeg/58/00000038_mask.json,2048,1536
fog_seq58_00000039,fog_seq58,fog,train,train,train/FOG/rgb/58/00000039_rgb.png,train/FOG/nir/58/00000039_nir.png,train/FOG/gtSeg/58/00000039_mask.json,2048,1536
fog_seq58_00000040,fog_seq58,fog,train,train,train/FOG/rgb/58/00000040_rgb.png,train/FOG/nir/58/00000040_nir.png,train/FOG/gtSeg/58/00000040_mask.json,2048,1536
fog_seq58_00000041,fog_seq58,fog,train,train,train/FOG/rgb/58/00000041_rgb.png,train/FOG/nir/58/00000041_nir.png,train/FOG/gtSeg/58/00000041_mask.json,2048,1536
fog_seq58_00000042,fog_seq58,fog,train,train,train/FOG/rgb/58/00000042_rgb.png,train/FOG/nir/58/00000042_nir.png,train/FOG/gtSeg/58/00000042_mask.json,2048,1536
fog_seq58_00000043,fog_seq58,fog,train,train,train/FOG/rgb/58/00000043_rgb.png,train/FOG/nir/58/00000043_nir.png,train/FOG/gtSeg/58/00000043_mask.json,2048,1536
fog_seq58_00000044,fog_seq58,fog,train,train,train/FOG/rgb/58/00000044_rgb.png,train/FOG/nir/58/00000044_nir.png,train/FOG/gtSeg/58/00000044_mask.json,2048,1536
fog_seq58_00000045,fog_seq58,fog,train,train,train/FOG/rgb/58/00000045_rgb.png,train/FOG/nir/58/00000045_nir.png,train/FOG/gtSeg/58/00000045_mask.json,2048,1536
fog_seq58_00000046,fog_seq58,fog,train,train,train/FOG/rgb/58/00000046_rgb.png,train/FOG/nir/58/00000046_nir.png,train/FOG/gtSeg/58/00000046_mask.json,2048,1536
fog_seq58_00000047,fog_seq58,fog,train,train,train/FOG/rgb/58/00000047_rgb.png,train/FOG/nir/58/00000047_nir.png,train/FOG/gtSeg/58/00000047_mask.json,2048,1536
fog_seq58_00000048,fog_seq58,fog,train,train,train/FOG/rgb/58/00000048_rgb.png,train/FOG/nir/58/00000048_nir.png,train/FOG/gtSeg/58/00000048_mask.json,2048,1536
fog_seq58_00000049,fog_seq58,fog,train,train,train/FOG/rgb/58/00000049_rgb.png,train/FOG/nir/58/00000049_nir.png,train/FOG/gtSeg/58/00000049_mask.json,2048,1536
fog_seq58_00000050,fog_seq58,fog,train,train,train/FOG/rgb/58/00000050_rgb.png,train/FOG/nir/58/00000050_nir.png,train/FOG/gtSeg/58/00000050_mask.json,2048,1536
fog_seq58_00000051,fog_seq58,fog,train,train,train/FOG/rgb/58/00000051_rgb.png,train/FOG/nir/58/00000051_nir.png,train/FOG/gtSeg/58/00000051_mask.json,2048,1536
fog_seq58_00000052,fog_seq58,fog,train,train,train/FOG/rgb/58/00000052_rgb.png,train/FOG/nir/58/00000052_nir.png,train/FOG/gtSeg/58/00000052_mask.json,2048,1536
fog_seq58_00000053,fog_seq58,fog,train,train,train/FOG/rgb/58/00000053_rgb.png,train/FOG/nir/58/00000053_nir.png,train/FOG/gtSeg/58/00000053_mask.json,2048,1536
fog_seq58_00000054,fog_seq58,fog,train,train,train/FOG/rgb/58/00000054_rgb.png,train/FOG/nir/58/00000054_nir.png,train/FOG/gtSeg/58/00000054_mask.json,2048,1536
fog_seq58_00000055,fog_seq58,fog,train,train,train/FOG/rgb/58/00000055_rgb.png,train/FOG/nir/58/00000055_nir.png,train/FOG/gtSeg/58/00000055_mask.json,2048,1536
fog_seq58_00000056,fog_seq58,fog,train,train,train/FOG/rgb/58/00000056_rgb.png,train/FOG/nir/58/00000056_nir.png,train/FOG/gtSeg/58/00000056_mask.json,2048,1536
fog_seq58_00000057,fog_seq58,fog,train,train,train/FOG/rgb/58/00000057_rgb.png,train/FOG/nir/58/00000057_nir.png,train/FOG/gtSeg/58/00000057_mask.json,2048,1536
fog_seq58_00000058,fog_seq58,fog,train,train,train/FOG/rgb/58/00000058_rgb.png,train/FOG/nir/58/00000058_nir.png,train/FOG/gtSeg/58/00000058_mask.json,2048,1536
fog_seq58_00000059,fog_seq58,fog,train,train,train/FOG/rgb/58/00000059_rgb.png,train/FOG/nir/58/00000059_nir.png,train/FOG/gtSeg/58/00000059_mask.json,2048,1536
fog_seq58_00000060,fog_seq58,fog,train,train,train/FOG/rgb/58/00000060_rgb.png,train/FOG/nir/58/00000060_nir.png,train/FOG/gtSeg/58/00000060_mask.json,2048,1536
fog_seq58_00000061,fog_seq58,fog,train,train,train/FOG/rgb/58/00000061_rgb.png,train/FOG/nir/58/00000061_nir.png,train/FOG/gtSeg/58/00000061_mask.json,2048,1536
fog_seq58_00000062,fog_seq58,fog,train,train,train/FOG/rgb/58/00000062_rgb.png,train/FOG/nir/58/00000062_nir.png,train/FOG/gtSeg/58/00000062_mask.json,2048,1536
fog_seq58_00000063,fog_seq58,fog,train,train,train/FOG/rgb/58/00000063_rgb.png,train/FOG/nir/58/00000063_nir.png,train/FOG/gtSeg/58/00000063_mask.json,2048,1536
fog_seq58_00000064,fog_seq58,fog,train,train,train/FOG/rgb/58/00000064_rgb.png,train/FOG/nir/58/00000064_nir.png,train/FOG/gtSeg/58/00000064_mask.json,2048,1536
fog_seq58_00000065,fog_seq58,fog,train,train,train/FOG/rgb/58/00000065_rgb.png,train/FOG/nir/58/00000065_nir.png,train/FOG/gtSeg/58/00000065_mask.json,2048,1536
fog_seq58_00000066,fog_seq58,fog,train,train,train/FOG/rgb/58/00000066_rgb.png,train/FOG/nir/58/00000066_nir.png,train/FOG/gtSeg/58/00000066_mask.json,2048,1536
fog_seq58_00000067,fog_seq58,fog,train,train,train/FOG/rgb/58/00000067_rgb.png,train/FOG/nir/58/00000067_nir.png,train/FOG/gtSeg/58/00000067_mask.json,2048,1536
fog_seq58_00000068,fog_seq58,fog,train,train,train/FOG/rgb/58/00000068_rgb.png,train/FOG/nir/58/00000068_nir.png,train/FOG/gtSeg/58/00000068_mask.json,2048,1536
fog_seq58_00000069,fog_seq58,fog,train,train,train/FOG/rgb/58/00000069_rgb.png,train/FOG/nir/58/00000069_nir.png,train/FOG/gtSeg/58/00000069_mask.json,2048,1536
fog_seq58_00000070,fog_seq58,fog,train,train,train/FOG/rgb/58/00000070_rgb.png,train/FOG/nir/58/00000070_nir.png,train/FOG/gtSeg/58/00000070_mask.json,2048,1536
fog_seq58_00000071,fog_seq58,fog,train,train,train/FOG/rgb/58/00000071_rgb.png,train/FOG/nir/58/00000071_nir.png,train/FOG/gtSeg/58/00000071_mask.json,2048,1536
fog_seq58_00000072,fog_seq58,fog,train,train,train/FOG/rgb/58/00000072_rgb.png,train/FOG/nir/58/00000072_nir.png,train/FOG/gtSeg/58/00000072_mask.json,2048,1536
fog_seq58_00000073,fog_seq58,fog,train,train,train/FOG/rgb/58/00000073_rgb.png,train/FOG/nir/58/00000073_nir.png,train/FOG/gtSeg/58/00000073_mask.json,2048,1536
fog_seq58_00000074,fog_seq58,fog,train,train,train/FOG/rgb/58/00000074_rgb.png,train/FOG/nir/58/00000074_nir.png,train/FOG/gtSeg/58/00000074_mask.json,2048,1536
fog_seq58_00000075,fog_seq58,fog,train,train,train/FOG/rgb/58/00000075_rgb.png,train/FOG/nir/58/00000075_nir.png,train/FOG/gtSeg/58/00000075_mask.json,2048,1536
fog_seq58_00000076,fog_seq58,fog,train,train,train/FOG/rgb/58/00000076_rgb.png,train/FOG/nir/58/00000076_nir.png,train/FOG/gtSeg/58/00000076_mask.json,2048,1536
fog_seq58_00000077,fog_seq58,fog,train,train,train/FOG/rgb/58/00000077_rgb.png,train/FOG/nir/58/00000077_nir.png,train/FOG/gtSeg/58/00000077_mask.json,2048,1536
fog_seq58_00000078,fog_seq58,fog,train,train,train/FOG/rgb/58/00000078_rgb.png,train/FOG/nir/58/00000078_nir.png,train/FOG/gtSeg/58/00000078_mask.json,2048,1536
fog_seq58_00000079,fog_seq58,fog,train,train,train/FOG/rgb/58/00000079_rgb.png,train/FOG/nir/58/00000079_nir.png,train/FOG/gtSeg/58/00000079_mask.json,2048,1536
fog_seq58_00000080,fog_seq58,fog,train,train,train/FOG/rgb/58/00000080_rgb.png,train/FOG/nir/58/00000080_nir.png,train/FOG/gtSeg/58/00000080_mask.json,2048,1536
fog_seq58_00000081,fog_seq58,fog,train,train,train/FOG/rgb/58/00000081_rgb.png,train/FOG/nir/58/00000081_nir.png,train/FOG/gtSeg/58/00000081_mask.json,2048,1536
fog_seq58_00000082,fog_seq58,fog,train,train,train/FOG/rgb/58/00000082_rgb.png,train/FOG/nir/58/00000082_nir.png,train/FOG/gtSeg/58/00000082_mask.json,2048,1536
fog_seq58_00000083,fog_seq58,fog,train,train,train/FOG/rgb/58/00000083_rgb.png,train/FOG/nir/58/00000083_nir.png,train/FOG/gtSeg/58/00000083_mask.json,2048,1536
fog_seq58_00000084,fog_seq58,fog,train,train,train/FOG/rgb/58/00000084_rgb.png,train/FOG/nir/58/00000084_nir.png,train/FOG/gtSeg/58/00000084_mask.json,2048,1536
fog_seq58_00000085,fog_seq58,fog,train,train,train/FOG/rgb/58/00000085_rgb.png,train/FOG/nir/58/00000085_nir.png,train/FOG/gtSeg/58/00000085_mask.json,2048,1536
fog_seq58_00000086,fog_seq58,fog,train,train,train/FOG/rgb/58/00000086_rgb.png,train/FOG/nir/58/00000086_nir.png,train/FOG/gtSeg/58/00000086_mask.json,2048,1536
fog_seq58_00000087,fog_seq58,fog,train,train,train/FOG/rgb/58/00000087_rgb.png,train/FOG/nir/58/00000087_nir.png,train/FOG/gtSeg/58/00000087_mask.json,2048,1536
fog_seq58_00000088,fog_seq58,fog,train,train,train/FOG/rgb/58/00000088_rgb.png,train/FOG/nir/58/00000088_nir.png,train/FOG/gtSeg/58/00000088_mask.json,2048,1536
fog_seq58_00000089,fog_seq58,fog,train,train,train/FOG/rgb/58/00000089_rgb.png,train/FOG/nir/58/00000089_nir.png,train/FOG/gtSeg/58/00000089_mask.json,2048,1536
fog_seq58_00000090,fog_seq58,fog,train,train,train/FOG/rgb/58/00000090_rgb.png,train/FOG/nir/58/00000090_nir.png,train/FOG/gtSeg/58/00000090_mask.json,2048,1536
fog_seq58_00000091,fog_seq58,fog,train,train,train/FOG/rgb/58/00000091_rgb.png,train/FOG/nir/58/00000091_nir.png,train/FOG/gtSeg/58/00000091_mask.json,2048,1536
fog_seq58_00000092,fog_seq58,fog,train,train,train/FOG/rgb/58/00000092_rgb.png,train/FOG/nir/58/00000092_nir.png,train/FOG/gtSeg/58/00000092_mask.json,2048,1536
fog_seq58_00000093,fog_seq58,fog,train,train,train/FOG/rgb/58/00000093_rgb.png,train/FOG/nir/58/00000093_nir.png,train/FOG/gtSeg/58/00000093_mask.json,2048,1536
fog_seq58_00000094,fog_seq58,fog,train,train,train/FOG/rgb/58/00000094_rgb.png,train/FOG/nir/58/00000094_nir.png,train/FOG/gtSeg/58/00000094_mask.json,2048,1536
fog_seq58_00000095,fog_seq58,fog,train,train,train/FOG/rgb/58/00000095_rgb.png,train/FOG/nir/58/00000095_nir.png,train/FOG/gtSeg/58/00000095_mask.json,2048,1536
fog_seq58_00000096,fog_seq58,fog,train,train,train/FOG/rgb/58/00000096_rgb.png,train/FOG/nir/58/00000096_nir.png,train/FOG/gtSeg/58/00000096_mask.json,2048,1536
fog_seq60_00000000,fog_seq60,fog,train,test,train/FOG/rgb/60/00000000_rgb.png,train/FOG/nir/60/00000000_nir.png,train/FOG/gtSeg/60/00000000_mask.json,2048,1536
fog_seq60_00000001,fog_seq60,fog,train,test,train/FOG/rgb/60/00000001_rgb.png,train/FOG/nir/60/00000001_nir.png,train/FOG/gtSeg/60/00000001_mask.json,2048,1536
fog_seq60_00000002,fog_seq60,fog,train,test,train/FOG/rgb/60/00000002_rgb.png,train/FOG/nir/60/00000002_nir.png,train/FOG/gtSeg/60/00000002_mask.json,2048,1536
fog_seq60_00000003,fog_seq60,fog,train,test,train/FOG/rgb/60/00000003_rgb.png,train/FOG/nir/60/00000003_nir.png,train/FOG/gtSeg/60/00000003_mask.json,2048,1536
fog_seq60_00000004,fog_seq60,fog,train,test,train/FOG/rgb/60/00000004_rgb.png,train/FOG/nir/60/00000004_nir.png,train/FOG/gtSeg/60/00000004_mask.json,2048,1536
fog_seq60_00000005,fog_seq60,fog,train,test,train/FOG/rgb/60/00000005_rgb.png,train/FOG/nir/60/00000005_nir.png,train/FOG/gtSeg/60/00000005_mask.json,2048,1536
fog_seq60_00000006,fog_seq60,fog,train,test,train/FOG/rgb/60/00000006_rgb.png,train/FOG/nir/60/00000006_nir.png,train/FOG/gtSeg/60/00000006_mask.json,2048,1536
fog_seq60_00000007,fog_seq60,fog,train,test,train/FOG/rgb/60/00000007_rgb.png,train/FOG/nir/60/00000007_nir.png,train/FOG/gtSeg/60/00000007_mask.json,2048,1536
fog_seq61_00000000,fog_seq61,fog,train,test,train/FOG/rgb/61/00000000_rgb.png,train/FOG/nir/61/00000000_nir.png,train/FOG/gtSeg/61/00000000_mask.json,2048,1536
fog_seq63_00000000,fog_seq63,fog,train,test,train/FOG/rgb/63/00000000_rgb.png,train/FOG/nir/63/00000000_nir.png,train/FOG/gtSeg/63/00000000_mask.json,2048,1536
fog_seq63_00000001,fog_seq63,fog,train,test,train/FOG/rgb/63/00000001_rgb.png,train/FOG/nir/63/00000001_nir.png,train/FOG/gtSeg/63/00000001_mask.json,2048,1536
fog_seq63_00000002,fog_seq63,fog,train,test,train/FOG/rgb/63/00000002_rgb.png,train/FOG/nir/63/00000002_nir.png,train/FOG/gtSeg/63/00000002_mask.json,2048,1536
fog_seq63_00000003,fog_seq63,fog,train,test,train/FOG/rgb/63/00000003_rgb.png,train/FOG/nir/63/00000003_nir.png,train/FOG/gtSeg/63/00000003_mask.json,2048,1536
fog_seq63_00000004,fog_seq63,fog,train,test,train/FOG/rgb/63/00000004_rgb.png,train/FOG/nir/63/00000004_nir.png,train/FOG/gtSeg/63/00000004_mask.json,2048,1536
fog_seq63_00000005,fog_seq63,fog,train,test,train/FOG/rgb/63/00000005_rgb.png,train/FOG/nir/63/00000005_nir.png,train/FOG/gtSeg/63/00000005_mask.json,2048,1536
fog_seq63_00000006,fog_seq63,fog,train,test,train/FOG/rgb/63/00000006_rgb.png,train/FOG/nir/63/00000006_nir.png,train/FOG/gtSeg/63/00000006_mask.json,2048,1536
fog_seq63_00000007,fog_seq63,fog,train,test,train/FOG/rgb/63/00000007_rgb.png,train/FOG/nir/63/00000007_nir.png,train/FOG/gtSeg/63/00000007_mask.json,2048,1536
fog_seq63_00000008,fog_seq63,fog,train,test,train/FOG/rgb/63/00000008_rgb.png,train/FOG/nir/63/00000008_nir.png,train/FOG/gtSeg/63/00000008_mask.json,2048,1536
fog_seq63_00000009,fog_seq63,fog,train,test,train/FOG/rgb/63/00000009_rgb.png,train/FOG/nir/63/00000009_nir.png,train/FOG/gtSeg/63/00000009_mask.json,2048,1536
fog_seq63_00000010,fog_seq63,fog,train,test,train/FOG/rgb/63/00000010_rgb.png,train/FOG/nir/63/00000010_nir.png,train/FOG/gtSeg/63/00000010_mask.json,2048,1536
fog_seq63_00000011,fog_seq63,fog,train,test,train/FOG/rgb/63/00000011_rgb.png,train/FOG/nir/63/00000011_nir.png,train/FOG/gtSeg/63/00000011_mask.json,2048,1536
fog_seq63_00000012,fog_seq63,fog,train,test,train/FOG/rgb/63/00000012_rgb.png,train/FOG/nir/63/00000012_nir.png,train/FOG/gtSeg/63/00000012_mask.json,2048,1536
fog_seq63_00000013,fog_seq63,fog,train,test,train/FOG/rgb/63/00000013_rgb.png,train/FOG/nir/63/00000013_nir.png,train/FOG/gtSeg/63/00000013_mask.json,2048,1536
fog_seq63_00000014,fog_seq63,fog,train,test,train/FOG/rgb/63/00000014_rgb.png,train/FOG/nir/63/00000014_nir.png,train/FOG/gtSeg/63/00000014_mask.json,2048,1536
fog_seq63_00000015,fog_seq63,fog,train,test,train/FOG/rgb/63/00000015_rgb.png,train/FOG/nir/63/00000015_nir.png,train/FOG/gtSeg/63/00000015_mask.json,2048,1536
fog_seq63_00000016,fog_seq63,fog,train,test,train/FOG/rgb/63/00000016_rgb.png,train/FOG/nir/63/00000016_nir.png,train/FOG/gtSeg/63/00000016_mask.json,2048,1536
fog_seq63_00000017,fog_seq63,fog,train,test,train/FOG/rgb/63/00000017_rgb.png,train/FOG/nir/63/00000017_nir.png,train/FOG/gtSeg/63/00000017_mask.json,2048,1536
fog_seq63_00000018,fog_seq63,fog,train,test,train/FOG/rgb/63/00000018_rgb.png,train/FOG/nir/63/00000018_nir.png,train/FOG/gtSeg/63/00000018_mask.json,2048,1536
fog_seq63_00000019,fog_seq63,fog,train,test,train/FOG/rgb/63/00000019_rgb.png,train/FOG/nir/63/00000019_nir.png,train/FOG/gtSeg/63/00000019_mask.json,2048,1536
fog_seq63_00000020,fog_seq63,fog,train,test,train/FOG/rgb/63/00000020_rgb.png,train/FOG/nir/63/00000020_nir.png,train/FOG/gtSeg/63/00000020_mask.json,2048,1536
fog_seq63_00000021,fog_seq63,fog,train,test,train/FOG/rgb/63/00000021_rgb.png,train/FOG/nir/63/00000021_nir.png,train/FOG/gtSeg/63/00000021_mask.json,2048,1536
fog_seq63_00000022,fog_seq63,fog,train,test,train/FOG/rgb/63/00000022_rgb.png,train/FOG/nir/63/00000022_nir.png,train/FOG/gtSeg/63/00000022_mask.json,2048,1536
fog_seq63_00000023,fog_seq63,fog,train,test,train/FOG/rgb/63/00000023_rgb.png,train/FOG/nir/63/00000023_nir.png,train/FOG/gtSeg/63/00000023_mask.json,2048,1536
fog_seq63_00000024,fog_seq63,fog,train,test,train/FOG/rgb/63/00000024_rgb.png,train/FOG/nir/63/00000024_nir.png,train/FOG/gtSeg/63/00000024_mask.json,2048,1536
fog_seq63_00000025,fog_seq63,fog,train,test,train/FOG/rgb/63/00000025_rgb.png,train/FOG/nir/63/00000025_nir.png,train/FOG/gtSeg/63/00000025_mask.json,2048,1536
fog_seq63_00000026,fog_seq63,fog,train,test,train/FOG/rgb/63/00000026_rgb.png,train/FOG/nir/63/00000026_nir.png,train/FOG/gtSeg/63/00000026_mask.json,2048,1536
fog_seq63_00000027,fog_seq63,fog,train,test,train/FOG/rgb/63/00000027_rgb.png,train/FOG/nir/63/00000027_nir.png,train/FOG/gtSeg/63/00000027_mask.json,2048,1536
fog_seq63_00000028,fog_seq63,fog,train,test,train/FOG/rgb/63/00000028_rgb.png,train/FOG/nir/63/00000028_nir.png,train/FOG/gtSeg/63/00000028_mask.json,2048,1536
fog_seq63_00000029,fog_seq63,fog,train,test,train/FOG/rgb/63/00000029_rgb.png,train/FOG/nir/63/00000029_nir.png,train/FOG/gtSeg/63/00000029_mask.json,2048,1536
fog_seq63_00000030,fog_seq63,fog,train,test,train/FOG/rgb/63/00000030_rgb.png,train/FOG/nir/63/00000030_nir.png,train/FOG/gtSeg/63/00000030_mask.json,2048,1536
fog_seq63_00000031,fog_seq63,fog,train,test,train/FOG/rgb/63/00000031_rgb.png,train/FOG/nir/63/00000031_nir.png,train/FOG/gtSeg/63/00000031_mask.json,2048,1536
fog_seq63_00000032,fog_seq63,fog,train,test,train/FOG/rgb/63/00000032_rgb.png,train/FOG/nir/63/00000032_nir.png,train/FOG/gtSeg/63/00000032_mask.json,2048,1536
fog_seq63_00000033,fog_seq63,fog,train,test,train/FOG/rgb/63/00000033_rgb.png,train/FOG/nir/63/00000033_nir.png,train/FOG/gtSeg/63/00000033_mask.json,2048,1536
fog_seq63_00000034,fog_seq63,fog,train,test,train/FOG/rgb/63/00000034_rgb.png,train/FOG/nir/63/00000034_nir.png,train/FOG/gtSeg/63/00000034_mask.json,2048,1536
fog_seq63_00000035,fog_seq63,fog,train,test,train/FOG/rgb/63/00000035_rgb.png,train/FOG/nir/63/00000035_nir.png,train/FOG/gtSeg/63/00000035_mask.json,2048,1536
fog_seq63_00000036,fog_seq63,fog,train,test,train/FOG/rgb/63/00000036_rgb.png,train/FOG/nir/63/00000036_nir.png,train/FOG/gtSeg/63/00000036_mask.json,2048,1536
fog_seq63_00000037,fog_seq63,fog,train,test,train/FOG/rgb/63/00000037_rgb.png,train/FOG/nir/63/00000037_nir.png,train/FOG/gtSeg/63/00000037_mask.json,2048,1536
fog_seq63_00000038,fog_seq63,fog,train,test,train/FOG/rgb/63/00000038_rgb.png,train/FOG/nir/63/00000038_nir.png,train/FOG/gtSeg/63/00000038_mask.json,2048,1536
fog_seq63_00000039,fog_seq63,fog,train,test,train/FOG/rgb/63/00000039_rgb.png,train/FOG/nir/63/00000039_nir.png,train/FOG/gtSeg/63/00000039_mask.json,2048,1536
fog_seq63_00000040,fog_seq63,fog,train,test,train/FOG/rgb/63/00000040_rgb.png,train/FOG/nir/63/00000040_nir.png,train/FOG/gtSeg/63/00000040_mask.json,2048,1536
fog_seq64_00000000,fog_seq64,fog,train,train,train/FOG/rgb/64/00000000_rgb.png,train/FOG/nir/64/00000000_nir.png,train/FOG/gtSeg/64/00000000_mask.json,2048,1536
fog_seq64_00000001,fog_seq64,fog,train,train,train/FOG/rgb/64/00000001_rgb.png,train/FOG/nir/64/00000001_nir.png,train/FOG/gtSeg/64/00000001_mask.json,2048,1536
fog_seq64_00000002,fog_seq64,fog,train,train,train/FOG/rgb/64/00000002_rgb.png,train/FOG/nir/64/00000002_nir.png,train/FOG/gtSeg/64/00000002_mask.json,2048,1536
fog_seq64_00000003,fog_seq64,fog,train,train,train/FOG/rgb/64/00000003_rgb.png,train/FOG/nir/64/00000003_nir.png,train/FOG/gtSeg/64/00000003_mask.json,2048,1536
fog_seq64_00000004,fog_seq64,fog,train,train,train/FOG/rgb/64/00000004_rgb.png,train/FOG/nir/64/00000004_nir.png,train/FOG/gtSeg/64/00000004_mask.json,2048,1536
fog_seq64_00000005,fog_seq64,fog,train,train,train/FOG/rgb/64/00000005_rgb.png,train/FOG/nir/64/00000005_nir.png,train/FOG/gtSeg/64/00000005_mask.json,2048,1536
fog_seq64_00000006,fog_seq64,fog,train,train,train/FOG/rgb/64/00000006_rgb.png,train/FOG/nir/64/00000006_nir.png,train/FOG/gtSeg/64/00000006_mask.json,2048,1536
fog_seq64_00000007,fog_seq64,fog,train,train,train/FOG/rgb/64/00000007_rgb.png,train/FOG/nir/64/00000007_nir.png,train/FOG/gtSeg/64/00000007_mask.json,2048,1536
fog_seq64_00000008,fog_seq64,fog,train,train,train/FOG/rgb/64/00000008_rgb.png,train/FOG/nir/64/00000008_nir.png,train/FOG/gtSeg/64/00000008_mask.json,2048,1536
fog_seq64_00000009,fog_seq64,fog,train,train,train/FOG/rgb/64/00000009_rgb.png,train/FOG/nir/64/00000009_nir.png,train/FOG/gtSeg/64/00000009_mask.json,2048,1536
fog_seq64_00000010,fog_seq64,fog,train,train,train/FOG/rgb/64/00000010_rgb.png,train/FOG/nir/64/00000010_nir.png,train/FOG/gtSeg/64/00000010_mask.json,2048,1536
fog_seq65_00000000,fog_seq65,fog,train,test,train/FOG/rgb/65/00000000_rgb.png,train/FOG/nir/65/00000000_nir.png,train/FOG/gtSeg/65/00000000_mask.json,2048,1536
fog_seq65_00000001,fog_seq65,fog,train,test,train/FOG/rgb/65/00000001_rgb.png,train/FOG/nir/65/00000001_nir.png,train/FOG/gtSeg/65/00000001_mask.json,2048,1536
fog_seq65_00000002,fog_seq65,fog,train,test,train/FOG/rgb/65/00000002_rgb.png,train/FOG/nir/65/00000002_nir.png,train/FOG/gtSeg/65/00000002_mask.json,2048,1536
fog_seq65_00000003,fog_seq65,fog,train,test,train/FOG/rgb/65/00000003_rgb.png,train/FOG/nir/65/00000003_nir.png,train/FOG/gtSeg/65/00000003_mask.json,2048,1536
fog_seq65_00000004,fog_seq65,fog,train,test,train/FOG/rgb/65/00000004_rgb.png,train/FOG/nir/65/00000004_nir.png,train/FOG/gtSeg/65/00000004_mask.json,2048,1536
fog_seq65_00000005,fog_seq65,fog,train,test,train/FOG/rgb/65/00000005_rgb.png,train/FOG/nir/65/00000005_nir.png,train/FOG/gtSeg/65/00000005_mask.json,2048,1536
fog_seq65_00000006,fog_seq65,fog,train,test,train/FOG/rgb/65/00000006_rgb.png,train/FOG/nir/65/00000006_nir.png,train/FOG/gtSeg/65/00000006_mask.json,2048,1536
fog_seq65_00000007,fog_seq65,fog,train,test,train/FOG/rgb/65/00000007_rgb.png,train/FOG/nir/65/00000007_nir.png,train/FOG/gtSeg/65/00000007_mask.json,2048,1536
fog_seq65_00000008,fog_seq65,fog,train,test,train/FOG/rgb/65/00000008_rgb.png,train/FOG/nir/65/00000008_nir.png,train/FOG/gtSeg/65/00000008_mask.json,2048,1536
fog_seq65_00000009,fog_seq65,fog,train,test,train/FOG/rgb/65/00000009_rgb.png,train/FOG/nir/65/00000009_nir.png,train/FOG/gtSeg/65/00000009_mask.json,2048,1536
fog_seq65_00000010,fog_seq65,fog,train,test,train/FOG/rgb/65/00000010_rgb.png,train/FOG/nir/65/00000010_nir.png,train/FOG/gtSeg/65/00000010_mask.json,2048,1536
fog_seq65_00000011,fog_seq65,fog,train,test,train/FOG/rgb/65/00000011_rgb.png,train/FOG/nir/65/00000011_nir.png,train/FOG/gtSeg/65/00000011_mask.json,2048,1536
fog_seq65_00000012,fog_seq65,fog,train,test,train/FOG/rgb/65/00000012_rgb.png,train/FOG/nir/65/00000012_nir.png,train/FOG/gtSeg/65/00000012_mask.json,2048,1536
fog_seq65_00000013,fog_seq65,fog,train,test,train/FOG/rgb/65/00000013_rgb.png,train/FOG/nir/65/00000013_nir.png,train/FOG/gtSeg/65/00000013_mask.json,2048,1536
fog_seq65_00000014,fog_seq65,fog,train,test,train/FOG/rgb/65/00000014_rgb.png,train/FOG/nir/65/00000014_nir.png,train/FOG/gtSeg/65/00000014_mask.json,2048,1536
fog_seq65_00000015,fog_seq65,fog,train,test,train/FOG/rgb/65/00000015_rgb.png,train/FOG/nir/65/00000015_nir.png,train/FOG/gtSeg/65/00000015_mask.json,2048,1536
fog_seq65_00000016,fog_seq65,fog,train,test,train/FOG/rgb/65/00000016_rgb.png,train/FOG/nir/65/00000016_nir.png,train/FOG/gtSeg/65/00000016_mask.json,2048,1536
fog_seq65_00000017,fog_seq65,fog,train,test,train/FOG/rgb/65/00000017_rgb.png,train/FOG/nir/65/00000017_nir.png,train/FOG/gtSeg/65/00000017_mask.json,2048,1536
fog_seq65_00000018,fog_seq65,fog,train,test,train/FOG/rgb/65/00000018_rgb.png,train/FOG/nir/65/00000018_nir.png,train/FOG/gtSeg/65/00000018_mask.json,2048,1536
fog_seq65_00000019,fog_seq65,fog,train,test,train/FOG/rgb/65/00000019_rgb.png,train/FOG/nir/65/00000019_nir.png,train/FOG/gtSeg/65/00000019_mask.json,2048,1536
fog_seq65_00000020,fog_seq65,fog,train,test,train/FOG/rgb/65/00000020_rgb.png,train/FOG/nir/65/00000020_nir.png,train/FOG/gtSeg/65/00000020_mask.json,2048,1536
fog_seq65_00000021,fog_seq65,fog,train,test,train/FOG/rgb/65/00000021_rgb.png,train/FOG/nir/65/00000021_nir.png,train/FOG/gtSeg/65/00000021_mask.json,2048,1536
fog_seq65_00000022,fog_seq65,fog,train,test,train/FOG/rgb/65/00000022_rgb.png,train/FOG/nir/65/00000022_nir.png,train/FOG/gtSeg/65/00000022_mask.json,2048,1536
fog_seq65_00000023,fog_seq65,fog,train,test,train/FOG/rgb/65/00000023_rgb.png,train/FOG/nir/65/00000023_nir.png,train/FOG/gtSeg/65/00000023_mask.json,2048,1536
fog_seq65_00000024,fog_seq65,fog,train,test,train/FOG/rgb/65/00000024_rgb.png,train/FOG/nir/65/00000024_nir.png,train/FOG/gtSeg/65/00000024_mask.json,2048,1536
fog_seq65_00000025,fog_seq65,fog,train,test,train/FOG/rgb/65/00000025_rgb.png,train/FOG/nir/65/00000025_nir.png,train/FOG/gtSeg/65/00000025_mask.json,2048,1536
fog_seq65_00000026,fog_seq65,fog,train,test,train/FOG/rgb/65/00000026_rgb.png,train/FOG/nir/65/00000026_nir.png,train/FOG/gtSeg/65/00000026_mask.json,2048,1536
fog_seq65_00000027,fog_seq65,fog,train,test,train/FOG/rgb/65/00000027_rgb.png,train/FOG/nir/65/00000027_nir.png,train/FOG/gtSeg/65/00000027_mask.json,2048,1536
fog_seq65_00000028,fog_seq65,fog,train,test,train/FOG/rgb/65/00000028_rgb.png,train/FOG/nir/65/00000028_nir.png,train/FOG/gtSeg/65/00000028_mask.json,2048,1536
fog_seq65_00000029,fog_seq65,fog,train,test,train/FOG/rgb/65/00000029_rgb.png,train/FOG/nir/65/00000029_nir.png,train/FOG/gtSeg/65/00000029_mask.json,2048,1536
fog_seq65_00000030,fog_seq65,fog,train,test,train/FOG/rgb/65/00000030_rgb.png,train/FOG/nir/65/00000030_nir.png,train/FOG/gtSeg/65/00000030_mask.json,2048,1536
fog_seq65_00000031,fog_seq65,fog,train,test,train/FOG/rgb/65/00000031_rgb.png,train/FOG/nir/65/00000031_nir.png,train/FOG/gtSeg/65/00000031_mask.json,2048,1536
fog_seq65_00000032,fog_seq65,fog,train,test,train/FOG/rgb/65/00000032_rgb.png,train/FOG/nir/65/00000032_nir.png,train/FOG/gtSeg/65/00000032_mask.json,2048,1536
fog_seq65_00000033,fog_seq65,fog,train,test,train/FOG/rgb/65/00000033_rgb.png,train/FOG/nir/65/00000033_nir.png,train/FOG/gtSeg/65/00000033_mask.json,2048,1536
fog_seq65_00000034,fog_seq65,fog,train,test,train/FOG/rgb/65/00000034_rgb.png,train/FOG/nir/65/00000034_nir.png,train/FOG/gtSeg/65/00000034_mask.json,2048,1536
fog_seq65_00000035,fog_seq65,fog,train,test,train/FOG/rgb/65/00000035_rgb.png,train/FOG/nir/65/00000035_nir.png,train/FOG/gtSeg/65/00000035_mask.json,2048,1536
fog_seq65_00000036,fog_seq65,fog,train,test,train/FOG/rgb/65/00000036_rgb.png,train/FOG/nir/65/00000036_nir.png,train/FOG/gtSeg/65/00000036_mask.json,2048,1536
fog_seq65_00000037,fog_seq65,fog,train,test,train/FOG/rgb/65/00000037_rgb.png,train/FOG/nir/65/00000037_nir.png,train/FOG/gtSeg/65/00000037_mask.json,2048,1536
fog_seq65_00000038,fog_seq65,fog,train,test,train/FOG/rgb/65/00000038_rgb.png,train/FOG/nir/65/00000038_nir.png,train/FOG/gtSeg/65/00000038_mask.json,2048,1536
fog_seq65_00000039,fog_seq65,fog,train,test,train/FOG/rgb/65/00000039_rgb.png,train/FOG/nir/65/00000039_nir.png,train/FOG/gtSeg/65/00000039_mask.json,2048,1536
fog_seq65_00000040,fog_seq65,fog,train,test,train/FOG/rgb/65/00000040_rgb.png,train/FOG/nir/65/00000040_nir.png,train/FOG/gtSeg/65/00000040_mask.json,2048,1536
fog_seq65_00000041,fog_seq65,fog,train,test,train/FOG/rgb/65/00000041_rgb.png,train/FOG/nir/65/00000041_nir.png,train/FOG/gtSeg/65/00000041_mask.json,2048,1536
fog_seq65_00000042,fog_seq65,fog,train,test,train/FOG/rgb/65/00000042_rgb.png,train/FOG/nir/65/00000042_nir.png,train/FOG/gtSeg/65/00000042_mask.json,2048,1536
fog_seq65_00000043,fog_seq65,fog,train,test,train/FOG/rgb/65/00000043_rgb.png,train/FOG/nir/65/00000043_nir.png,train/FOG/gtSeg/65/00000043_mask.json,2048,1536
fog_seq65_00000044,fog_seq65,fog,train,test,train/FOG/rgb/65/00000044_rgb.png,train/FOG/nir/65/00000044_nir.png,train/FOG/gtSeg/65/00000044_mask.json,2048,1536
fog_seq65_00000045,fog_seq65,fog,train,test,train/FOG/rgb/65/00000045_rgb.png,train/FOG/nir/65/00000045_nir.png,train/FOG/gtSeg/65/00000045_mask.json,2048,1536
fog_seq65_00000046,fog_seq65,fog,train,test,train/FOG/rgb/65/00000046_rgb.png,train/FOG/nir/65/00000046_nir.png,train/FOG/gtSeg/65/00000046_mask.json,2048,1536
fog_seq65_00000047,fog_seq65,fog,train,test,train/FOG/rgb/65/00000047_rgb.png,train/FOG/nir/65/00000047_nir.png,train/FOG/gtSeg/65/00000047_mask.json,2048,1536
fog_seq65_00000048,fog_seq65,fog,train,test,train/FOG/rgb/65/00000048_rgb.png,train/FOG/nir/65/00000048_nir.png,train/FOG/gtSeg/65/00000048_mask.json,2048,1536
fog_seq67_00000000,fog_seq67,fog,train,val,train/FOG/rgb/67/00000000_rgb.png,train/FOG/nir/67/00000000_nir.png,train/FOG/gtSeg/67/00000000_mask.json,2048,1536
fog_seq67_00000001,fog_seq67,fog,train,val,train/FOG/rgb/67/00000001_rgb.png,train/FOG/nir/67/00000001_nir.png,train/FOG/gtSeg/67/00000001_mask.json,2048,1536
fog_seq67_00000002,fog_seq67,fog,train,val,train/FOG/rgb/67/00000002_rgb.png,train/FOG/nir/67/00000002_nir.png,train/FOG/gtSeg/67/00000002_mask.json,2048,1536
fog_seq67_00000003,fog_seq67,fog,train,val,train/FOG/rgb/67/00000003_rgb.png,train/FOG/nir/67/00000003_nir.png,train/FOG/gtSeg/67/00000003_mask.json,2048,1536
fog_seq67_00000004,fog_seq67,fog,train,val,train/FOG/rgb/67/00000004_rgb.png,train/FOG/nir/67/00000004_nir.png,train/FOG/gtSeg/67/00000004_mask.json,2048,1536
fog_seq67_00000005,fog_seq67,fog,train,val,train/FOG/rgb/67/00000005_rgb.png,train/FOG/nir/67/00000005_nir.png,train/FOG/gtSeg/67/00000005_mask.json,2048,1536
fog_seq67_00000006,fog_seq67,fog,train,val,train/FOG/rgb/67/00000006_rgb.png,train/FOG/nir/67/00000006_nir.png,train/FOG/gtSeg/67/00000006_mask.json,2048,1536
fog_seq67_00000007,fog_seq67,fog,train,val,train/FOG/rgb/67/00000007_rgb.png,train/FOG/nir/67/00000007_nir.png,train/FOG/gtSeg/67/00000007_mask.json,2048,1536
fog_seq67_00000008,fog_seq67,fog,train,val,train/FOG/rgb/67/00000008_rgb.png,train/FOG/nir/67/00000008_nir.png,train/FOG/gtSeg/67/00000008_mask.json,2048,1536
fog_seq67_00000009,fog_seq67,fog,train,val,train/FOG/rgb/67/00000009_rgb.png,train/FOG/nir/67/00000009_nir.png,train/FOG/gtSeg/67/00000009_mask.json,2048,1536
fog_seq67_00000010,fog_seq67,fog,train,val,train/FOG/rgb/67/00000010_rgb.png,train/FOG/nir/67/00000010_nir.png,train/FOG/gtSeg/67/00000010_mask.json,2048,1536
fog_seq67_00000011,fog_seq67,fog,train,val,train/FOG/rgb/67/00000011_rgb.png,train/FOG/nir/67/00000011_nir.png,train/FOG/gtSeg/67/00000011_mask.json,2048,1536
fog_seq67_00000012,fog_seq67,fog,train,val,train/FOG/rgb/67/00000012_rgb.png,train/FOG/nir/67/00000012_nir.png,train/FOG/gtSeg/67/00000012_mask.json,2048,1536
fog_seq67_00000013,fog_seq67,fog,train,val,train/FOG/rgb/67/00000013_rgb.png,train/FOG/nir/67/00000013_nir.png,train/FOG/gtSeg/67/00000013_mask.json,2048,1536
fog_seq67_00000014,fog_seq67,fog,train,val,train/FOG/rgb/67/00000014_rgb.png,train/FOG/nir/67/00000014_nir.png,train/FOG/gtSeg/67/00000014_mask.json,2048,1536
fog_seq67_00000015,fog_seq67,fog,train,val,train/FOG/rgb/67/00000015_rgb.png,train/FOG/nir/67/00000015_nir.png,train/FOG/gtSeg/67/00000015_mask.json,2048,1536
fog_seq67_00000016,fog_seq67,fog,train,val,train/FOG/rgb/67/00000016_rgb.png,train/FOG/nir/67/00000016_nir.png,train/FOG/gtSeg/67/00000016_mask.json,2048,1536
fog_seq67_00000017,fog_seq67,fog,train,val,train/FOG/rgb/67/00000017_rgb.png,train/FOG/nir/67/00000017_nir.png,train/FOG/gtSeg/67/00000017_mask.json,2048,1536
fog_seq67_00000018,fog_seq67,fog,train,val,train/FOG/rgb/67/00000018_rgb.png,train/FOG/nir/67/00000018_nir.png,train/FOG/gtSeg/67/00000018_mask.json,2048,1536
fog_seq67_00000019,fog_seq67,fog,train,val,train/FOG/rgb/67/00000019_rgb.png,train/FOG/nir/67/00000019_nir.png,train/FOG/gtSeg/67/00000019_mask.json,2048,1536
fog_seq67_00000020,fog_seq67,fog,train,val,train/FOG/rgb/67/00000020_rgb.png,train/FOG/nir/67/00000020_nir.png,train/FOG/gtSeg/67/00000020_mask.json,2048,1536
fog_seq67_00000021,fog_seq67,fog,train,val,train/FOG/rgb/67/00000021_rgb.png,train/FOG/nir/67/00000021_nir.png,train/FOG/gtSeg/67/00000021_mask.json,2048,1536
fog_seq67_00000022,fog_seq67,fog,train,val,train/FOG/rgb/67/00000022_rgb.png,train/FOG/nir/67/00000022_nir.png,train/FOG/gtSeg/67/00000022_mask.json,2048,1536
fog_seq67_00000023,fog_seq67,fog,train,val,train/FOG/rgb/67/00000023_rgb.png,train/FOG/nir/67/00000023_nir.png,train/FOG/gtSeg/67/00000023_mask.json,2048,1536
fog_seq67_00000024,fog_seq67,fog,train,val,train/FOG/rgb/67/00000024_rgb.png,train/FOG/nir/67/00000024_nir.png,train/FOG/gtSeg/67/00000024_mask.json,2048,1536
fog_seq67_00000025,fog_seq67,fog,train,val,train/FOG/rgb/67/00000025_rgb.png,train/FOG/nir/67/00000025_nir.png,train/FOG/gtSeg/67/00000025_mask.json,2048,1536
fog_seq67_00000026,fog_seq67,fog,train,val,train/FOG/rgb/67/00000026_rgb.png,train/FOG/nir/67/00000026_nir.png,train/FOG/gtSeg/67/00000026_mask.json,2048,1536
fog_seq67_00000027,fog_seq67,fog,train,val,train/FOG/rgb/67/00000027_rgb.png,train/FOG/nir/67/00000027_nir.png,train/FOG/gtSeg/67/00000027_mask.json,2048,1536
fog_seq67_00000028,fog_seq67,fog,train,val,train/FOG/rgb/67/00000028_rgb.png,train/FOG/nir/67/00000028_nir.png,train/FOG/gtSeg/67/00000028_mask.json,2048,1536
fog_seq67_00000029,fog_seq67,fog,train,val,train/FOG/rgb/67/00000029_rgb.png,train/FOG/nir/67/00000029_nir.png,train/FOG/gtSeg/67/00000029_mask.json,2048,1536
fog_seq67_00000030,fog_seq67,fog,train,val,train/FOG/rgb/67/00000030_rgb.png,train/FOG/nir/67/00000030_nir.png,train/FOG/gtSeg/67/00000030_mask.json,2048,1536
fog_seq67_00000031,fog_seq67,fog,train,val,train/FOG/rgb/67/00000031_rgb.png,train/FOG/nir/67/00000031_nir.png,train/FOG/gtSeg/67/00000031_mask.json,2048,1536
fog_seq67_00000032,fog_seq67,fog,train,val,train/FOG/rgb/67/00000032_rgb.png,train/FOG/nir/67/00000032_nir.png,train/FOG/gtSeg/67/00000032_mask.json,2048,1536
fog_seq67_00000033,fog_seq67,fog,train,val,train/FOG/rgb/67/00000033_rgb.png,train/FOG/nir/67/00000033_nir.png,train/FOG/gtSeg/67/00000033_mask.json,2048,1536
fog_seq67_00000034,fog_seq67,fog,train,val,train/FOG/rgb/67/00000034_rgb.png,train/FOG/nir/67/00000034_nir.png,train/FOG/gtSeg/67/00000034_mask.json,2048,1536
fog_seq67_00000035,fog_seq67,fog,train,val,train/FOG/rgb/67/00000035_rgb.png,train/FOG/nir/67/00000035_nir.png,train/FOG/gtSeg/67/00000035_mask.json,2048,1536
fog_seq67_00000036,fog_seq67,fog,train,val,train/FOG/rgb/67/00000036_rgb.png,train/FOG/nir/67/00000036_nir.png,train/FOG/gtSeg/67/00000036_mask.json,2048,1536
fog_seq67_00000037,fog_seq67,fog,train,val,train/FOG/rgb/67/00000037_rgb.png,train/FOG/nir/67/00000037_nir.png,train/FOG/gtSeg/67/00000037_mask.json,2048,1536
fog_seq67_00000038,fog_seq67,fog,train,val,train/FOG/rgb/67/00000038_rgb.png,train/FOG/nir/67/00000038_nir.png,train/FOG/gtSeg/67/00000038_mask.json,2048,1536
fog_seq67_00000039,fog_seq67,fog,train,val,train/FOG/rgb/67/00000039_rgb.png,train/FOG/nir/67/00000039_nir.png,train/FOG/gtSeg/67/00000039_mask.json,2048,1536
fog_seq67_00000040,fog_seq67,fog,train,val,train/FOG/rgb/67/00000040_rgb.png,train/FOG/nir/67/00000040_nir.png,train/FOG/gtSeg/67/00000040_mask.json,2048,1536
fog_seq67_00000041,fog_seq67,fog,train,val,train/FOG/rgb/67/00000041_rgb.png,train/FOG/nir/67/00000041_nir.png,train/FOG/gtSeg/67/00000041_mask.json,2048,1536
fog_seq67_00000042,fog_seq67,fog,train,val,train/FOG/rgb/67/00000042_rgb.png,train/FOG/nir/67/00000042_nir.png,train/FOG/gtSeg/67/00000042_mask.json,2048,1536
fog_seq67_00000043,fog_seq67,fog,train,val,train/FOG/rgb/67/00000043_rgb.png,train/FOG/nir/67/00000043_nir.png,train/FOG/gtSeg/67/00000043_mask.json,2048,1536
fog_seq67_00000044,fog_seq67,fog,train,val,train/FOG/rgb/67/00000044_rgb.png,train/FOG/nir/67/00000044_nir.png,train/FOG/gtSeg/67/00000044_mask.json,2048,1536
fog_seq67_00000045,fog_seq67,fog,train,val,train/FOG/rgb/67/00000045_rgb.png,train/FOG/nir/67/00000045_nir.png,train/FOG/gtSeg/67/00000045_mask.json,2048,1536
fog_seq67_00000046,fog_seq67,fog,train,val,train/FOG/rgb/67/00000046_rgb.png,train/FOG/nir/67/00000046_nir.png,train/FOG/gtSeg/67/00000046_mask.json,2048,1536
fog_seq67_00000047,fog_seq67,fog,train,val,train/FOG/rgb/67/00000047_rgb.png,train/FOG/nir/67/00000047_nir.png,train/FOG/gtSeg/67/00000047_mask.json,2048,1536
fog_seq67_00000048,fog_seq67,fog,train,val,train/FOG/rgb/67/00000048_rgb.png,train/FOG/nir/67/00000048_nir.png,train/FOG/gtSeg/67/00000048_mask.json,2048,1536
fog_seq67_00000049,fog_seq67,fog,train,val,train/FOG/rgb/67/00000049_rgb.png,train/FOG/nir/67/00000049_nir.png,train/FOG/gtSeg/67/00000049_mask.json,2048,1536
fog_seq67_00000050,fog_seq67,fog,train,val,train/FOG/rgb/67/00000050_rgb.png,train/FOG/nir/67/00000050_nir.png,train/FOG/gtSeg/67/00000050_mask.json,2048,1536
fog_seq67_00000051,fog_seq67,fog,train,val,train/FOG/rgb/67/00000051_rgb.png,train/FOG/nir/67/00000051_nir.png,train/FOG/gtSeg/67/00000051_mask.json,2048,1536
fog_seq67_00000052,fog_seq67,fog,train,val,train/FOG/rgb/67/00000052_rgb.png,train/FOG/nir/67/00000052_nir.png,train/FOG/gtSeg/67/00000052_mask.json,2048,1536
fog_seq67_00000053,fog_seq67,fog,train,val,train/FOG/rgb/67/00000053_rgb.png,train/FOG/nir/67/00000053_nir.png,train/FOG/gtSeg/67/00000053_mask.json,2048,1536
fog_seq67_00000054,fog_seq67,fog,train,val,train/FOG/rgb/67/00000054_rgb.png,train/FOG/nir/67/00000054_nir.png,train/FOG/gtSeg/67/00000054_mask.json,2048,1536
fog_seq67_00000055,fog_seq67,fog,train,val,train/FOG/rgb/67/00000055_rgb.png,train/FOG/nir/67/00000055_nir.png,train/FOG/gtSeg/67/00000055_mask.json,2048,1536
fog_seq67_00000056,fog_seq67,fog,train,val,train/FOG/rgb/67/00000056_rgb.png,train/FOG/nir/67/00000056_nir.png,train/FOG/gtSeg/67/00000056_mask.json,2048,1536
fog_seq67_00000057,fog_seq67,fog,train,val,train/FOG/rgb/67/00000057_rgb.png,train/FOG/nir/67/00000057_nir.png,train/FOG/gtSeg/67/00000057_mask.json,2048,1536
fog_seq67_00000058,fog_seq67,fog,train,val,train/FOG/rgb/67/00000058_rgb.png,train/FOG/nir/67/00000058_nir.png,train/FOG/gtSeg/67/00000058_mask.json,2048,1536
fog_seq67_00000059,fog_seq67,fog,train,val,train/FOG/rgb/67/00000059_rgb.png,train/FOG/nir/67/00000059_nir.png,train/FOG/gtSeg/67/00000059_mask.json,2048,1536
fog_seq67_00000060,fog_seq67,fog,train,val,train/FOG/rgb/67/00000060_rgb.png,train/FOG/nir/67/00000060_nir.png,train/FOG/gtSeg/67/00000060_mask.json,2048,1536
fog_seq67_00000061,fog_seq67,fog,train,val,train/FOG/rgb/67/00000061_rgb.png,train/FOG/nir/67/00000061_nir.png,train/FOG/gtSeg/67/00000061_mask.json,2048,1536
fog_seq67_00000062,fog_seq67,fog,train,val,train/FOG/rgb/67/00000062_rgb.png,train/FOG/nir/67/00000062_nir.png,train/FOG/gtSeg/67/00000062_mask.json,2048,1536
fog_seq67_00000063,fog_seq67,fog,train,val,train/FOG/rgb/67/00000063_rgb.png,train/FOG/nir/67/00000063_nir.png,train/FOG/gtSeg/67/00000063_mask.json,2048,1536
fog_seq67_00000064,fog_seq67,fog,train,val,train/FOG/rgb/67/00000064_rgb.png,train/FOG/nir/67/00000064_nir.png,train/FOG/gtSeg/67/00000064_mask.json,2048,1536
fog_seq67_00000065,fog_seq67,fog,train,val,train/FOG/rgb/67/00000065_rgb.png,train/FOG/nir/67/00000065_nir.png,train/FOG/gtSeg/67/00000065_mask.json,2048,1536
fog_seq67_00000066,fog_seq67,fog,train,val,train/FOG/rgb/67/00000066_rgb.png,train/FOG/nir/67/00000066_nir.png,train/FOG/gtSeg/67/00000066_mask.json,2048,1536
fog_seq67_00000067,fog_seq67,fog,train,val,train/FOG/rgb/67/00000067_rgb.png,train/FOG/nir/67/00000067_nir.png,train/FOG/gtSeg/67/00000067_mask.json,2048,1536
fog_seq67_00000068,fog_seq67,fog,train,val,train/FOG/rgb/67/00000068_rgb.png,train/FOG/nir/67/00000068_nir.png,train/FOG/gtSeg/67/00000068_mask.json,2048,1536
fog_seq67_00000069,fog_seq67,fog,train,val,train/FOG/rgb/67/00000069_rgb.png,train/FOG/nir/67/00000069_nir.png,train/FOG/gtSeg/67/00000069_mask.json,2048,1536
fog_seq67_00000070,fog_seq67,fog,train,val,train/FOG/rgb/67/00000070_rgb.png,train/FOG/nir/67/00000070_nir.png,train/FOG/gtSeg/67/00000070_mask.json,2048,1536
fog_seq67_00000071,fog_seq67,fog,train,val,train/FOG/rgb/67/00000071_rgb.png,train/FOG/nir/67/00000071_nir.png,train/FOG/gtSeg/67/00000071_mask.json,2048,1536
fog_seq67_00000072,fog_seq67,fog,train,val,train/FOG/rgb/67/00000072_rgb.png,train/FOG/nir/67/00000072_nir.png,train/FOG/gtSeg/67/00000072_mask.json,2048,1536
fog_seq67_00000073,fog_seq67,fog,train,val,train/FOG/rgb/67/00000073_rgb.png,train/FOG/nir/67/00000073_nir.png,train/FOG/gtSeg/67/00000073_mask.json,2048,1536
fog_seq67_00000074,fog_seq67,fog,train,val,train/FOG/rgb/67/00000074_rgb.png,train/FOG/nir/67/00000074_nir.png,train/FOG/gtSeg/67/00000074_mask.json,2048,1536
fog_seq67_00000075,fog_seq67,fog,train,val,train/FOG/rgb/67/00000075_rgb.png,train/FOG/nir/67/00000075_nir.png,train/FOG/gtSeg/67/00000075_mask.json,2048,1536
fog_seq67_00000076,fog_seq67,fog,train,val,train/FOG/rgb/67/00000076_rgb.png,train/FOG/nir/67/00000076_nir.png,train/FOG/gtSeg/67/00000076_mask.json,2048,1536
fog_seq67_00000077,fog_seq67,fog,train,val,train/FOG/rgb/67/00000077_rgb.png,train/FOG/nir/67/00000077_nir.png,train/FOG/gtSeg/67/00000077_mask.json,2048,1536
fog_seq67_00000078,fog_seq67,fog,train,val,train/FOG/rgb/67/00000078_rgb.png,train/FOG/nir/67/00000078_nir.png,train/FOG/gtSeg/67/00000078_mask.json,2048,1536
fog_seq67_00000079,fog_seq67,fog,train,val,train/FOG/rgb/67/00000079_rgb.png,train/FOG/nir/67/00000079_nir.png,train/FOG/gtSeg/67/00000079_mask.json,2048,1536
fog_seq67_00000080,fog_seq67,fog,train,val,train/FOG/rgb/67/00000080_rgb.png,train/FOG/nir/67/00000080_nir.png,train/FOG/gtSeg/67/00000080_mask.json,2048,1536
fog_seq67_00000081,fog_seq67,fog,train,val,train/FOG/rgb/67/00000081_rgb.png,train/FOG/nir/67/00000081_nir.png,train/FOG/gtSeg/67/00000081_mask.json,2048,1536
fog_seq67_00000082,fog_seq67,fog,train,val,train/FOG/rgb/67/00000082_rgb.png,train/FOG/nir/67/00000082_nir.png,train/FOG/gtSeg/67/00000082_mask.json,2048,1536
fog_seq67_00000083,fog_seq67,fog,train,val,train/FOG/rgb/67/00000083_rgb.png,train/FOG/nir/67/00000083_nir.png,train/FOG/gtSeg/67/00000083_mask.json,2048,1536
fog_seq67_00000084,fog_seq67,fog,train,val,train/FOG/rgb/67/00000084_rgb.png,train/FOG/nir/67/00000084_nir.png,train/FOG/gtSeg/67/00000084_mask.json,2048,1536
fog_seq67_00000085,fog_seq67,fog,train,val,train/FOG/rgb/67/00000085_rgb.png,train/FOG/nir/67/00000085_nir.png,train/FOG/gtSeg/67/00000085_mask.json,2048,1536
fog_seq67_00000086,fog_seq67,fog,train,val,train/FOG/rgb/67/00000086_rgb.png,train/FOG/nir/67/00000086_nir.png,train/FOG/gtSeg/67/00000086_mask.json,2048,1536
fog_seq67_00000087,fog_seq67,fog,train,val,train/FOG/rgb/67/00000087_rgb.png,train/FOG/nir/67/00000087_nir.png,train/FOG/gtSeg/67/00000087_mask.json,2048,1536
fog_seq67_00000088,fog_seq67,fog,train,val,train/FOG/rgb/67/00000088_rgb.png,train/FOG/nir/67/00000088_nir.png,train/FOG/gtSeg/67/00000088_mask.json,2048,1536
fog_seq67_00000089,fog_seq67,fog,train,val,train/FOG/rgb/67/00000089_rgb.png,train/FOG/nir/67/00000089_nir.png,train/FOG/gtSeg/67/00000089_mask.json,2048,1536
fog_seq67_00000090,fog_seq67,fog,train,val,train/FOG/rgb/67/00000090_rgb.png,train/FOG/nir/67/00000090_nir.png,train/FOG/gtSeg/67/00000090_mask.json,2048,1536
fog_seq67_00000091,fog_seq67,fog,train,val,train/FOG/rgb/67/00000091_rgb.png,train/FOG/nir/67/00000091_nir.png,train/FOG/gtSeg/67/00000091_mask.json,2048,1536
fog_seq67_00000092,fog_seq67,fog,train,val,train/FOG/rgb/67/00000092_rgb.png,train/FOG/nir/67/00000092_nir.png,train/FOG/gtSeg/67/00000092_mask.json,2048,1536
fog_seq67_00000093,fog_seq67,fog,train,val,train/FOG/rgb/67/00000093_rgb.png,train/FOG/nir/67/00000093_nir.png,train/FOG/gtSeg/67/00000093_mask.json,2048,1536
fog_seq67_00000094,fog_seq67,fog,train,val,train/FOG/rgb/67/00000094_rgb.png,train/FOG/nir/67/00000094_nir.png,train/FOG/gtSeg/67/00000094_mask.json,2048,1536
fog_seq67_00000095,fog_seq67,fog,train,val,train/FOG/rgb/67/00000095_rgb.png,train/FOG/nir/67/00000095_nir.png,train/FOG/gtSeg/67/00000095_mask.json,2048,1536
fog_seq67_00000096,fog_seq67,fog,train,val,train/FOG/rgb/67/00000096_rgb.png,train/FOG/nir/67/00000096_nir.png,train/FOG/gtSeg/67/00000096_mask.json,2048,1536
fog_seq67_00000097,fog_seq67,fog,train,val,train/FOG/rgb/67/00000097_rgb.png,train/FOG/nir/67/00000097_nir.png,train/FOG/gtSeg/67/00000097_mask.json,2048,1536
fog_seq67_00000098,fog_seq67,fog,train,val,train/FOG/rgb/67/00000098_rgb.png,train/FOG/nir/67/00000098_nir.png,train/FOG/gtSeg/67/00000098_mask.json,2048,1536
fog_seq67_00000099,fog_seq67,fog,train,val,train/FOG/rgb/67/00000099_rgb.png,train/FOG/nir/67/00000099_nir.png,train/FOG/gtSeg/67/00000099_mask.json,2048,1536
fog_seq67_00000100,fog_seq67,fog,train,val,train/FOG/rgb/67/00000100_rgb.png,train/FOG/nir/67/00000100_nir.png,train/FOG/gtSeg/67/00000100_mask.json,2048,1536
fog_seq67_00000101,fog_seq67,fog,train,val,train/FOG/rgb/67/00000101_rgb.png,train/FOG/nir/67/00000101_nir.png,train/FOG/gtSeg/67/00000101_mask.json,2048,1536
fog_seq67_00000102,fog_seq67,fog,train,val,train/FOG/rgb/67/00000102_rgb.png,train/FOG/nir/67/00000102_nir.png,train/FOG/gtSeg/67/00000102_mask.json,2048,1536
fog_seq67_00000103,fog_seq67,fog,train,val,train/FOG/rgb/67/00000103_rgb.png,train/FOG/nir/67/00000103_nir.png,train/FOG/gtSeg/67/00000103_mask.json,2048,1536
fog_seq67_00000104,fog_seq67,fog,train,val,train/FOG/rgb/67/00000104_rgb.png,train/FOG/nir/67/00000104_nir.png,train/FOG/gtSeg/67/00000104_mask.json,2048,1536
fog_seq67_00000105,fog_seq67,fog,train,val,train/FOG/rgb/67/00000105_rgb.png,train/FOG/nir/67/00000105_nir.png,train/FOG/gtSeg/67/00000105_mask.json,2048,1536
fog_seq67_00000106,fog_seq67,fog,train,val,train/FOG/rgb/67/00000106_rgb.png,train/FOG/nir/67/00000106_nir.png,train/FOG/gtSeg/67/00000106_mask.json,2048,1536
fog_seq67_00000107,fog_seq67,fog,train,val,train/FOG/rgb/67/00000107_rgb.png,train/FOG/nir/67/00000107_nir.png,train/FOG/gtSeg/67/00000107_mask.json,2048,1536
fog_seq67_00000108,fog_seq67,fog,train,val,train/FOG/rgb/67/00000108_rgb.png,train/FOG/nir/67/00000108_nir.png,train/FOG/gtSeg/67/00000108_mask.json,2048,1536
fog_seq67_00000109,fog_seq67,fog,train,val,train/FOG/rgb/67/00000109_rgb.png,train/FOG/nir/67/00000109_nir.png,train/FOG/gtSeg/67/00000109_mask.json,2048,1536
fog_seq67_00000110,fog_seq67,fog,train,val,train/FOG/rgb/67/00000110_rgb.png,train/FOG/nir/67/00000110_nir.png,train/FOG/gtSeg/67/00000110_mask.json,2048,1536
fog_seq67_00000111,fog_seq67,fog,train,val,train/FOG/rgb/67/00000111_rgb.png,train/FOG/nir/67/00000111_nir.png,train/FOG/gtSeg/67/00000111_mask.json,2048,1536
fog_seq67_00000112,fog_seq67,fog,train,val,train/FOG/rgb/67/00000112_rgb.png,train/FOG/nir/67/00000112_nir.png,train/FOG/gtSeg/67/00000112_mask.json,2048,1536
fog_seq67_00000113,fog_seq67,fog,train,val,train/FOG/rgb/67/00000113_rgb.png,train/FOG/nir/67/00000113_nir.png,train/FOG/gtSeg/67/00000113_mask.json,2048,1536
fog_seq67_00000114,fog_seq67,fog,train,val,train/FOG/rgb/67/00000114_rgb.png,train/FOG/nir/67/00000114_nir.png,train/FOG/gtSeg/67/00000114_mask.json,2048,1536
fog_seq67_00000115,fog_seq67,fog,train,val,train/FOG/rgb/67/00000115_rgb.png,train/FOG/nir/67/00000115_nir.png,train/FOG/gtSeg/67/00000115_mask.json,2048,1536
fog_seq67_00000116,fog_seq67,fog,train,val,train/FOG/rgb/67/00000116_rgb.png,train/FOG/nir/67/00000116_nir.png,train/FOG/gtSeg/67/00000116_mask.json,2048,1536
fog_seq67_00000117,fog_seq67,fog,train,val,train/FOG/rgb/67/00000117_rgb.png,train/FOG/nir/67/00000117_nir.png,train/FOG/gtSeg/67/00000117_mask.json,2048,1536
fog_seq67_00000118,fog_seq67,fog,train,val,train/FOG/rgb/67/00000118_rgb.png,train/FOG/nir/67/00000118_nir.png,train/FOG/gtSeg/67/00000118_mask.json,2048,1536
fog_seq67_00000119,fog_seq67,fog,train,val,train/FOG/rgb/67/00000119_rgb.png,train/FOG/nir/67/00000119_nir.png,train/FOG/gtSeg/67/00000119_mask.json,2048,1536
fog_seq67_00000120,fog_seq67,fog,train,val,train/FOG/rgb/67/00000120_rgb.png,train/FOG/nir/67/00000120_nir.png,train/FOG/gtSeg/67/00000120_mask.json,2048,1536
fog_seq67_00000121,fog_seq67,fog,train,val,train/FOG/rgb/67/00000121_rgb.png,train/FOG/nir/67/00000121_nir.png,train/FOG/gtSeg/67/00000121_mask.json,2048,1536
fog_seq67_00000122,fog_seq67,fog,train,val,train/FOG/rgb/67/00000122_rgb.png,train/FOG/nir/67/00000122_nir.png,train/FOG/gtSeg/67/00000122_mask.json,2048,1536
fog_seq67_00000123,fog_seq67,fog,train,val,train/FOG/rgb/67/00000123_rgb.png,train/FOG/nir/67/00000123_nir.png,train/FOG/gtSeg/67/00000123_mask.json,2048,1536
fog_seq69_00000000,fog_seq69,fog,val,train,val/FOG/rgb/69/00000000_rgb.png,val/FOG/nir/69/00000000_nir.png,val/FOG/gtSeg/69/00000000_mask.json,2048,1536
fog_seq69_00000001,fog_seq69,fog,val,train,val/FOG/rgb/69/00000001_rgb.png,val/FOG/nir/69/00000001_nir.png,val/FOG/gtSeg/69/00000001_mask.json,2048,1536
fog_seq69_00000002,fog_seq69,fog,val,train,val/FOG/rgb/69/00000002_rgb.png,val/FOG/nir/69/00000002_nir.png,val/FOG/gtSeg/69/00000002_mask.json,2048,1536
fog_seq69_00000003,fog_seq69,fog,val,train,val/FOG/rgb/69/00000003_rgb.png,val/FOG/nir/69/00000003_nir.png,val/FOG/gtSeg/69/00000003_mask.json,2048,1536
fog_seq69_00000004,fog_seq69,fog,val,train,val/FOG/rgb/69/00000004_rgb.png,val/FOG/nir/69/00000004_nir.png,val/FOG/gtSeg/69/00000004_mask.json,2048,1536
fog_seq69_00000005,fog_seq69,fog,val,train,val/FOG/rgb/69/00000005_rgb.png,val/FOG/nir/69/00000005_nir.png,val/FOG/gtSeg/69/00000005_mask.json,2048,1536
fog_seq69_00000006,fog_seq69,fog,val,train,val/FOG/rgb/69/00000006_rgb.png,val/FOG/nir/69/00000006_nir.png,val/FOG/gtSeg/69/00000006_mask.json,2048,1536
fog_seq69_00000007,fog_seq69,fog,val,train,val/FOG/rgb/69/00000007_rgb.png,val/FOG/nir/69/00000007_nir.png,val/FOG/gtSeg/69/00000007_mask.json,2048,1536
fog_seq69_00000008,fog_seq69,fog,val,train,val/FOG/rgb/69/00000008_rgb.png,val/FOG/nir/69/00000008_nir.png,val/FOG/gtSeg/69/00000008_mask.json,2048,1536
fog_seq69_00000009,fog_seq69,fog,val,train,val/FOG/rgb/69/00000009_rgb.png,val/FOG/nir/69/00000009_nir.png,val/FOG/gtSeg/69/00000009_mask.json,2048,1536
fog_seq69_00000010,fog_seq69,fog,val,train,val/FOG/rgb/69/00000010_rgb.png,val/FOG/nir/69/00000010_nir.png,val/FOG/gtSeg/69/00000010_mask.json,2048,1536
fog_seq69_00000011,fog_seq69,fog,val,train,val/FOG/rgb/69/00000011_rgb.png,val/FOG/nir/69/00000011_nir.png,val/FOG/gtSeg/69/00000011_mask.json,2048,1536
fog_seq69_00000012,fog_seq69,fog,val,train,val/FOG/rgb/69/00000012_rgb.png,val/FOG/nir/69/00000012_nir.png,val/FOG/gtSeg/69/00000012_mask.json,2048,1536
fog_seq69_00000013,fog_seq69,fog,val,train,val/FOG/rgb/69/00000013_rgb.png,val/FOG/nir/69/00000013_nir.png,val/FOG/gtSeg/69/00000013_mask.json,2048,1536
fog_seq69_00000014,fog_seq69,fog,val,train,val/FOG/rgb/69/00000014_rgb.png,val/FOG/nir/69/00000014_nir.png,val/FOG/gtSeg/69/00000014_mask.json,2048,1536
fog_seq69_00000015,fog_seq69,fog,val,train,val/FOG/rgb/69/00000015_rgb.png,val/FOG/nir/69/00000015_nir.png,val/FOG/gtSeg/69/00000015_mask.json,2048,1536
fog_seq69_00000016,fog_seq69,fog,val,train,val/FOG/rgb/69/00000016_rgb.png,val/FOG/nir/69/00000016_nir.png,val/FOG/gtSeg/69/00000016_mask.json,2048,1536
fog_seq69_00000017,fog_seq69,fog,val,train,val/FOG/rgb/69/00000017_rgb.png,val/FOG/nir/69/00000017_nir.png,val/FOG/gtSeg/69/00000017_mask.json,2048,1536
fog_seq69_00000018,fog_seq69,fog,val,train,val/FOG/rgb/69/00000018_rgb.png,val/FOG/nir/69/00000018_nir.png,val/FOG/gtSeg/69/00000018_mask.json,2048,1536
fog_seq69_00000019,fog_seq69,fog,val,train,val/FOG/rgb/69/00000019_rgb.png,val/FOG/nir/69/00000019_nir.png,val/FOG/gtSeg/69/00000019_mask.json,2048,1536
fog_seq69_00000020,fog_seq69,fog,val,train,val/FOG/rgb/69/00000020_rgb.png,val/FOG/nir/69/00000020_nir.png,val/FOG/gtSeg/69/00000020_mask.json,2048,1536
fog_seq69_00000021,fog_seq69,fog,val,train,val/FOG/rgb/69/00000021_rgb.png,val/FOG/nir/69/00000021_nir.png,val/FOG/gtSeg/69/00000021_mask.json,2048,1536
fog_seq69_00000022,fog_seq69,fog,val,train,val/FOG/rgb/69/00000022_rgb.png,val/FOG/nir/69/00000022_nir.png,val/FOG/gtSeg/69/00000022_mask.json,2048,1536
fog_seq69_00000023,fog_seq69,fog,val,train,val/FOG/rgb/69/00000023_rgb.png,val/FOG/nir/69/00000023_nir.png,val/FOG/gtSeg/69/00000023_mask.json,2048,1536
fog_seq69_00000024,fog_seq69,fog,val,train,val/FOG/rgb/69/00000024_rgb.png,val/FOG/nir/69/00000024_nir.png,val/FOG/gtSeg/69/00000024_mask.json,2048,1536
fog_seq69_00000025,fog_seq69,fog,val,train,val/FOG/rgb/69/00000025_rgb.png,val/FOG/nir/69/00000025_nir.png,val/FOG/gtSeg/69/00000025_mask.json,2048,1536
fog_seq69_00000026,fog_seq69,fog,val,train,val/FOG/rgb/69/00000026_rgb.png,val/FOG/nir/69/00000026_nir.png,val/FOG/gtSeg/69/00000026_mask.json,2048,1536
fog_seq69_00000027,fog_seq69,fog,val,train,val/FOG/rgb/69/00000027_rgb.png,val/FOG/nir/69/00000027_nir.png,val/FOG/gtSeg/69/00000027_mask.json,2048,1536
fog_seq69_00000028,fog_seq69,fog,val,train,val/FOG/rgb/69/00000028_rgb.png,val/FOG/nir/69/00000028_nir.png,val/FOG/gtSeg/69/00000028_mask.json,2048,1536
fog_seq69_00000029,fog_seq69,fog,val,train,val/FOG/rgb/69/00000029_rgb.png,val/FOG/nir/69/00000029_nir.png,val/FOG/gtSeg/69/00000029_mask.json,2048,1536
fog_seq69_00000030,fog_seq69,fog,val,train,val/FOG/rgb/69/00000030_rgb.png,val/FOG/nir/69/00000030_nir.png,val/FOG/gtSeg/69/00000030_mask.json,2048,1536
fog_seq69_00000031,fog_seq69,fog,val,train,val/FOG/rgb/69/00000031_rgb.png,val/FOG/nir/69/00000031_nir.png,val/FOG/gtSeg/69/00000031_mask.json,2048,1536
fog_seq69_00000032,fog_seq69,fog,val,train,val/FOG/rgb/69/00000032_rgb.png,val/FOG/nir/69/00000032_nir.png,val/FOG/gtSeg/69/00000032_mask.json,2048,1536
fog_seq70_00000000,fog_seq70,fog,train,train,train/FOG/rgb/70/00000000_rgb.png,train/FOG/nir/70/00000000_nir.png,train/FOG/gtSeg/70/00000000_mask.json,2048,1536
fog_seq70_00000001,fog_seq70,fog,train,train,train/FOG/rgb/70/00000001_rgb.png,train/FOG/nir/70/00000001_nir.png,train/FOG/gtSeg/70/00000001_mask.json,2048,1536
fog_seq70_00000002,fog_seq70,fog,train,train,train/FOG/rgb/70/00000002_rgb.png,train/FOG/nir/70/00000002_nir.png,train/FOG/gtSeg/70/00000002_mask.json,2048,1536
fog_seq70_00000003,fog_seq70,fog,train,train,train/FOG/rgb/70/00000003_rgb.png,train/FOG/nir/70/00000003_nir.png,train/FOG/gtSeg/70/00000003_mask.json,2048,1536
fog_seq70_00000004,fog_seq70,fog,train,train,train/FOG/rgb/70/00000004_rgb.png,train/FOG/nir/70/00000004_nir.png,train/FOG/gtSeg/70/00000004_mask.json,2048,1536
fog_seq70_00000005,fog_seq70,fog,train,train,train/FOG/rgb/70/00000005_rgb.png,train/FOG/nir/70/00000005_nir.png,train/FOG/gtSeg/70/00000005_mask.json,2048,1536
fog_seq70_00000006,fog_seq70,fog,train,train,train/FOG/rgb/70/00000006_rgb.png,train/FOG/nir/70/00000006_nir.png,train/FOG/gtSeg/70/00000006_mask.json,2048,1536
fog_seq70_00000007,fog_seq70,fog,train,train,train/FOG/rgb/70/00000007_rgb.png,train/FOG/nir/70/00000007_nir.png,train/FOG/gtSeg/70/00000007_mask.json,2048,1536
fog_seq70_00000008,fog_seq70,fog,train,train,train/FOG/rgb/70/00000008_rgb.png,train/FOG/nir/70/00000008_nir.png,train/FOG/gtSeg/70/00000008_mask.json,2048,1536
fog_seq70_00000009,fog_seq70,fog,train,train,train/FOG/rgb/70/00000009_rgb.png,train/FOG/nir/70/00000009_nir.png,train/FOG/gtSeg/70/00000009_mask.json,2048,1536
fog_seq70_00000010,fog_seq70,fog,train,train,train/FOG/rgb/70/00000010_rgb.png,train/FOG/nir/70/00000010_nir.png,train/FOG/gtSeg/70/00000010_mask.json,2048,1536
fog_seq70_00000011,fog_seq70,fog,train,train,train/FOG/rgb/70/00000011_rgb.png,train/FOG/nir/70/00000011_nir.png,train/FOG/gtSeg/70/00000011_mask.json,2048,1536
fog_seq70_00000012,fog_seq70,fog,train,train,train/FOG/rgb/70/00000012_rgb.png,train/FOG/nir/70/00000012_nir.png,train/FOG/gtSeg/70/00000012_mask.json,2048,1536
fog_seq70_00000013,fog_seq70,fog,train,train,train/FOG/rgb/70/00000013_rgb.png,train/FOG/nir/70/00000013_nir.png,train/FOG/gtSeg/70/00000013_mask.json,2048,1536
fog_seq70_00000014,fog_seq70,fog,train,train,train/FOG/rgb/70/00000014_rgb.png,train/FOG/nir/70/00000014_nir.png,train/FOG/gtSeg/70/00000014_mask.json,2048,1536
fog_seq70_00000015,fog_seq70,fog,train,train,train/FOG/rgb/70/00000015_rgb.png,train/FOG/nir/70/00000015_nir.png,train/FOG/gtSeg/70/00000015_mask.json,2048,1536
fog_seq70_00000016,fog_seq70,fog,train,train,train/FOG/rgb/70/00000016_rgb.png,train/FOG/nir/70/00000016_nir.png,train/FOG/gtSeg/70/00000016_mask.json,2048,1536
fog_seq70_00000017,fog_seq70,fog,train,train,train/FOG/rgb/70/00000017_rgb.png,train/FOG/nir/70/00000017_nir.png,train/FOG/gtSeg/70/00000017_mask.json,2048,1536
fog_seq70_00000018,fog_seq70,fog,train,train,train/FOG/rgb/70/00000018_rgb.png,train/FOG/nir/70/00000018_nir.png,train/FOG/gtSeg/70/00000018_mask.json,2048,1536
fog_seq70_00000019,fog_seq70,fog,train,train,train/FOG/rgb/70/00000019_rgb.png,train/FOG/nir/70/00000019_nir.png,train/FOG/gtSeg/70/00000019_mask.json,2048,1536
fog_seq71_00000000,fog_seq71,fog,train,train,train/FOG/rgb/71/00000000_rgb.png,train/FOG/nir/71/00000000_nir.png,train/FOG/gtSeg/71/00000000_mask.json,2048,1536
fog_seq71_00000001,fog_seq71,fog,train,train,train/FOG/rgb/71/00000001_rgb.png,train/FOG/nir/71/00000001_nir.png,train/FOG/gtSeg/71/00000001_mask.json,2048,1536
fog_seq71_00000002,fog_seq71,fog,train,train,train/FOG/rgb/71/00000002_rgb.png,train/FOG/nir/71/00000002_nir.png,train/FOG/gtSeg/71/00000002_mask.json,2048,1536
fog_seq72_00000000,fog_seq72,fog,train,train,train/FOG/rgb/72/00000000_rgb.png,train/FOG/nir/72/00000000_nir.png,train/FOG/gtSeg/72/00000000_mask.json,2048,1536
fog_seq74_00000000,fog_seq74,fog,train,test,train/FOG/rgb/74/00000000_rgb.png,train/FOG/nir/74/00000000_nir.png,train/FOG/gtSeg/74/00000000_mask.json,2048,1536
fog_seq74_00000001,fog_seq74,fog,train,test,train/FOG/rgb/74/00000001_rgb.png,train/FOG/nir/74/00000001_nir.png,train/FOG/gtSeg/74/00000001_mask.json,2048,1536
fog_seq74_00000002,fog_seq74,fog,train,test,train/FOG/rgb/74/00000002_rgb.png,train/FOG/nir/74/00000002_nir.png,train/FOG/gtSeg/74/00000002_mask.json,2048,1536
fog_seq76_00000000,fog_seq76,fog,train,train,train/FOG/rgb/76/00000000_rgb.png,train/FOG/nir/76/00000000_nir.png,train/FOG/gtSeg/76/00000000_mask.json,2048,1536
fog_seq76_00000001,fog_seq76,fog,train,train,train/FOG/rgb/76/00000001_rgb.png,train/FOG/nir/76/00000001_nir.png,train/FOG/gtSeg/76/00000001_mask.json,2048,1536
fog_seq77_00000000,fog_seq77,fog,train,train,train/FOG/rgb/77/00000000_rgb.png,train/FOG/nir/77/00000000_nir.png,train/FOG/gtSeg/77/00000000_mask.json,2048,1536
fog_seq78_00000000,fog_seq78,fog,train,test,train/FOG/rgb/78/00000000_rgb.png,train/FOG/nir/78/00000000_nir.png,train/FOG/gtSeg/78/00000000_mask.json,2048,1536
fog_seq78_00000001,fog_seq78,fog,train,test,train/FOG/rgb/78/00000001_rgb.png,train/FOG/nir/78/00000001_nir.png,train/FOG/gtSeg/78/00000001_mask.json,2048,1536
fog_seq78_00000002,fog_seq78,fog,train,test,train/FOG/rgb/78/00000002_rgb.png,train/FOG/nir/78/00000002_nir.png,train/FOG/gtSeg/78/00000002_mask.json,2048,1536
fog_seq79_00000000,fog_seq79,fog,train,train,train/FOG/rgb/79/00000000_rgb.png,train/FOG/nir/79/00000000_nir.png,train/FOG/gtSeg/79/00000000_mask.json,2048,1536
fog_seq79_00000001,fog_seq79,fog,train,train,train/FOG/rgb/79/00000001_rgb.png,train/FOG/nir/79/00000001_nir.png,train/FOG/gtSeg/79/00000001_mask.json,2048,1536
fog_seq80_00000000,fog_seq80,fog,val,train,val/FOG/rgb/80/00000000_rgb.png,val/FOG/nir/80/00000000_nir.png,val/FOG/gtSeg/80/00000000_mask.json,2048,1536
fog_seq80_00000001,fog_seq80,fog,val,train,val/FOG/rgb/80/00000001_rgb.png,val/FOG/nir/80/00000001_nir.png,val/FOG/gtSeg/80/00000001_mask.json,2048,1536
fog_seq80_00000002,fog_seq80,fog,val,train,val/FOG/rgb/80/00000002_rgb.png,val/FOG/nir/80/00000002_nir.png,val/FOG/gtSeg/80/00000002_mask.json,2048,1536
fog_seq80_00000003,fog_seq80,fog,val,train,val/FOG/rgb/80/00000003_rgb.png,val/FOG/nir/80/00000003_nir.png,val/FOG/gtSeg/80/00000003_mask.json,2048,1536
fog_seq80_00000004,fog_seq80,fog,val,train,val/FOG/rgb/80/00000004_rgb.png,val/FOG/nir/80/00000004_nir.png,val/FOG/gtSeg/80/00000004_mask.json,2048,1536
fog_seq80_00000005,fog_seq80,fog,val,train,val/FOG/rgb/80/00000005_rgb.png,val/FOG/nir/80/00000005_nir.png,val/FOG/gtSeg/80/00000005_mask.json,2048,1536
fog_seq80_00000006,fog_seq80,fog,val,train,val/FOG/rgb/80/00000006_rgb.png,val/FOG/nir/80/00000006_nir.png,val/FOG/gtSeg/80/00000006_mask.json,2048,1536
fog_seq80_00000007,fog_seq80,fog,val,train,val/FOG/rgb/80/00000007_rgb.png,val/FOG/nir/80/00000007_nir.png,val/FOG/gtSeg/80/00000007_mask.json,2048,1536
fog_seq80_00000008,fog_seq80,fog,val,train,val/FOG/rgb/80/00000008_rgb.png,val/FOG/nir/80/00000008_nir.png,val/FOG/gtSeg/80/00000008_mask.json,2048,1536
fog_seq80_00000009,fog_seq80,fog,val,train,val/FOG/rgb/80/00000009_rgb.png,val/FOG/nir/80/00000009_nir.png,val/FOG/gtSeg/80/00000009_mask.json,2048,1536
fog_seq80_00000010,fog_seq80,fog,val,train,val/FOG/rgb/80/00000010_rgb.png,val/FOG/nir/80/00000010_nir.png,val/FOG/gtSeg/80/00000010_mask.json,2048,1536
fog_seq80_00000011,fog_seq80,fog,val,train,val/FOG/rgb/80/00000011_rgb.png,val/FOG/nir/80/00000011_nir.png,val/FOG/gtSeg/80/00000011_mask.json,2048,1536
fog_seq80_00000012,fog_seq80,fog,val,train,val/FOG/rgb/80/00000012_rgb.png,val/FOG/nir/80/00000012_nir.png,val/FOG/gtSeg/80/00000012_mask.json,2048,1536
fog_seq80_00000013,fog_seq80,fog,val,train,val/FOG/rgb/80/00000013_rgb.png,val/FOG/nir/80/00000013_nir.png,val/FOG/gtSeg/80/00000013_mask.json,2048,1536
fog_seq80_00000014,fog_seq80,fog,val,train,val/FOG/rgb/80/00000014_rgb.png,val/FOG/nir/80/00000014_nir.png,val/FOG/gtSeg/80/00000014_mask.json,2048,1536
fog_seq80_00000015,fog_seq80,fog,val,train,val/FOG/rgb/80/00000015_rgb.png,val/FOG/nir/80/00000015_nir.png,val/FOG/gtSeg/80/00000015_mask.json,2048,1536
fog_seq80_00000016,fog_seq80,fog,val,train,val/FOG/rgb/80/00000016_rgb.png,val/FOG/nir/80/00000016_nir.png,val/FOG/gtSeg/80/00000016_mask.json,2048,1536
fog_seq80_00000017,fog_seq80,fog,val,train,val/FOG/rgb/80/00000017_rgb.png,val/FOG/nir/80/00000017_nir.png,val/FOG/gtSeg/80/00000017_mask.json,2048,1536
fog_seq80_00000018,fog_seq80,fog,val,train,val/FOG/rgb/80/00000018_rgb.png,val/FOG/nir/80/00000018_nir.png,val/FOG/gtSeg/80/00000018_mask.json,2048,1536
fog_seq80_00000019,fog_seq80,fog,val,train,val/FOG/rgb/80/00000019_rgb.png,val/FOG/nir/80/00000019_nir.png,val/FOG/gtSeg/80/00000019_mask.json,2048,1536
fog_seq80_00000020,fog_seq80,fog,val,train,val/FOG/rgb/80/00000020_rgb.png,val/FOG/nir/80/00000020_nir.png,val/FOG/gtSeg/80/00000020_mask.json,2048,1536
fog_seq80_00000021,fog_seq80,fog,val,train,val/FOG/rgb/80/00000021_rgb.png,val/FOG/nir/80/00000021_nir.png,val/FOG/gtSeg/80/00000021_mask.json,2048,1536
fog_seq80_00000022,fog_seq80,fog,val,train,val/FOG/rgb/80/00000022_rgb.png,val/FOG/nir/80/00000022_nir.png,val/FOG/gtSeg/80/00000022_mask.json,2048,1536
fog_seq80_00000023,fog_seq80,fog,val,train,val/FOG/rgb/80/00000023_rgb.png,val/FOG/nir/80/00000023_nir.png,val/FOG/gtSeg/80/00000023_mask.json,2048,1536
fog_seq80_00000024,fog_seq80,fog,val,train,val/FOG/rgb/80/00000024_rgb.png,val/FOG/nir/80/00000024_nir.png,val/FOG/gtSeg/80/00000024_mask.json,2048,1536
fog_seq80_00000025,fog_seq80,fog,val,train,val/FOG/rgb/80/00000025_rgb.png,val/FOG/nir/80/00000025_nir.png,val/FOG/gtSeg/80/00000025_mask.json,2048,1536
fog_seq80_00000026,fog_seq80,fog,val,train,val/FOG/rgb/80/00000026_rgb.png,val/FOG/nir/80/00000026_nir.png,val/FOG/gtSeg/80/00000026_mask.json,2048,1536
fog_seq80_00000027,fog_seq80,fog,val,train,val/FOG/rgb/80/00000027_rgb.png,val/FOG/nir/80/00000027_nir.png,val/FOG/gtSeg/80/00000027_mask.json,2048,1536
fog_seq80_00000028,fog_seq80,fog,val,train,val/FOG/rgb/80/00000028_rgb.png,val/FOG/nir/80/00000028_nir.png,val/FOG/gtSeg/80/00000028_mask.json,2048,1536
fog_seq80_00000029,fog_seq80,fog,val,train,val/FOG/rgb/80/00000029_rgb.png,val/FOG/nir/80/00000029_nir.png,val/FOG/gtSeg/80/00000029_mask.json,2048,1536
fog_seq80_00000030,fog_seq80,fog,val,train,val/FOG/rgb/80/00000030_rgb.png,val/FOG/nir/80/00000030_nir.png,val/FOG/gtSeg/80/00000030_mask.json,2048,1536
fog_seq80_00000031,fog_seq80,fog,val,train,val/FOG/rgb/80/00000031_rgb.png,val/FOG/nir/80/00000031_nir.png,val/FOG/gtSeg/80/00000031_mask.json,2048,1536
fog_seq80_00000032,fog_seq80,fog,val,train,val/FOG/rgb/80/00000032_rgb.png,val/FOG/nir/80/00000032_nir.png,val/FOG/gtSeg/80/00000032_mask.json,2048,1536
fog_seq80_00000033,fog_seq80,fog,val,train,val/FOG/rgb/80/00000033_rgb.png,val/FOG/nir/80/00000033_nir.png,val/FOG/gtSeg/80/00000033_mask.json,2048,1536
fog_seq80_00000034,fog_seq80,fog,val,train,val/FOG/rgb/80/00000034_rgb.png,val/FOG/nir/80/00000034_nir.png,val/FOG/gtSeg/80/00000034_mask.json,2048,1536
fog_seq81_00000000,fog_seq81,fog,train,train,train/FOG/rgb/81/00000000_rgb.png,train/FOG/nir/81/00000000_nir.png,train/FOG/gtSeg/81/00000000_mask.json,2048,1536
fog_seq81_00000001,fog_seq81,fog,train,train,train/FOG/rgb/81/00000001_rgb.png,train/FOG/nir/81/00000001_nir.png,train/FOG/gtSeg/81/00000001_mask.json,2048,1536
fog_seq81_00000002,fog_seq81,fog,train,train,train/FOG/rgb/81/00000002_rgb.png,train/FOG/nir/81/00000002_nir.png,train/FOG/gtSeg/81/00000002_mask.json,2048,1536
fog_seq81_00000003,fog_seq81,fog,train,train,train/FOG/rgb/81/00000003_rgb.png,train/FOG/nir/81/00000003_nir.png,train/FOG/gtSeg/81/00000003_mask.json,2048,1536
fog_seq81_00000004,fog_seq81,fog,train,train,train/FOG/rgb/81/00000004_rgb.png,train/FOG/nir/81/00000004_nir.png,train/FOG/gtSeg/81/00000004_mask.json,2048,1536
fog_seq81_00000005,fog_seq81,fog,train,train,train/FOG/rgb/81/00000005_rgb.png,train/FOG/nir/81/00000005_nir.png,train/FOG/gtSeg/81/00000005_mask.json,2048,1536
fog_seq81_00000006,fog_seq81,fog,train,train,train/FOG/rgb/81/00000006_rgb.png,train/FOG/nir/81/00000006_nir.png,train/FOG/gtSeg/81/00000006_mask.json,2048,1536
fog_seq81_00000007,fog_seq81,fog,train,train,train/FOG/rgb/81/00000007_rgb.png,train/FOG/nir/81/00000007_nir.png,train/FOG/gtSeg/81/00000007_mask.json,2048,1536
fog_seq81_00000008,fog_seq81,fog,train,train,train/FOG/rgb/81/00000008_rgb.png,train/FOG/nir/81/00000008_nir.png,train/FOG/gtSeg/81/00000008_mask.json,2048,1536
fog_seq81_00000009,fog_seq81,fog,train,train,train/FOG/rgb/81/00000009_rgb.png,train/FOG/nir/81/00000009_nir.png,train/FOG/gtSeg/81/00000009_mask.json,2048,1536
fog_seq81_00000010,fog_seq81,fog,train,train,train/FOG/rgb/81/00000010_rgb.png,train/FOG/nir/81/00000010_nir.png,train/FOG/gtSeg/81/00000010_mask.json,2048,1536
fog_seq81_00000011,fog_seq81,fog,train,train,train/FOG/rgb/81/00000011_rgb.png,train/FOG/nir/81/00000011_nir.png,train/FOG/gtSeg/81/00000011_mask.json,2048,1536
fog_seq81_00000012,fog_seq81,fog,train,train,train/FOG/rgb/81/00000012_rgb.png,train/FOG/nir/81/00000012_nir.png,train/FOG/gtSeg/81/00000012_mask.json,2048,1536
fog_seq81_00000013,fog_seq81,fog,train,train,train/FOG/rgb/81/00000013_rgb.png,train/FOG/nir/81/00000013_nir.png,train/FOG/gtSeg/81/00000013_mask.json,2048,1536
fog_seq81_00000014,fog_seq81,fog,train,train,train/FOG/rgb/81/00000014_rgb.png,train/FOG/nir/81/00000014_nir.png,train/FOG/gtSeg/81/00000014_mask.json,2048,1536
fog_seq81_00000015,fog_seq81,fog,train,train,train/FOG/rgb/81/00000015_rgb.png,train/FOG/nir/81/00000015_nir.png,train/FOG/gtSeg/81/00000015_mask.json,2048,1536
fog_seq81_00000016,fog_seq81,fog,train,train,train/FOG/rgb/81/00000016_rgb.png,train/FOG/nir/81/00000016_nir.png,train/FOG/gtSeg/81/00000016_mask.json,2048,1536
fog_seq81_00000017,fog_seq81,fog,train,train,train/FOG/rgb/81/00000017_rgb.png,train/FOG/nir/81/00000017_nir.png,train/FOG/gtSeg/81/00000017_mask.json,2048,1536
fog_seq81_00000018,fog_seq81,fog,train,train,train/FOG/rgb/81/00000018_rgb.png,train/FOG/nir/81/00000018_nir.png,train/FOG/gtSeg/81/00000018_mask.json,2048,1536
fog_seq81_00000019,fog_seq81,fog,train,train,train/FOG/rgb/81/00000019_rgb.png,train/FOG/nir/81/00000019_nir.png,train/FOG/gtSeg/81/00000019_mask.json,2048,1536
fog_seq81_00000020,fog_seq81,fog,train,train,train/FOG/rgb/81/00000020_rgb.png,train/FOG/nir/81/00000020_nir.png,train/FOG/gtSeg/81/00000020_mask.json,2048,1536
fog_seq81_00000021,fog_seq81,fog,train,train,train/FOG/rgb/81/00000021_rgb.png,train/FOG/nir/81/00000021_nir.png,train/FOG/gtSeg/81/00000021_mask.json,2048,1536
fog_seq81_00000022,fog_seq81,fog,train,train,train/FOG/rgb/81/00000022_rgb.png,train/FOG/nir/81/00000022_nir.png,train/FOG/gtSeg/81/00000022_mask.json,2048,1536
fog_seq81_00000023,fog_seq81,fog,train,train,train/FOG/rgb/81/00000023_rgb.png,train/FOG/nir/81/00000023_nir.png,train/FOG/gtSeg/81/00000023_mask.json,2048,1536
fog_seq81_00000024,fog_seq81,fog,train,train,train/FOG/rgb/81/00000024_rgb.png,train/FOG/nir/81/00000024_nir.png,train/FOG/gtSeg/81/00000024_mask.json,2048,1536
fog_seq82_00000000,fog_seq82,fog,train,train,train/FOG/rgb/82/00000000_rgb.png,train/FOG/nir/82/00000000_nir.png,train/FOG/gtSeg/82/00000000_mask.json,2048,1536
fog_seq83_00000000,fog_seq83,fog,train,val,train/FOG/rgb/83/00000000_rgb.png,train/FOG/nir/83/00000000_nir.png,train/FOG/gtSeg/83/00000000_mask.json,2048,1536
fog_seq83_00000001,fog_seq83,fog,train,val,train/FOG/rgb/83/00000001_rgb.png,train/FOG/nir/83/00000001_nir.png,train/FOG/gtSeg/83/00000001_mask.json,2048,1536
fog_seq83_00000002,fog_seq83,fog,train,val,train/FOG/rgb/83/00000002_rgb.png,train/FOG/nir/83/00000002_nir.png,train/FOG/gtSeg/83/00000002_mask.json,2048,1536
fog_seq83_00000003,fog_seq83,fog,train,val,train/FOG/rgb/83/00000003_rgb.png,train/FOG/nir/83/00000003_nir.png,train/FOG/gtSeg/83/00000003_mask.json,2048,1536
fog_seq83_00000004,fog_seq83,fog,train,val,train/FOG/rgb/83/00000004_rgb.png,train/FOG/nir/83/00000004_nir.png,train/FOG/gtSeg/83/00000004_mask.json,2048,1536
fog_seq83_00000005,fog_seq83,fog,train,val,train/FOG/rgb/83/00000005_rgb.png,train/FOG/nir/83/00000005_nir.png,train/FOG/gtSeg/83/00000005_mask.json,2048,1536
fog_seq83_00000006,fog_seq83,fog,train,val,train/FOG/rgb/83/00000006_rgb.png,train/FOG/nir/83/00000006_nir.png,train/FOG/gtSeg/83/00000006_mask.json,2048,1536
fog_seq83_00000007,fog_seq83,fog,train,val,train/FOG/rgb/83/00000007_rgb.png,train/FOG/nir/83/00000007_nir.png,train/FOG/gtSeg/83/00000007_mask.json,2048,1536
fog_seq83_00000008,fog_seq83,fog,train,val,train/FOG/rgb/83/00000008_rgb.png,train/FOG/nir/83/00000008_nir.png,train/FOG/gtSeg/83/00000008_mask.json,2048,1536
fog_seq83_00000009,fog_seq83,fog,train,val,train/FOG/rgb/83/00000009_rgb.png,train/FOG/nir/83/00000009_nir.png,train/FOG/gtSeg/83/00000009_mask.json,2048,1536
fog_seq83_00000010,fog_seq83,fog,train,val,train/FOG/rgb/83/00000010_rgb.png,train/FOG/nir/83/00000010_nir.png,train/FOG/gtSeg/83/00000010_mask.json,2048,1536
fog_seq83_00000011,fog_seq83,fog,train,val,train/FOG/rgb/83/00000011_rgb.png,train/FOG/nir/83/00000011_nir.png,train/FOG/gtSeg/83/00000011_mask.json,2048,1536
fog_seq83_00000012,fog_seq83,fog,train,val,train/FOG/rgb/83/00000012_rgb.png,train/FOG/nir/83/00000012_nir.png,train/FOG/gtSeg/83/00000012_mask.json,2048,1536
fog_seq84_00000000,fog_seq84,fog,train,train,train/FOG/rgb/84/00000000_rgb.png,train/FOG/nir/84/00000000_nir.png,train/FOG/gtSeg/84/00000000_mask.json,2048,1536
fog_seq84_00000001,fog_seq84,fog,train,train,train/FOG/rgb/84/00000001_rgb.png,train/FOG/nir/84/00000001_nir.png,train/FOG/gtSeg/84/00000001_mask.json,2048,1536
fog_seq84_00000002,fog_seq84,fog,train,train,train/FOG/rgb/84/00000002_rgb.png,train/FOG/nir/84/00000002_nir.png,train/FOG/gtSeg/84/00000002_mask.json,2048,1536
fog_seq84_00000003,fog_seq84,fog,train,train,train/FOG/rgb/84/00000003_rgb.png,train/FOG/nir/84/00000003_nir.png,train/FOG/gtSeg/84/00000003_mask.json,2048,1536
fog_seq84_00000004,fog_seq84,fog,train,train,train/FOG/rgb/84/00000004_rgb.png,train/FOG/nir/84/00000004_nir.png,train/FOG/gtSeg/84/00000004_mask.json,2048,1536
fog_seq84_00000005,fog_seq84,fog,train,train,train/FOG/rgb/84/00000005_rgb.png,train/FOG/nir/84/00000005_nir.png,train/FOG/gtSeg/84/00000005_mask.json,2048,1536
fog_seq84_00000006,fog_seq84,fog,train,train,train/FOG/rgb/84/00000006_rgb.png,train/FOG/nir/84/00000006_nir.png,train/FOG/gtSeg/84/00000006_mask.json,2048,1536
fog_seq84_00000007,fog_seq84,fog,train,train,train/FOG/rgb/84/00000007_rgb.png,train/FOG/nir/84/00000007_nir.png,train/FOG/gtSeg/84/00000007_mask.json,2048,1536
fog_seq84_00000008,fog_seq84,fog,train,train,train/FOG/rgb/84/00000008_rgb.png,train/FOG/nir/84/00000008_nir.png,train/FOG/gtSeg/84/00000008_mask.json,2048,1536
fog_seq84_00000009,fog_seq84,fog,train,train,train/FOG/rgb/84/00000009_rgb.png,train/FOG/nir/84/00000009_nir.png,train/FOG/gtSeg/84/00000009_mask.json,2048,1536
fog_seq85_00000000,fog_seq85,fog,train,test,train/FOG/rgb/85/00000000_rgb.png,train/FOG/nir/85/00000000_nir.png,train/FOG/gtSeg/85/00000000_mask.json,2048,1536
fog_seq85_00000001,fog_seq85,fog,train,test,train/FOG/rgb/85/00000001_rgb.png,train/FOG/nir/85/00000001_nir.png,train/FOG/gtSeg/85/00000001_mask.json,2048,1536
fog_seq85_00000002,fog_seq85,fog,train,test,train/FOG/rgb/85/00000002_rgb.png,train/FOG/nir/85/00000002_nir.png,train/FOG/gtSeg/85/00000002_mask.json,2048,1536
fog_seq85_00000003,fog_seq85,fog,train,test,train/FOG/rgb/85/00000003_rgb.png,train/FOG/nir/85/00000003_nir.png,train/FOG/gtSeg/85/00000003_mask.json,2048,1536
fog_seq85_00000004,fog_seq85,fog,train,test,train/FOG/rgb/85/00000004_rgb.png,train/FOG/nir/85/00000004_nir.png,train/FOG/gtSeg/85/00000004_mask.json,2048,1536
fog_seq85_00000005,fog_seq85,fog,train,test,train/FOG/rgb/85/00000005_rgb.png,train/FOG/nir/85/00000005_nir.png,train/FOG/gtSeg/85/00000005_mask.json,2048,1536
fog_seq85_00000006,fog_seq85,fog,train,test,train/FOG/rgb/85/00000006_rgb.png,train/FOG/nir/85/00000006_nir.png,train/FOG/gtSeg/85/00000006_mask.json,2048,1536
fog_seq85_00000007,fog_seq85,fog,train,test,train/FOG/rgb/85/00000007_rgb.png,train/FOG/nir/85/00000007_nir.png,train/FOG/gtSeg/85/00000007_mask.json,2048,1536
fog_seq85_00000008,fog_seq85,fog,train,test,train/FOG/rgb/85/00000008_rgb.png,train/FOG/nir/85/00000008_nir.png,train/FOG/gtSeg/85/00000008_mask.json,2048,1536
fog_seq85_00000009,fog_seq85,fog,train,test,train/FOG/rgb/85/00000009_rgb.png,train/FOG/nir/85/00000009_nir.png,train/FOG/gtSeg/85/00000009_mask.json,2048,1536
fog_seq85_00000010,fog_seq85,fog,train,test,train/FOG/rgb/85/00000010_rgb.png,train/FOG/nir/85/00000010_nir.png,train/FOG/gtSeg/85/00000010_mask.json,2048,1536
fog_seq85_00000011,fog_seq85,fog,train,test,train/FOG/rgb/85/00000011_rgb.png,train/FOG/nir/85/00000011_nir.png,train/FOG/gtSeg/85/00000011_mask.json,2048,1536
fog_seq85_00000012,fog_seq85,fog,train,test,train/FOG/rgb/85/00000012_rgb.png,train/FOG/nir/85/00000012_nir.png,train/FOG/gtSeg/85/00000012_mask.json,2048,1536
fog_seq85_00000013,fog_seq85,fog,train,test,train/FOG/rgb/85/00000013_rgb.png,train/FOG/nir/85/00000013_nir.png,train/FOG/gtSeg/85/00000013_mask.json,2048,1536
fog_seq85_00000014,fog_seq85,fog,train,test,train/FOG/rgb/85/00000014_rgb.png,train/FOG/nir/85/00000014_nir.png,train/FOG/gtSeg/85/00000014_mask.json,2048,1536
fog_seq85_00000015,fog_seq85,fog,train,test,train/FOG/rgb/85/00000015_rgb.png,train/FOG/nir/85/00000015_nir.png,train/FOG/gtSeg/85/00000015_mask.json,2048,1536
fog_seq85_00000016,fog_seq85,fog,train,test,train/FOG/rgb/85/00000016_rgb.png,train/FOG/nir/85/00000016_nir.png,train/FOG/gtSeg/85/00000016_mask.json,2048,1536
fog_seq85_00000017,fog_seq85,fog,train,test,train/FOG/rgb/85/00000017_rgb.png,train/FOG/nir/85/00000017_nir.png,train/FOG/gtSeg/85/00000017_mask.json,2048,1536
fog_seq85_00000018,fog_seq85,fog,train,test,train/FOG/rgb/85/00000018_rgb.png,train/FOG/nir/85/00000018_nir.png,train/FOG/gtSeg/85/00000018_mask.json,2048,1536
fog_seq85_00000019,fog_seq85,fog,train,test,train/FOG/rgb/85/00000019_rgb.png,train/FOG/nir/85/00000019_nir.png,train/FOG/gtSeg/85/00000019_mask.json,2048,1536
fog_seq85_00000020,fog_seq85,fog,train,test,train/FOG/rgb/85/00000020_rgb.png,train/FOG/nir/85/00000020_nir.png,train/FOG/gtSeg/85/00000020_mask.json,2048,1536
fog_seq86_00000000,fog_seq86,fog,train,test,train/FOG/rgb/86/00000000_rgb.png,train/FOG/nir/86/00000000_nir.png,train/FOG/gtSeg/86/00000000_mask.json,2048,1536
fog_seq87_00000000,fog_seq87,fog,train,train,train/FOG/rgb/87/00000000_rgb.png,train/FOG/nir/87/00000000_nir.png,train/FOG/gtSeg/87/00000000_mask.json,2048,1536
fog_seq88_00000000,fog_seq88,fog,train,test,train/FOG/rgb/88/00000000_rgb.png,train/FOG/nir/88/00000000_nir.png,train/FOG/gtSeg/88/00000000_mask.json,2048,1536
fog_seq88_00000001,fog_seq88,fog,train,test,train/FOG/rgb/88/00000001_rgb.png,train/FOG/nir/88/00000001_nir.png,train/FOG/gtSeg/88/00000001_mask.json,2048,1536
fog_seq88_00000002,fog_seq88,fog,train,test,train/FOG/rgb/88/00000002_rgb.png,train/FOG/nir/88/00000002_nir.png,train/FOG/gtSeg/88/00000002_mask.json,2048,1536
fog_seq89_00000000,fog_seq89,fog,train,train,train/FOG/rgb/89/00000000_rgb.png,train/FOG/nir/89/00000000_nir.png,train/FOG/gtSeg/89/00000000_mask.json,2048,1536
fog_seq89_00000001,fog_seq89,fog,train,train,train/FOG/rgb/89/00000001_rgb.png,train/FOG/nir/89/00000001_nir.png,train/FOG/gtSeg/89/00000001_mask.json,2048,1536
fog_seq89_00000002,fog_seq89,fog,train,train,train/FOG/rgb/89/00000002_rgb.png,train/FOG/nir/89/00000002_nir.png,train/FOG/gtSeg/89/00000002_mask.json,2048,1536
fog_seq89_00000003,fog_seq89,fog,train,train,train/FOG/rgb/89/00000003_rgb.png,train/FOG/nir/89/00000003_nir.png,train/FOG/gtSeg/89/00000003_mask.json,2048,1536
fog_seq89_00000004,fog_seq89,fog,train,train,train/FOG/rgb/89/00000004_rgb.png,train/FOG/nir/89/00000004_nir.png,train/FOG/gtSeg/89/00000004_mask.json,2048,1536
fog_seq89_00000005,fog_seq89,fog,train,train,train/FOG/rgb/89/00000005_rgb.png,train/FOG/nir/89/00000005_nir.png,train/FOG/gtSeg/89/00000005_mask.json,2048,1536
fog_seq89_00000006,fog_seq89,fog,train,train,train/FOG/rgb/89/00000006_rgb.png,train/FOG/nir/89/00000006_nir.png,train/FOG/gtSeg/89/00000006_mask.json,2048,1536
fog_seq89_00000007,fog_seq89,fog,train,train,train/FOG/rgb/89/00000007_rgb.png,train/FOG/nir/89/00000007_nir.png,train/FOG/gtSeg/89/00000007_mask.json,2048,1536
fog_seq89_00000008,fog_seq89,fog,train,train,train/FOG/rgb/89/00000008_rgb.png,train/FOG/nir/89/00000008_nir.png,train/FOG/gtSeg/89/00000008_mask.json,2048,1536
fog_seq90_00000000,fog_seq90,fog,train,test,train/FOG/rgb/90/00000000_rgb.png,train/FOG/nir/90/00000000_nir.png,train/FOG/gtSeg/90/00000000_mask.json,2048,1536
fog_seq90_00000001,fog_seq90,fog,train,test,train/FOG/rgb/90/00000001_rgb.png,train/FOG/nir/90/00000001_nir.png,train/FOG/gtSeg/90/00000001_mask.json,2048,1536
fog_seq90_00000002,fog_seq90,fog,train,test,train/FOG/rgb/90/00000002_rgb.png,train/FOG/nir/90/00000002_nir.png,train/FOG/gtSeg/90/00000002_mask.json,2048,1536
fog_seq90_00000003,fog_seq90,fog,train,test,train/FOG/rgb/90/00000003_rgb.png,train/FOG/nir/90/00000003_nir.png,train/FOG/gtSeg/90/00000003_mask.json,2048,1536
fog_seq90_00000004,fog_seq90,fog,train,test,train/FOG/rgb/90/00000004_rgb.png,train/FOG/nir/90/00000004_nir.png,train/FOG/gtSeg/90/00000004_mask.json,2048,1536
fog_seq90_00000005,fog_seq90,fog,train,test,train/FOG/rgb/90/00000005_rgb.png,train/FOG/nir/90/00000005_nir.png,train/FOG/gtSeg/90/00000005_mask.json,2048,1536
fog_seq90_00000006,fog_seq90,fog,train,test,train/FOG/rgb/90/00000006_rgb.png,train/FOG/nir/90/00000006_nir.png,train/FOG/gtSeg/90/00000006_mask.json,2048,1536
fog_seq90_00000007,fog_seq90,fog,train,test,train/FOG/rgb/90/00000007_rgb.png,train/FOG/nir/90/00000007_nir.png,train/FOG/gtSeg/90/00000007_mask.json,2048,1536
fog_seq91_00000000,fog_seq91,fog,val,train,val/FOG/rgb/91/00000000_rgb.png,val/FOG/nir/91/00000000_nir.png,val/FOG/gtSeg/91/00000000_mask.json,2048,1536
fog_seq91_00000001,fog_seq91,fog,val,train,val/FOG/rgb/91/00000001_rgb.png,val/FOG/nir/91/00000001_nir.png,val/FOG/gtSeg/91/00000001_mask.json,2048,1536
fog_seq91_00000002,fog_seq91,fog,val,train,val/FOG/rgb/91/00000002_rgb.png,val/FOG/nir/91/00000002_nir.png,val/FOG/gtSeg/91/00000002_mask.json,2048,1536
fog_seq91_00000003,fog_seq91,fog,val,train,val/FOG/rgb/91/00000003_rgb.png,val/FOG/nir/91/00000003_nir.png,val/FOG/gtSeg/91/00000003_mask.json,2048,1536
fog_seq91_00000004,fog_seq91,fog,val,train,val/FOG/rgb/91/00000004_rgb.png,val/FOG/nir/91/00000004_nir.png,val/FOG/gtSeg/91/00000004_mask.json,2048,1536
fog_seq91_00000005,fog_seq91,fog,val,train,val/FOG/rgb/91/00000005_rgb.png,val/FOG/nir/91/00000005_nir.png,val/FOG/gtSeg/91/00000005_mask.json,2048,1536
fog_seq92_00000000,fog_seq92,fog,train,train,train/FOG/rgb/92/00000000_rgb.png,train/FOG/nir/92/00000000_nir.png,train/FOG/gtSeg/92/00000000_mask.json,2048,1536
fog_seq93_00000000,fog_seq93,fog,train,test,train/FOG/rgb/93/00000000_rgb.png,train/FOG/nir/93/00000000_nir.png,train/FOG/gtSeg/93/00000000_mask.json,2048,1536
fog_seq93_00000001,fog_seq93,fog,train,test,train/FOG/rgb/93/00000001_rgb.png,train/FOG/nir/93/00000001_nir.png,train/FOG/gtSeg/93/00000001_mask.json,2048,1536
fog_seq93_00000002,fog_seq93,fog,train,test,train/FOG/rgb/93/00000002_rgb.png,train/FOG/nir/93/00000002_nir.png,train/FOG/gtSeg/93/00000002_mask.json,2048,1536
fog_seq93_00000003,fog_seq93,fog,train,test,train/FOG/rgb/93/00000003_rgb.png,train/FOG/nir/93/00000003_nir.png,train/FOG/gtSeg/93/00000003_mask.json,2048,1536
fog_seq93_00000004,fog_seq93,fog,train,test,train/FOG/rgb/93/00000004_rgb.png,train/FOG/nir/93/00000004_nir.png,train/FOG/gtSeg/93/00000004_mask.json,2048,1536
fog_seq93_00000005,fog_seq93,fog,train,test,train/FOG/rgb/93/00000005_rgb.png,train/FOG/nir/93/00000005_nir.png,train/FOG/gtSeg/93/00000005_mask.json,2048,1536
fog_seq94_00000000,fog_seq94,fog,train,train,train/FOG/rgb/94/00000000_rgb.png,train/FOG/nir/94/00000000_nir.png,train/FOG/gtSeg/94/00000000_mask.json,2048,1536
fog_seq94_00000001,fog_seq94,fog,train,train,train/FOG/rgb/94/00000001_rgb.png,train/FOG/nir/94/00000001_nir.png,train/FOG/gtSeg/94/00000001_mask.json,2048,1536
fog_seq94_00000002,fog_seq94,fog,train,train,train/FOG/rgb/94/00000002_rgb.png,train/FOG/nir/94/00000002_nir.png,train/FOG/gtSeg/94/00000002_mask.json,2048,1536
fog_seq96_00000000,fog_seq96,fog,train,train,train/FOG/rgb/96/00000000_rgb.png,train/FOG/nir/96/00000000_nir.png,train/FOG/gtSeg/96/00000000_mask.json,2048,1536
fog_seq96_00000001,fog_seq96,fog,train,train,train/FOG/rgb/96/00000001_rgb.png,train/FOG/nir/96/00000001_nir.png,train/FOG/gtSeg/96/00000001_mask.json,2048,1536
fog_seq96_00000002,fog_seq96,fog,train,train,train/FOG/rgb/96/00000002_rgb.png,train/FOG/nir/96/00000002_nir.png,train/FOG/gtSeg/96/00000002_mask.json,2048,1536
fog_seq96_00000003,fog_seq96,fog,train,train,train/FOG/rgb/96/00000003_rgb.png,train/FOG/nir/96/00000003_nir.png,train/FOG/gtSeg/96/00000003_mask.json,2048,1536
fog_seq96_00000004,fog_seq96,fog,train,train,train/FOG/rgb/96/00000004_rgb.png,train/FOG/nir/96/00000004_nir.png,train/FOG/gtSeg/96/00000004_mask.json,2048,1536
fog_seq96_00000005,fog_seq96,fog,train,train,train/FOG/rgb/96/00000005_rgb.png,train/FOG/nir/96/00000005_nir.png,train/FOG/gtSeg/96/00000005_mask.json,2048,1536
fog_seq96_00000006,fog_seq96,fog,train,train,train/FOG/rgb/96/00000006_rgb.png,train/FOG/nir/96/00000006_nir.png,train/FOG/gtSeg/96/00000006_mask.json,2048,1536
fog_seq96_00000007,fog_seq96,fog,train,train,train/FOG/rgb/96/00000007_rgb.png,train/FOG/nir/96/00000007_nir.png,train/FOG/gtSeg/96/00000007_mask.json,2048,1536
fog_seq96_00000008,fog_seq96,fog,train,train,train/FOG/rgb/96/00000008_rgb.png,train/FOG/nir/96/00000008_nir.png,train/FOG/gtSeg/96/00000008_mask.json,2048,1536
fog_seq96_00000009,fog_seq96,fog,train,train,train/FOG/rgb/96/00000009_rgb.png,train/FOG/nir/96/00000009_nir.png,train/FOG/gtSeg/96/00000009_mask.json,2048,1536
fog_seq96_00000010,fog_seq96,fog,train,train,train/FOG/rgb/96/00000010_rgb.png,train/FOG/nir/96/00000010_nir.png,train/FOG/gtSeg/96/00000010_mask.json,2048,1536
fog_seq96_00000011,fog_seq96,fog,train,train,train/FOG/rgb/96/00000011_rgb.png,train/FOG/nir/96/00000011_nir.png,train/FOG/gtSeg/96/00000011_mask.json,2048,1536
fog_seq96_00000012,fog_seq96,fog,train,train,train/FOG/rgb/96/00000012_rgb.png,train/FOG/nir/96/00000012_nir.png,train/FOG/gtSeg/96/00000012_mask.json,2048,1536
fog_seq96_00000013,fog_seq96,fog,train,train,train/FOG/rgb/96/00000013_rgb.png,train/FOG/nir/96/00000013_nir.png,train/FOG/gtSeg/96/00000013_mask.json,2048,1536
fog_seq96_00000014,fog_seq96,fog,train,train,train/FOG/rgb/96/00000014_rgb.png,train/FOG/nir/96/00000014_nir.png,train/FOG/gtSeg/96/00000014_mask.json,2048,1536
fog_seq97_00000000,fog_seq97,fog,train,train,train/FOG/rgb/97/00000000_rgb.png,train/FOG/nir/97/00000000_nir.png,train/FOG/gtSeg/97/00000000_mask.json,2048,1536
fog_seq97_00000001,fog_seq97,fog,train,train,train/FOG/rgb/97/00000001_rgb.png,train/FOG/nir/97/00000001_nir.png,train/FOG/gtSeg/97/00000001_mask.json,2048,1536
fog_seq97_00000002,fog_seq97,fog,train,train,train/FOG/rgb/97/00000002_rgb.png,train/FOG/nir/97/00000002_nir.png,train/FOG/gtSeg/97/00000002_mask.json,2048,1536
fog_seq97_00000003,fog_seq97,fog,train,train,train/FOG/rgb/97/00000003_rgb.png,train/FOG/nir/97/00000003_nir.png,train/FOG/gtSeg/97/00000003_mask.json,2048,1536
fog_seq97_00000004,fog_seq97,fog,train,train,train/FOG/rgb/97/00000004_rgb.png,train/FOG/nir/97/00000004_nir.png,train/FOG/gtSeg/97/00000004_mask.json,2048,1536
fog_seq97_00000005,fog_seq97,fog,train,train,train/FOG/rgb/97/00000005_rgb.png,train/FOG/nir/97/00000005_nir.png,train/FOG/gtSeg/97/00000005_mask.json,2048,1536
fog_seq97_00000006,fog_seq97,fog,train,train,train/FOG/rgb/97/00000006_rgb.png,train/FOG/nir/97/00000006_nir.png,train/FOG/gtSeg/97/00000006_mask.json,2048,1536
fog_seq97_00000007,fog_seq97,fog,train,train,train/FOG/rgb/97/00000007_rgb.png,train/FOG/nir/97/00000007_nir.png,train/FOG/gtSeg/97/00000007_mask.json,2048,1536
fog_seq97_00000008,fog_seq97,fog,train,train,train/FOG/rgb/97/00000008_rgb.png,train/FOG/nir/97/00000008_nir.png,train/FOG/gtSeg/97/00000008_mask.json,2048,1536
fog_seq97_00000009,fog_seq97,fog,train,train,train/FOG/rgb/97/00000009_rgb.png,train/FOG/nir/97/00000009_nir.png,train/FOG/gtSeg/97/00000009_mask.json,2048,1536
fog_seq97_00000010,fog_seq97,fog,train,train,train/FOG/rgb/97/00000010_rgb.png,train/FOG/nir/97/00000010_nir.png,train/FOG/gtSeg/97/00000010_mask.json,2048,1536
fog_seq101_00000000,fog_seq101,fog,train,train,train/FOG/rgb/101/00000000_rgb.png,train/FOG/nir/101/00000000_nir.png,train/FOG/gtSeg/101/00000000_mask.json,2048,1536
fog_seq101_00000001,fog_seq101,fog,train,train,train/FOG/rgb/101/00000001_rgb.png,train/FOG/nir/101/00000001_nir.png,train/FOG/gtSeg/101/00000001_mask.json,2048,1536
fog_seq101_00000002,fog_seq101,fog,train,train,train/FOG/rgb/101/00000002_rgb.png,train/FOG/nir/101/00000002_nir.png,train/FOG/gtSeg/101/00000002_mask.json,2048,1536
fog_seq101_00000003,fog_seq101,fog,train,train,train/FOG/rgb/101/00000003_rgb.png,train/FOG/nir/101/00000003_nir.png,train/FOG/gtSeg/101/00000003_mask.json,2048,1536
fog_seq101_00000004,fog_seq101,fog,train,train,train/FOG/rgb/101/00000004_rgb.png,train/FOG/nir/101/00000004_nir.png,train/FOG/gtSeg/101/00000004_mask.json,2048,1536
fog_seq101_00000005,fog_seq101,fog,train,train,train/FOG/rgb/101/00000005_rgb.png,train/FOG/nir/101/00000005_nir.png,train/FOG/gtSeg/101/00000005_mask.json,2048,1536
fog_seq101_00000006,fog_seq101,fog,train,train,train/FOG/rgb/101/00000006_rgb.png,train/FOG/nir/101/00000006_nir.png,train/FOG/gtSeg/101/00000006_mask.json,2048,1536
fog_seq101_00000007,fog_seq101,fog,train,train,train/FOG/rgb/101/00000007_rgb.png,train/FOG/nir/101/00000007_nir.png,train/FOG/gtSeg/101/00000007_mask.json,2048,1536
fog_seq101_00000008,fog_seq101,fog,train,train,train/FOG/rgb/101/00000008_rgb.png,train/FOG/nir/101/00000008_nir.png,train/FOG/gtSeg/101/00000008_mask.json,2048,1536
fog_seq101_00000009,fog_seq101,fog,train,train,train/FOG/rgb/101/00000009_rgb.png,train/FOG/nir/101/00000009_nir.png,train/FOG/gtSeg/101/00000009_mask.json,2048,1536
fog_seq101_00000010,fog_seq101,fog,train,train,train/FOG/rgb/101/00000010_rgb.png,train/FOG/nir/101/00000010_nir.png,train/FOG/gtSeg/101/00000010_mask.json,2048,1536
fog_seq101_00000011,fog_seq101,fog,train,train,train/FOG/rgb/101/00000011_rgb.png,train/FOG/nir/101/00000011_nir.png,train/FOG/gtSeg/101/00000011_mask.json,2048,1536
fog_seq101_00000012,fog_seq101,fog,train,train,train/FOG/rgb/101/00000012_rgb.png,train/FOG/nir/101/00000012_nir.png,train/FOG/gtSeg/101/00000012_mask.json,2048,1536
fog_seq101_00000013,fog_seq101,fog,train,train,train/FOG/rgb/101/00000013_rgb.png,train/FOG/nir/101/00000013_nir.png,train/FOG/gtSeg/101/00000013_mask.json,2048,1536
fog_seq101_00000014,fog_seq101,fog,train,train,train/FOG/rgb/101/00000014_rgb.png,train/FOG/nir/101/00000014_nir.png,train/FOG/gtSeg/101/00000014_mask.json,2048,1536
fog_seq102_00000000,fog_seq102,fog,train,test,train/FOG/rgb/102/00000000_rgb.png,train/FOG/nir/102/00000000_nir.png,train/FOG/gtSeg/102/00000000_mask.json,2048,1536
fog_seq102_00000001,fog_seq102,fog,train,test,train/FOG/rgb/102/00000001_rgb.png,train/FOG/nir/102/00000001_nir.png,train/FOG/gtSeg/102/00000001_mask.json,2048,1536
fog_seq102_00000002,fog_seq102,fog,train,test,train/FOG/rgb/102/00000002_rgb.png,train/FOG/nir/102/00000002_nir.png,train/FOG/gtSeg/102/00000002_mask.json,2048,1536
fog_seq102_00000003,fog_seq102,fog,train,test,train/FOG/rgb/102/00000003_rgb.png,train/FOG/nir/102/00000003_nir.png,train/FOG/gtSeg/102/00000003_mask.json,2048,1536
fog_seq102_00000004,fog_seq102,fog,train,test,train/FOG/rgb/102/00000004_rgb.png,train/FOG/nir/102/00000004_nir.png,train/FOG/gtSeg/102/00000004_mask.json,2048,1536
fog_seq102_00000005,fog_seq102,fog,train,test,train/FOG/rgb/102/00000005_rgb.png,train/FOG/nir/102/00000005_nir.png,train/FOG/gtSeg/102/00000005_mask.json,2048,1536
fog_seq102_00000006,fog_seq102,fog,train,test,train/FOG/rgb/102/00000006_rgb.png,train/FOG/nir/102/00000006_nir.png,train/FOG/gtSeg/102/00000006_mask.json,2048,1536
fog_seq102_00000007,fog_seq102,fog,train,test,train/FOG/rgb/102/00000007_rgb.png,train/FOG/nir/102/00000007_nir.png,train/FOG/gtSeg/102/00000007_mask.json,2048,1536
fog_seq102_00000008,fog_seq102,fog,train,test,train/FOG/rgb/102/00000008_rgb.png,train/FOG/nir/102/00000008_nir.png,train/FOG/gtSeg/102/00000008_mask.json,2048,1536
fog_seq102_00000009,fog_seq102,fog,train,test,train/FOG/rgb/102/00000009_rgb.png,train/FOG/nir/102/00000009_nir.png,train/FOG/gtSeg/102/00000009_mask.json,2048,1536
fog_seq104_00000000,fog_seq104,fog,train,val,train/FOG/rgb/104/00000000_rgb.png,train/FOG/nir/104/00000000_nir.png,train/FOG/gtSeg/104/00000000_mask.json,2048,1536
fog_seq104_00000001,fog_seq104,fog,train,val,train/FOG/rgb/104/00000001_rgb.png,train/FOG/nir/104/00000001_nir.png,train/FOG/gtSeg/104/00000001_mask.json,2048,1536
fog_seq104_00000002,fog_seq104,fog,train,val,train/FOG/rgb/104/00000002_rgb.png,train/FOG/nir/104/00000002_nir.png,train/FOG/gtSeg/104/00000002_mask.json,2048,1536
fog_seq104_00000003,fog_seq104,fog,train,val,train/FOG/rgb/104/00000003_rgb.png,train/FOG/nir/104/00000003_nir.png,train/FOG/gtSeg/104/00000003_mask.json,2048,1536
fog_seq104_00000004,fog_seq104,fog,train,val,train/FOG/rgb/104/00000004_rgb.png,train/FOG/nir/104/00000004_nir.png,train/FOG/gtSeg/104/00000004_mask.json,2048,1536
fog_seq104_00000005,fog_seq104,fog,train,val,train/FOG/rgb/104/00000005_rgb.png,train/FOG/nir/104/00000005_nir.png,train/FOG/gtSeg/104/00000005_mask.json,2048,1536
fog_seq104_00000006,fog_seq104,fog,train,val,train/FOG/rgb/104/00000006_rgb.png,train/FOG/nir/104/00000006_nir.png,train/FOG/gtSeg/104/00000006_mask.json,2048,1536
fog_seq104_00000007,fog_seq104,fog,train,val,train/FOG/rgb/104/00000007_rgb.png,train/FOG/nir/104/00000007_nir.png,train/FOG/gtSeg/104/00000007_mask.json,2048,1536
fog_seq105_00000000,fog_seq105,fog,val,train,val/FOG/rgb/105/00000000_rgb.png,val/FOG/nir/105/00000000_nir.png,val/FOG/gtSeg/105/00000000_mask.json,2048,1536
fog_seq105_00000001,fog_seq105,fog,val,train,val/FOG/rgb/105/00000001_rgb.png,val/FOG/nir/105/00000001_nir.png,val/FOG/gtSeg/105/00000001_mask.json,2048,1536
fog_seq105_00000002,fog_seq105,fog,val,train,val/FOG/rgb/105/00000002_rgb.png,val/FOG/nir/105/00000002_nir.png,val/FOG/gtSeg/105/00000002_mask.json,2048,1536
fog_seq105_00000003,fog_seq105,fog,val,train,val/FOG/rgb/105/00000003_rgb.png,val/FOG/nir/105/00000003_nir.png,val/FOG/gtSeg/105/00000003_mask.json,2048,1536
fog_seq105_00000004,fog_seq105,fog,val,train,val/FOG/rgb/105/00000004_rgb.png,val/FOG/nir/105/00000004_nir.png,val/FOG/gtSeg/105/00000004_mask.json,2048,1536
fog_seq105_00000005,fog_seq105,fog,val,train,val/FOG/rgb/105/00000005_rgb.png,val/FOG/nir/105/00000005_nir.png,val/FOG/gtSeg/105/00000005_mask.json,2048,1536
fog_seq105_00000006,fog_seq105,fog,val,train,val/FOG/rgb/105/00000006_rgb.png,val/FOG/nir/105/00000006_nir.png,val/FOG/gtSeg/105/00000006_mask.json,2048,1536
fog_seq105_00000007,fog_seq105,fog,val,train,val/FOG/rgb/105/00000007_rgb.png,val/FOG/nir/105/00000007_nir.png,val/FOG/gtSeg/105/00000007_mask.json,2048,1536
fog_seq105_00000008,fog_seq105,fog,val,train,val/FOG/rgb/105/00000008_rgb.png,val/FOG/nir/105/00000008_nir.png,val/FOG/gtSeg/105/00000008_mask.json,2048,1536
fog_seq105_00000009,fog_seq105,fog,val,train,val/FOG/rgb/105/00000009_rgb.png,val/FOG/nir/105/00000009_nir.png,val/FOG/gtSeg/105/00000009_mask.json,2048,1536
fog_seq105_00000010,fog_seq105,fog,val,train,val/FOG/rgb/105/00000010_rgb.png,val/FOG/nir/105/00000010_nir.png,val/FOG/gtSeg/105/00000010_mask.json,2048,1536
fog_seq105_00000011,fog_seq105,fog,val,train,val/FOG/rgb/105/00000011_rgb.png,val/FOG/nir/105/00000011_nir.png,val/FOG/gtSeg/105/00000011_mask.json,2048,1536
fog_seq105_00000012,fog_seq105,fog,val,train,val/FOG/rgb/105/00000012_rgb.png,val/FOG/nir/105/00000012_nir.png,val/FOG/gtSeg/105/00000012_mask.json,2048,1536
fog_seq105_00000013,fog_seq105,fog,val,train,val/FOG/rgb/105/00000013_rgb.png,val/FOG/nir/105/00000013_nir.png,val/FOG/gtSeg/105/00000013_mask.json,2048,1536
fog_seq105_00000014,fog_seq105,fog,val,train,val/FOG/rgb/105/00000014_rgb.png,val/FOG/nir/105/00000014_nir.png,val/FOG/gtSeg/105/00000014_mask.json,2048,1536
fog_seq105_00000015,fog_seq105,fog,val,train,val/FOG/rgb/105/00000015_rgb.png,val/FOG/nir/105/00000015_nir.png,val/FOG/gtSeg/105/00000015_mask.json,2048,1536
fog_seq105_00000016,fog_seq105,fog,val,train,val/FOG/rgb/105/00000016_rgb.png,val/FOG/nir/105/00000016_nir.png,val/FOG/gtSeg/105/00000016_mask.json,2048,1536
fog_seq105_00000017,fog_seq105,fog,val,train,val/FOG/rgb/105/00000017_rgb.png,val/FOG/nir/105/00000017_nir.png,val/FOG/gtSeg/105/00000017_mask.json,2048,1536
fog_seq105_00000018,fog_seq105,fog,val,train,val/FOG/rgb/105/00000018_rgb.png,val/FOG/nir/105/00000018_nir.png,val/FOG/gtSeg/105/00000018_mask.json,2048,1536
fog_seq105_00000019,fog_seq105,fog,val,train,val/FOG/rgb/105/00000019_rgb.png,val/FOG/nir/105/00000019_nir.png,val/FOG/gtSeg/105/00000019_mask.json,2048,1536
fog_seq105_00000020,fog_seq105,fog,val,train,val/FOG/rgb/105/00000020_rgb.png,val/FOG/nir/105/00000020_nir.png,val/FOG/gtSeg/105/00000020_mask.json,2048,1536
fog_seq105_00000021,fog_seq105,fog,val,train,val/FOG/rgb/105/00000021_rgb.png,val/FOG/nir/105/00000021_nir.png,val/FOG/gtSeg/105/00000021_mask.json,2048,1536
fog_seq105_00000022,fog_seq105,fog,val,train,val/FOG/rgb/105/00000022_rgb.png,val/FOG/nir/105/00000022_nir.png,val/FOG/gtSeg/105/00000022_mask.json,2048,1536
fog_seq105_00000023,fog_seq105,fog,val,train,val/FOG/rgb/105/00000023_rgb.png,val/FOG/nir/105/00000023_nir.png,val/FOG/gtSeg/105/00000023_mask.json,2048,1536
fog_seq105_00000024,fog_seq105,fog,val,train,val/FOG/rgb/105/00000024_rgb.png,val/FOG/nir/105/00000024_nir.png,val/FOG/gtSeg/105/00000024_mask.json,2048,1536
fog_seq105_00000025,fog_seq105,fog,val,train,val/FOG/rgb/105/00000025_rgb.png,val/FOG/nir/105/00000025_nir.png,val/FOG/gtSeg/105/00000025_mask.json,2048,1536
fog_seq105_00000026,fog_seq105,fog,val,train,val/FOG/rgb/105/00000026_rgb.png,val/FOG/nir/105/00000026_nir.png,val/FOG/gtSeg/105/00000026_mask.json,2048,1536
fog_seq105_00000027,fog_seq105,fog,val,train,val/FOG/rgb/105/00000027_rgb.png,val/FOG/nir/105/00000027_nir.png,val/FOG/gtSeg/105/00000027_mask.json,2048,1536
fog_seq105_00000028,fog_seq105,fog,val,train,val/FOG/rgb/105/00000028_rgb.png,val/FOG/nir/105/00000028_nir.png,val/FOG/gtSeg/105/00000028_mask.json,2048,1536
fog_seq105_00000029,fog_seq105,fog,val,train,val/FOG/rgb/105/00000029_rgb.png,val/FOG/nir/105/00000029_nir.png,val/FOG/gtSeg/105/00000029_mask.json,2048,1536
fog_seq105_00000030,fog_seq105,fog,val,train,val/FOG/rgb/105/00000030_rgb.png,val/FOG/nir/105/00000030_nir.png,val/FOG/gtSeg/105/00000030_mask.json,2048,1536
low_light_seq106_00000000,low_light_seq106,low_light,val,test,val/LOWLIGHT/rgb/106/00000000_rgb.png,val/LOWLIGHT/nir/106/00000000_nir.png,val/LOWLIGHT/gtSeg/106/00000000_mask.json,2048,1536
low_light_seq106_00000001,low_light_seq106,low_light,val,test,val/LOWLIGHT/rgb/106/00000001_rgb.png,val/LOWLIGHT/nir/106/00000001_nir.png,val/LOWLIGHT/gtSeg/106/00000001_mask.json,2048,1536
low_light_seq106_00000002,low_light_seq106,low_light,val,test,val/LOWLIGHT/rgb/106/00000002_rgb.png,val/LOWLIGHT/nir/106/00000002_nir.png,val/LOWLIGHT/gtSeg/106/00000002_mask.json,2048,1536
low_light_seq106_00000003,low_light_seq106,low_light,val,test,val/LOWLIGHT/rgb/106/00000003_rgb.png,val/LOWLIGHT/nir/106/00000003_nir.png,val/LOWLIGHT/gtSeg/106/00000003_mask.json,2048,1536
low_light_seq106_00000004,low_light_seq106,low_light,val,test,val/LOWLIGHT/rgb/106/00000004_rgb.png,val/LOWLIGHT/nir/106/00000004_nir.png,val/LOWLIGHT/gtSeg/106/00000004_mask.json,2048,1536
low_light_seq106_00000005,low_light_seq106,low_light,val,test,val/LOWLIGHT/rgb/106/00000005_rgb.png,val/LOWLIGHT/nir/106/00000005_nir.png,val/LOWLIGHT/gtSeg/106/00000005_mask.json,2048,1536
low_light_seq106_00000006,low_light_seq106,low_light,val,test,val/LOWLIGHT/rgb/106/00000006_rgb.png,val/LOWLIGHT/nir/106/00000006_nir.png,val/LOWLIGHT/gtSeg/106/00000006_mask.json,2048,1536
low_light_seq106_00000007,low_light_seq106,low_light,val,test,val/LOWLIGHT/rgb/106/00000007_rgb.png,val/LOWLIGHT/nir/106/00000007_nir.png,val/LOWLIGHT/gtSeg/106/00000007_mask.json,2048,1536
low_light_seq106_00000008,low_light_seq106,low_light,val,test,val/LOWLIGHT/rgb/106/00000008_rgb.png,val/LOWLIGHT/nir/106/00000008_nir.png,val/LOWLIGHT/gtSeg/106/00000008_mask.json,2048,1536
low_light_seq106_00000009,low_light_seq106,low_light,val,test,val/LOWLIGHT/rgb/106/00000009_rgb.png,val/LOWLIGHT/nir/106/00000009_nir.png,val/LOWLIGHT/gtSeg/106/00000009_mask.json,2048,1536
low_light_seq106_00000010,low_light_seq106,low_light,val,test,val/LOWLIGHT/rgb/106/00000010_rgb.png,val/LOWLIGHT/nir/106/00000010_nir.png,val/LOWLIGHT/gtSeg/106/00000010_mask.json,2048,1536
low_light_seq106_00000011,low_light_seq106,low_light,val,test,val/LOWLIGHT/rgb/106/00000011_rgb.png,val/LOWLIGHT/nir/106/00000011_nir.png,val/LOWLIGHT/gtSeg/106/00000011_mask.json,2048,1536
low_light_seq106_00000012,low_light_seq106,low_light,val,test,val/LOWLIGHT/rgb/106/00000012_rgb.png,val/LOWLIGHT/nir/106/00000012_nir.png,val/LOWLIGHT/gtSeg/106/00000012_mask.json,2048,1536
low_light_seq106_00000013,low_light_seq106,low_light,val,test,val/LOWLIGHT/rgb/106/00000013_rgb.png,val/LOWLIGHT/nir/106/00000013_nir.png,val/LOWLIGHT/gtSeg/106/00000013_mask.json,2048,1536
low_light_seq106_00000014,low_light_seq106,low_light,val,test,val/LOWLIGHT/rgb/106/00000014_rgb.png,val/LOWLIGHT/nir/106/00000014_nir.png,val/LOWLIGHT/gtSeg/106/00000014_mask.json,2048,1536
low_light_seq106_00000015,low_light_seq106,low_light,val,test,val/LOWLIGHT/rgb/106/00000015_rgb.png,val/LOWLIGHT/nir/106/00000015_nir.png,val/LOWLIGHT/gtSeg/106/00000015_mask.json,2048,1536
low_light_seq106_00000016,low_light_seq106,low_light,val,test,val/LOWLIGHT/rgb/106/00000016_rgb.png,val/LOWLIGHT/nir/106/00000016_nir.png,val/LOWLIGHT/gtSeg/106/00000016_mask.json,2048,1536
low_light_seq106_00000017,low_light_seq106,low_light,val,test,val/LOWLIGHT/rgb/106/00000017_rgb.png,val/LOWLIGHT/nir/106/00000017_nir.png,val/LOWLIGHT/gtSeg/106/00000017_mask.json,2048,1536
low_light_seq106_00000018,low_light_seq106,low_light,val,test,val/LOWLIGHT/rgb/106/00000018_rgb.png,val/LOWLIGHT/nir/106/00000018_nir.png,val/LOWLIGHT/gtSeg/106/00000018_mask.json,2048,1536
low_light_seq106_00000019,low_light_seq106,low_light,val,test,val/LOWLIGHT/rgb/106/00000019_rgb.png,val/LOWLIGHT/nir/106/00000019_nir.png,val/LOWLIGHT/gtSeg/106/00000019_mask.json,2048,1536
low_light_seq106_00000020,low_light_seq106,low_light,val,test,val/LOWLIGHT/rgb/106/00000020_rgb.png,val/LOWLIGHT/nir/106/00000020_nir.png,val/LOWLIGHT/gtSeg/106/00000020_mask.json,2048,1536
low_light_seq106_00000021,low_light_seq106,low_light,val,test,val/LOWLIGHT/rgb/106/00000021_rgb.png,val/LOWLIGHT/nir/106/00000021_nir.png,val/LOWLIGHT/gtSeg/106/00000021_mask.json,2048,1536
low_light_seq106_00000022,low_light_seq106,low_light,val,test,val/LOWLIGHT/rgb/106/00000022_rgb.png,val/LOWLIGHT/nir/106/00000022_nir.png,val/LOWLIGHT/gtSeg/106/00000022_mask.json,2048,1536
low_light_seq106_00000023,low_light_seq106,low_light,val,test,val/LOWLIGHT/rgb/106/00000023_rgb.png,val/LOWLIGHT/nir/106/00000023_nir.png,val/LOWLIGHT/gtSeg/106/00000023_mask.json,2048,1536
low_light_seq106_00000024,low_light_seq106,low_light,val,test,val/LOWLIGHT/rgb/106/00000024_rgb.png,val/LOWLIGHT/nir/106/00000024_nir.png,val/LOWLIGHT/gtSeg/106/00000024_mask.json,2048,1536
low_light_seq107_00000000,low_light_seq107,low_light,train,train,train/LOWLIGHT/rgb/107/00000000_rgb.png,train/LOWLIGHT/nir/107/00000000_nir.png,train/LOWLIGHT/gtSeg/107/00000000_mask.json,2048,1536
low_light_seq107_00000001,low_light_seq107,low_light,train,train,train/LOWLIGHT/rgb/107/00000001_rgb.png,train/LOWLIGHT/nir/107/00000001_nir.png,train/LOWLIGHT/gtSeg/107/00000001_mask.json,2048,1536
low_light_seq107_00000002,low_light_seq107,low_light,train,train,train/LOWLIGHT/rgb/107/00000002_rgb.png,train/LOWLIGHT/nir/107/00000002_nir.png,train/LOWLIGHT/gtSeg/107/00000002_mask.json,2048,1536
low_light_seq107_00000003,low_light_seq107,low_light,train,train,train/LOWLIGHT/rgb/107/00000003_rgb.png,train/LOWLIGHT/nir/107/00000003_nir.png,train/LOWLIGHT/gtSeg/107/00000003_mask.json,2048,1536
low_light_seq107_00000004,low_light_seq107,low_light,train,train,train/LOWLIGHT/rgb/107/00000004_rgb.png,train/LOWLIGHT/nir/107/00000004_nir.png,train/LOWLIGHT/gtSeg/107/00000004_mask.json,2048,1536
low_light_seq108_00000000,low_light_seq108,low_light,train,train,train/LOWLIGHT/rgb/108/00000000_rgb.png,train/LOWLIGHT/nir/108/00000000_nir.png,train/LOWLIGHT/gtSeg/108/00000000_mask.json,2048,1536
low_light_seq108_00000001,low_light_seq108,low_light,train,train,train/LOWLIGHT/rgb/108/00000001_rgb.png,train/LOWLIGHT/nir/108/00000001_nir.png,train/LOWLIGHT/gtSeg/108/00000001_mask.json,2048,1536
low_light_seq108_00000002,low_light_seq108,low_light,train,train,train/LOWLIGHT/rgb/108/00000002_rgb.png,train/LOWLIGHT/nir/108/00000002_nir.png,train/LOWLIGHT/gtSeg/108/00000002_mask.json,2048,1536
low_light_seq108_00000003,low_light_seq108,low_light,train,train,train/LOWLIGHT/rgb/108/00000003_rgb.png,train/LOWLIGHT/nir/108/00000003_nir.png,train/LOWLIGHT/gtSeg/108/00000003_mask.json,2048,1536
low_light_seq108_00000004,low_light_seq108,low_light,train,train,train/LOWLIGHT/rgb/108/00000004_rgb.png,train/LOWLIGHT/nir/108/00000004_nir.png,train/LOWLIGHT/gtSeg/108/00000004_mask.json,2048,1536
low_light_seq108_00000005,low_light_seq108,low_light,train,train,train/LOWLIGHT/rgb/108/00000005_rgb.png,train/LOWLIGHT/nir/108/00000005_nir.png,train/LOWLIGHT/gtSeg/108/00000005_mask.json,2048,1536
low_light_seq108_00000006,low_light_seq108,low_light,train,train,train/LOWLIGHT/rgb/108/00000006_rgb.png,train/LOWLIGHT/nir/108/00000006_nir.png,train/LOWLIGHT/gtSeg/108/00000006_mask.json,2048,1536
low_light_seq108_00000007,low_light_seq108,low_light,train,train,train/LOWLIGHT/rgb/108/00000007_rgb.png,train/LOWLIGHT/nir/108/00000007_nir.png,train/LOWLIGHT/gtSeg/108/00000007_mask.json,2048,1536
low_light_seq108_00000008,low_light_seq108,low_light,train,train,train/LOWLIGHT/rgb/108/00000008_rgb.png,train/LOWLIGHT/nir/108/00000008_nir.png,train/LOWLIGHT/gtSeg/108/00000008_mask.json,2048,1536
low_light_seq108_00000009,low_light_seq108,low_light,train,train,train/LOWLIGHT/rgb/108/00000009_rgb.png,train/LOWLIGHT/nir/108/00000009_nir.png,train/LOWLIGHT/gtSeg/108/00000009_mask.json,2048,1536
low_light_seq108_00000010,low_light_seq108,low_light,train,train,train/LOWLIGHT/rgb/108/00000010_rgb.png,train/LOWLIGHT/nir/108/00000010_nir.png,train/LOWLIGHT/gtSeg/108/00000010_mask.json,2048,1536
low_light_seq108_00000011,low_light_seq108,low_light,train,train,train/LOWLIGHT/rgb/108/00000011_rgb.png,train/LOWLIGHT/nir/108/00000011_nir.png,train/LOWLIGHT/gtSeg/108/00000011_mask.json,2048,1536
low_light_seq108_00000012,low_light_seq108,low_light,train,train,train/LOWLIGHT/rgb/108/00000012_rgb.png,train/LOWLIGHT/nir/108/00000012_nir.png,train/LOWLIGHT/gtSeg/108/00000012_mask.json,2048,1536
low_light_seq108_00000013,low_light_seq108,low_light,train,train,train/LOWLIGHT/rgb/108/00000013_rgb.png,train/LOWLIGHT/nir/108/00000013_nir.png,train/LOWLIGHT/gtSeg/108/00000013_mask.json,2048,1536
low_light_seq108_00000014,low_light_seq108,low_light,train,train,train/LOWLIGHT/rgb/108/00000014_rgb.png,train/LOWLIGHT/nir/108/00000014_nir.png,train/LOWLIGHT/gtSeg/108/00000014_mask.json,2048,1536
low_light_seq108_00000015,low_light_seq108,low_light,train,train,train/LOWLIGHT/rgb/108/00000015_rgb.png,train/LOWLIGHT/nir/108/00000015_nir.png,train/LOWLIGHT/gtSeg/108/00000015_mask.json,2048,1536
low_light_seq108_00000016,low_light_seq108,low_light,train,train,train/LOWLIGHT/rgb/108/00000016_rgb.png,train/LOWLIGHT/nir/108/00000016_nir.png,train/LOWLIGHT/gtSeg/108/00000016_mask.json,2048,1536
low_light_seq108_00000017,low_light_seq108,low_light,train,train,train/LOWLIGHT/rgb/108/00000017_rgb.png,train/LOWLIGHT/nir/108/00000017_nir.png,train/LOWLIGHT/gtSeg/108/00000017_mask.json,2048,1536
low_light_seq108_00000018,low_light_seq108,low_light,train,train,train/LOWLIGHT/rgb/108/00000018_rgb.png,train/LOWLIGHT/nir/108/00000018_nir.png,train/LOWLIGHT/gtSeg/108/00000018_mask.json,2048,1536
low_light_seq109_00000000,low_light_seq109,low_light,train,train,train/LOWLIGHT/rgb/109/00000000_rgb.png,train/LOWLIGHT/nir/109/00000000_nir.png,train/LOWLIGHT/gtSeg/109/00000000_mask.json,2048,1536
low_light_seq109_00000001,low_light_seq109,low_light,train,train,train/LOWLIGHT/rgb/109/00000001_rgb.png,train/LOWLIGHT/nir/109/00000001_nir.png,train/LOWLIGHT/gtSeg/109/00000001_mask.json,2048,1536
low_light_seq110_00000000,low_light_seq110,low_light,train,test,train/LOWLIGHT/rgb/110/00000000_rgb.png,train/LOWLIGHT/nir/110/00000000_nir.png,train/LOWLIGHT/gtSeg/110/00000000_mask.json,2048,1536
low_light_seq112_00000000,low_light_seq112,low_light,train,train,train/LOWLIGHT/rgb/112/00000000_rgb.png,train/LOWLIGHT/nir/112/00000000_nir.png,train/LOWLIGHT/gtSeg/112/00000000_mask.json,2048,1536
low_light_seq112_00000001,low_light_seq112,low_light,train,train,train/LOWLIGHT/rgb/112/00000001_rgb.png,train/LOWLIGHT/nir/112/00000001_nir.png,train/LOWLIGHT/gtSeg/112/00000001_mask.json,2048,1536
low_light_seq112_00000002,low_light_seq112,low_light,train,train,train/LOWLIGHT/rgb/112/00000002_rgb.png,train/LOWLIGHT/nir/112/00000002_nir.png,train/LOWLIGHT/gtSeg/112/00000002_mask.json,2048,1536
low_light_seq112_00000003,low_light_seq112,low_light,train,train,train/LOWLIGHT/rgb/112/00000003_rgb.png,train/LOWLIGHT/nir/112/00000003_nir.png,train/LOWLIGHT/gtSeg/112/00000003_mask.json,2048,1536
low_light_seq112_00000004,low_light_seq112,low_light,train,train,train/LOWLIGHT/rgb/112/00000004_rgb.png,train/LOWLIGHT/nir/112/00000004_nir.png,train/LOWLIGHT/gtSeg/112/00000004_mask.json,2048,1536
low_light_seq112_00000005,low_light_seq112,low_light,train,train,train/LOWLIGHT/rgb/112/00000005_rgb.png,train/LOWLIGHT/nir/112/00000005_nir.png,train/LOWLIGHT/gtSeg/112/00000005_mask.json,2048,1536
low_light_seq112_00000006,low_light_seq112,low_light,train,train,train/LOWLIGHT/rgb/112/00000006_rgb.png,train/LOWLIGHT/nir/112/00000006_nir.png,train/LOWLIGHT/gtSeg/112/00000006_mask.json,2048,1536
low_light_seq112_00000007,low_light_seq112,low_light,train,train,train/LOWLIGHT/rgb/112/00000007_rgb.png,train/LOWLIGHT/nir/112/00000007_nir.png,train/LOWLIGHT/gtSeg/112/00000007_mask.json,2048,1536
low_light_seq112_00000008,low_light_seq112,low_light,train,train,train/LOWLIGHT/rgb/112/00000008_rgb.png,train/LOWLIGHT/nir/112/00000008_nir.png,train/LOWLIGHT/gtSeg/112/00000008_mask.json,2048,1536
low_light_seq112_00000009,low_light_seq112,low_light,train,train,train/LOWLIGHT/rgb/112/00000009_rgb.png,train/LOWLIGHT/nir/112/00000009_nir.png,train/LOWLIGHT/gtSeg/112/00000009_mask.json,2048,1536
low_light_seq112_00000010,low_light_seq112,low_light,train,train,train/LOWLIGHT/rgb/112/00000010_rgb.png,train/LOWLIGHT/nir/112/00000010_nir.png,train/LOWLIGHT/gtSeg/112/00000010_mask.json,2048,1536
low_light_seq112_00000011,low_light_seq112,low_light,train,train,train/LOWLIGHT/rgb/112/00000011_rgb.png,train/LOWLIGHT/nir/112/00000011_nir.png,train/LOWLIGHT/gtSeg/112/00000011_mask.json,2048,1536
low_light_seq112_00000012,low_light_seq112,low_light,train,train,train/LOWLIGHT/rgb/112/00000012_rgb.png,train/LOWLIGHT/nir/112/00000012_nir.png,train/LOWLIGHT/gtSeg/112/00000012_mask.json,2048,1536
low_light_seq112_00000013,low_light_seq112,low_light,train,train,train/LOWLIGHT/rgb/112/00000013_rgb.png,train/LOWLIGHT/nir/112/00000013_nir.png,train/LOWLIGHT/gtSeg/112/00000013_mask.json,2048,1536
low_light_seq112_00000014,low_light_seq112,low_light,train,train,train/LOWLIGHT/rgb/112/00000014_rgb.png,train/LOWLIGHT/nir/112/00000014_nir.png,train/LOWLIGHT/gtSeg/112/00000014_mask.json,2048,1536
low_light_seq112_00000015,low_light_seq112,low_light,train,train,train/LOWLIGHT/rgb/112/00000015_rgb.png,train/LOWLIGHT/nir/112/00000015_nir.png,train/LOWLIGHT/gtSeg/112/00000015_mask.json,2048,1536
low_light_seq112_00000016,low_light_seq112,low_light,train,train,train/LOWLIGHT/rgb/112/00000016_rgb.png,train/LOWLIGHT/nir/112/00000016_nir.png,train/LOWLIGHT/gtSeg/112/00000016_mask.json,2048,1536
low_light_seq112_00000017,low_light_seq112,low_light,train,train,train/LOWLIGHT/rgb/112/00000017_rgb.png,train/LOWLIGHT/nir/112/00000017_nir.png,train/LOWLIGHT/gtSeg/112/00000017_mask.json,2048,1536
low_light_seq112_00000018,low_light_seq112,low_light,train,train,train/LOWLIGHT/rgb/112/00000018_rgb.png,train/LOWLIGHT/nir/112/00000018_nir.png,train/LOWLIGHT/gtSeg/112/00000018_mask.json,2048,1536
low_light_seq113_00000000,low_light_seq113,low_light,train,train,train/LOWLIGHT/rgb/113/00000000_rgb.png,train/LOWLIGHT/nir/113/00000000_nir.png,train/LOWLIGHT/gtSeg/113/00000000_mask.json,2048,1536
low_light_seq114_00000000,low_light_seq114,low_light,train,train,train/LOWLIGHT/rgb/114/00000000_rgb.png,train/LOWLIGHT/nir/114/00000000_nir.png,train/LOWLIGHT/gtSeg/114/00000000_mask.json,2048,1536
low_light_seq114_00000001,low_light_seq114,low_light,train,train,train/LOWLIGHT/rgb/114/00000001_rgb.png,train/LOWLIGHT/nir/114/00000001_nir.png,train/LOWLIGHT/gtSeg/114/00000001_mask.json,2048,1536
low_light_seq114_00000002,low_light_seq114,low_light,train,train,train/LOWLIGHT/rgb/114/00000002_rgb.png,train/LOWLIGHT/nir/114/00000002_nir.png,train/LOWLIGHT/gtSeg/114/00000002_mask.json,2048,1536
low_light_seq114_00000003,low_light_seq114,low_light,train,train,train/LOWLIGHT/rgb/114/00000003_rgb.png,train/LOWLIGHT/nir/114/00000003_nir.png,train/LOWLIGHT/gtSeg/114/00000003_mask.json,2048,1536
low_light_seq114_00000004,low_light_seq114,low_light,train,train,train/LOWLIGHT/rgb/114/00000004_rgb.png,train/LOWLIGHT/nir/114/00000004_nir.png,train/LOWLIGHT/gtSeg/114/00000004_mask.json,2048,1536
low_light_seq114_00000005,low_light_seq114,low_light,train,train,train/LOWLIGHT/rgb/114/00000005_rgb.png,train/LOWLIGHT/nir/114/00000005_nir.png,train/LOWLIGHT/gtSeg/114/00000005_mask.json,2048,1536
low_light_seq115_00000000,low_light_seq115,low_light,val,train,val/LOWLIGHT/rgb/115/00000000_rgb.png,val/LOWLIGHT/nir/115/00000000_nir.png,val/LOWLIGHT/gtSeg/115/00000000_mask.json,2048,1536
low_light_seq115_00000001,low_light_seq115,low_light,val,train,val/LOWLIGHT/rgb/115/00000001_rgb.png,val/LOWLIGHT/nir/115/00000001_nir.png,val/LOWLIGHT/gtSeg/115/00000001_mask.json,2048,1536
low_light_seq116_00000000,low_light_seq116,low_light,train,train,train/LOWLIGHT/rgb/116/00000000_rgb.png,train/LOWLIGHT/nir/116/00000000_nir.png,train/LOWLIGHT/gtSeg/116/00000000_mask.json,2048,1536
low_light_seq117_00000000,low_light_seq117,low_light,train,train,train/LOWLIGHT/rgb/117/00000000_rgb.png,train/LOWLIGHT/nir/117/00000000_nir.png,train/LOWLIGHT/gtSeg/117/00000000_mask.json,2048,1536
low_light_seq117_00000001,low_light_seq117,low_light,train,train,train/LOWLIGHT/rgb/117/00000001_rgb.png,train/LOWLIGHT/nir/117/00000001_nir.png,train/LOWLIGHT/gtSeg/117/00000001_mask.json,2048,1536
low_light_seq117_00000002,low_light_seq117,low_light,train,train,train/LOWLIGHT/rgb/117/00000002_rgb.png,train/LOWLIGHT/nir/117/00000002_nir.png,train/LOWLIGHT/gtSeg/117/00000002_mask.json,2048,1536
low_light_seq117_00000003,low_light_seq117,low_light,train,train,train/LOWLIGHT/rgb/117/00000003_rgb.png,train/LOWLIGHT/nir/117/00000003_nir.png,train/LOWLIGHT/gtSeg/117/00000003_mask.json,2048,1536
low_light_seq117_00000004,low_light_seq117,low_light,train,train,train/LOWLIGHT/rgb/117/00000004_rgb.png,train/LOWLIGHT/nir/117/00000004_nir.png,train/LOWLIGHT/gtSeg/117/00000004_mask.json,2048,1536
low_light_seq117_00000005,low_light_seq117,low_light,train,train,train/LOWLIGHT/rgb/117/00000005_rgb.png,train/LOWLIGHT/nir/117/00000005_nir.png,train/LOWLIGHT/gtSeg/117/00000005_mask.json,2048,1536
low_light_seq118_00000000,low_light_seq118,low_light,train,train,train/LOWLIGHT/rgb/118/00000000_rgb.png,train/LOWLIGHT/nir/118/00000000_nir.png,train/LOWLIGHT/gtSeg/118/00000000_mask.json,2048,1536
low_light_seq118_00000001,low_light_seq118,low_light,train,train,train/LOWLIGHT/rgb/118/00000001_rgb.png,train/LOWLIGHT/nir/118/00000001_nir.png,train/LOWLIGHT/gtSeg/118/00000001_mask.json,2048,1536
low_light_seq119_00000000,low_light_seq119,low_light,train,train,train/LOWLIGHT/rgb/119/00000000_rgb.png,train/LOWLIGHT/nir/119/00000000_nir.png,train/LOWLIGHT/gtSeg/119/00000000_mask.json,2048,1536
low_light_seq119_00000001,low_light_seq119,low_light,train,train,train/LOWLIGHT/rgb/119/00000001_rgb.png,train/LOWLIGHT/nir/119/00000001_nir.png,train/LOWLIGHT/gtSeg/119/00000001_mask.json,2048,1536
low_light_seq120_00000000,low_light_seq120,low_light,train,val,train/LOWLIGHT/rgb/120/00000000_rgb.png,train/LOWLIGHT/nir/120/00000000_nir.png,train/LOWLIGHT/gtSeg/120/00000000_mask.json,2048,1536
low_light_seq120_00000001,low_light_seq120,low_light,train,val,train/LOWLIGHT/rgb/120/00000001_rgb.png,train/LOWLIGHT/nir/120/00000001_nir.png,train/LOWLIGHT/gtSeg/120/00000001_mask.json,2048,1536
low_light_seq120_00000002,low_light_seq120,low_light,train,val,train/LOWLIGHT/rgb/120/00000002_rgb.png,train/LOWLIGHT/nir/120/00000002_nir.png,train/LOWLIGHT/gtSeg/120/00000002_mask.json,2048,1536
low_light_seq120_00000003,low_light_seq120,low_light,train,val,train/LOWLIGHT/rgb/120/00000003_rgb.png,train/LOWLIGHT/nir/120/00000003_nir.png,train/LOWLIGHT/gtSeg/120/00000003_mask.json,2048,1536
low_light_seq120_00000004,low_light_seq120,low_light,train,val,train/LOWLIGHT/rgb/120/00000004_rgb.png,train/LOWLIGHT/nir/120/00000004_nir.png,train/LOWLIGHT/gtSeg/120/00000004_mask.json,2048,1536
low_light_seq120_00000005,low_light_seq120,low_light,train,val,train/LOWLIGHT/rgb/120/00000005_rgb.png,train/LOWLIGHT/nir/120/00000005_nir.png,train/LOWLIGHT/gtSeg/120/00000005_mask.json,2048,1536
low_light_seq121_00000000,low_light_seq121,low_light,train,train,train/LOWLIGHT/rgb/121/00000000_rgb.png,train/LOWLIGHT/nir/121/00000000_nir.png,train/LOWLIGHT/gtSeg/121/00000000_mask.json,2048,1536
low_light_seq121_00000001,low_light_seq121,low_light,train,train,train/LOWLIGHT/rgb/121/00000001_rgb.png,train/LOWLIGHT/nir/121/00000001_nir.png,train/LOWLIGHT/gtSeg/121/00000001_mask.json,2048,1536
low_light_seq122_00000000,low_light_seq122,low_light,train,test,train/LOWLIGHT/rgb/122/00000000_rgb.png,train/LOWLIGHT/nir/122/00000000_nir.png,train/LOWLIGHT/gtSeg/122/00000000_mask.json,2048,1536
low_light_seq122_00000001,low_light_seq122,low_light,train,test,train/LOWLIGHT/rgb/122/00000001_rgb.png,train/LOWLIGHT/nir/122/00000001_nir.png,train/LOWLIGHT/gtSeg/122/00000001_mask.json,2048,1536
low_light_seq125_00000000,low_light_seq125,low_light,train,test,train/LOWLIGHT/rgb/125/00000000_rgb.png,train/LOWLIGHT/nir/125/00000000_nir.png,train/LOWLIGHT/gtSeg/125/00000000_mask.json,2048,1536
low_light_seq125_00000001,low_light_seq125,low_light,train,test,train/LOWLIGHT/rgb/125/00000001_rgb.png,train/LOWLIGHT/nir/125/00000001_nir.png,train/LOWLIGHT/gtSeg/125/00000001_mask.json,2048,1536
low_light_seq125_00000002,low_light_seq125,low_light,train,test,train/LOWLIGHT/rgb/125/00000002_rgb.png,train/LOWLIGHT/nir/125/00000002_nir.png,train/LOWLIGHT/gtSeg/125/00000002_mask.json,2048,1536
low_light_seq125_00000003,low_light_seq125,low_light,train,test,train/LOWLIGHT/rgb/125/00000003_rgb.png,train/LOWLIGHT/nir/125/00000003_nir.png,train/LOWLIGHT/gtSeg/125/00000003_mask.json,2048,1536
low_light_seq125_00000004,low_light_seq125,low_light,train,test,train/LOWLIGHT/rgb/125/00000004_rgb.png,train/LOWLIGHT/nir/125/00000004_nir.png,train/LOWLIGHT/gtSeg/125/00000004_mask.json,2048,1536
low_light_seq125_00000005,low_light_seq125,low_light,train,test,train/LOWLIGHT/rgb/125/00000005_rgb.png,train/LOWLIGHT/nir/125/00000005_nir.png,train/LOWLIGHT/gtSeg/125/00000005_mask.json,2048,1536
low_light_seq126_00000000,low_light_seq126,low_light,train,train,train/LOWLIGHT/rgb/126/00000000_rgb.png,train/LOWLIGHT/nir/126/00000000_nir.png,train/LOWLIGHT/gtSeg/126/00000000_mask.json,2048,1536
low_light_seq127_00000000,low_light_seq127,low_light,train,test,train/LOWLIGHT/rgb/127/00000000_rgb.png,train/LOWLIGHT/nir/127/00000000_nir.png,train/LOWLIGHT/gtSeg/127/00000000_mask.json,2048,1536
low_light_seq128_00000000,low_light_seq128,low_light,val,val,val/LOWLIGHT/rgb/128/00000000_rgb.png,val/LOWLIGHT/nir/128/00000000_nir.png,val/LOWLIGHT/gtSeg/128/00000000_mask.json,2048,1536
low_light_seq128_00000001,low_light_seq128,low_light,val,val,val/LOWLIGHT/rgb/128/00000001_rgb.png,val/LOWLIGHT/nir/128/00000001_nir.png,val/LOWLIGHT/gtSeg/128/00000001_mask.json,2048,1536
low_light_seq128_00000002,low_light_seq128,low_light,val,val,val/LOWLIGHT/rgb/128/00000002_rgb.png,val/LOWLIGHT/nir/128/00000002_nir.png,val/LOWLIGHT/gtSeg/128/00000002_mask.json,2048,1536
low_light_seq129_00000000,low_light_seq129,low_light,train,test,train/LOWLIGHT/rgb/129/00000000_rgb.png,train/LOWLIGHT/nir/129/00000000_nir.png,train/LOWLIGHT/gtSeg/129/00000000_mask.json,2048,1536
low_light_seq129_00000001,low_light_seq129,low_light,train,test,train/LOWLIGHT/rgb/129/00000001_rgb.png,train/LOWLIGHT/nir/129/00000001_nir.png,train/LOWLIGHT/gtSeg/129/00000001_mask.json,2048,1536
low_light_seq129_00000002,low_light_seq129,low_light,train,test,train/LOWLIGHT/rgb/129/00000002_rgb.png,train/LOWLIGHT/nir/129/00000002_nir.png,train/LOWLIGHT/gtSeg/129/00000002_mask.json,2048,1536
low_light_seq129_00000003,low_light_seq129,low_light,train,test,train/LOWLIGHT/rgb/129/00000003_rgb.png,train/LOWLIGHT/nir/129/00000003_nir.png,train/LOWLIGHT/gtSeg/129/00000003_mask.json,2048,1536
low_light_seq129_00000004,low_light_seq129,low_light,train,test,train/LOWLIGHT/rgb/129/00000004_rgb.png,train/LOWLIGHT/nir/129/00000004_nir.png,train/LOWLIGHT/gtSeg/129/00000004_mask.json,2048,1536
low_light_seq129_00000005,low_light_seq129,low_light,train,test,train/LOWLIGHT/rgb/129/00000005_rgb.png,train/LOWLIGHT/nir/129/00000005_nir.png,train/LOWLIGHT/gtSeg/129/00000005_mask.json,2048,1536
low_light_seq129_00000006,low_light_seq129,low_light,train,test,train/LOWLIGHT/rgb/129/00000006_rgb.png,train/LOWLIGHT/nir/129/00000006_nir.png,train/LOWLIGHT/gtSeg/129/00000006_mask.json,2048,1536
low_light_seq129_00000007,low_light_seq129,low_light,train,test,train/LOWLIGHT/rgb/129/00000007_rgb.png,train/LOWLIGHT/nir/129/00000007_nir.png,train/LOWLIGHT/gtSeg/129/00000007_mask.json,2048,1536
low_light_seq130_00000000,low_light_seq130,low_light,train,train,train/LOWLIGHT/rgb/130/00000000_rgb.png,train/LOWLIGHT/nir/130/00000000_nir.png,train/LOWLIGHT/gtSeg/130/00000000_mask.json,2048,1536
low_light_seq130_00000001,low_light_seq130,low_light,train,train,train/LOWLIGHT/rgb/130/00000001_rgb.png,train/LOWLIGHT/nir/130/00000001_nir.png,train/LOWLIGHT/gtSeg/130/00000001_mask.json,2048,1536
low_light_seq130_00000002,low_light_seq130,low_light,train,train,train/LOWLIGHT/rgb/130/00000002_rgb.png,train/LOWLIGHT/nir/130/00000002_nir.png,train/LOWLIGHT/gtSeg/130/00000002_mask.json,2048,1536
low_light_seq130_00000003,low_light_seq130,low_light,train,train,train/LOWLIGHT/rgb/130/00000003_rgb.png,train/LOWLIGHT/nir/130/00000003_nir.png,train/LOWLIGHT/gtSeg/130/00000003_mask.json,2048,1536
low_light_seq130_00000004,low_light_seq130,low_light,train,train,train/LOWLIGHT/rgb/130/00000004_rgb.png,train/LOWLIGHT/nir/130/00000004_nir.png,train/LOWLIGHT/gtSeg/130/00000004_mask.json,2048,1536
low_light_seq130_00000005,low_light_seq130,low_light,train,train,train/LOWLIGHT/rgb/130/00000005_rgb.png,train/LOWLIGHT/nir/130/00000005_nir.png,train/LOWLIGHT/gtSeg/130/00000005_mask.json,2048,1536
low_light_seq130_00000006,low_light_seq130,low_light,train,train,train/LOWLIGHT/rgb/130/00000006_rgb.png,train/LOWLIGHT/nir/130/00000006_nir.png,train/LOWLIGHT/gtSeg/130/00000006_mask.json,2048,1536
low_light_seq130_00000007,low_light_seq130,low_light,train,train,train/LOWLIGHT/rgb/130/00000007_rgb.png,train/LOWLIGHT/nir/130/00000007_nir.png,train/LOWLIGHT/gtSeg/130/00000007_mask.json,2048,1536
low_light_seq130_00000008,low_light_seq130,low_light,train,train,train/LOWLIGHT/rgb/130/00000008_rgb.png,train/LOWLIGHT/nir/130/00000008_nir.png,train/LOWLIGHT/gtSeg/130/00000008_mask.json,2048,1536
low_light_seq130_00000009,low_light_seq130,low_light,train,train,train/LOWLIGHT/rgb/130/00000009_rgb.png,train/LOWLIGHT/nir/130/00000009_nir.png,train/LOWLIGHT/gtSeg/130/00000009_mask.json,2048,1536
low_light_seq130_00000010,low_light_seq130,low_light,train,train,train/LOWLIGHT/rgb/130/00000010_rgb.png,train/LOWLIGHT/nir/130/00000010_nir.png,train/LOWLIGHT/gtSeg/130/00000010_mask.json,2048,1536
low_light_seq130_00000011,low_light_seq130,low_light,train,train,train/LOWLIGHT/rgb/130/00000011_rgb.png,train/LOWLIGHT/nir/130/00000011_nir.png,train/LOWLIGHT/gtSeg/130/00000011_mask.json,2048,1536
low_light_seq130_00000012,low_light_seq130,low_light,train,train,train/LOWLIGHT/rgb/130/00000012_rgb.png,train/LOWLIGHT/nir/130/00000012_nir.png,train/LOWLIGHT/gtSeg/130/00000012_mask.json,2048,1536
low_light_seq130_00000013,low_light_seq130,low_light,train,train,train/LOWLIGHT/rgb/130/00000013_rgb.png,train/LOWLIGHT/nir/130/00000013_nir.png,train/LOWLIGHT/gtSeg/130/00000013_mask.json,2048,1536
low_light_seq130_00000014,low_light_seq130,low_light,train,train,train/LOWLIGHT/rgb/130/00000014_rgb.png,train/LOWLIGHT/nir/130/00000014_nir.png,train/LOWLIGHT/gtSeg/130/00000014_mask.json,2048,1536
low_light_seq130_00000015,low_light_seq130,low_light,train,train,train/LOWLIGHT/rgb/130/00000015_rgb.png,train/LOWLIGHT/nir/130/00000015_nir.png,train/LOWLIGHT/gtSeg/130/00000015_mask.json,2048,1536
low_light_seq130_00000016,low_light_seq130,low_light,train,train,train/LOWLIGHT/rgb/130/00000016_rgb.png,train/LOWLIGHT/nir/130/00000016_nir.png,train/LOWLIGHT/gtSeg/130/00000016_mask.json,2048,1536
low_light_seq130_00000017,low_light_seq130,low_light,train,train,train/LOWLIGHT/rgb/130/00000017_rgb.png,train/LOWLIGHT/nir/130/00000017_nir.png,train/LOWLIGHT/gtSeg/130/00000017_mask.json,2048,1536
low_light_seq130_00000018,low_light_seq130,low_light,train,train,train/LOWLIGHT/rgb/130/00000018_rgb.png,train/LOWLIGHT/nir/130/00000018_nir.png,train/LOWLIGHT/gtSeg/130/00000018_mask.json,2048,1536
low_light_seq130_00000019,low_light_seq130,low_light,train,train,train/LOWLIGHT/rgb/130/00000019_rgb.png,train/LOWLIGHT/nir/130/00000019_nir.png,train/LOWLIGHT/gtSeg/130/00000019_mask.json,2048,1536
low_light_seq130_00000020,low_light_seq130,low_light,train,train,train/LOWLIGHT/rgb/130/00000020_rgb.png,train/LOWLIGHT/nir/130/00000020_nir.png,train/LOWLIGHT/gtSeg/130/00000020_mask.json,2048,1536
low_light_seq130_00000021,low_light_seq130,low_light,train,train,train/LOWLIGHT/rgb/130/00000021_rgb.png,train/LOWLIGHT/nir/130/00000021_nir.png,train/LOWLIGHT/gtSeg/130/00000021_mask.json,2048,1536
low_light_seq130_00000022,low_light_seq130,low_light,train,train,train/LOWLIGHT/rgb/130/00000022_rgb.png,train/LOWLIGHT/nir/130/00000022_nir.png,train/LOWLIGHT/gtSeg/130/00000022_mask.json,2048,1536
low_light_seq130_00000023,low_light_seq130,low_light,train,train,train/LOWLIGHT/rgb/130/00000023_rgb.png,train/LOWLIGHT/nir/130/00000023_nir.png,train/LOWLIGHT/gtSeg/130/00000023_mask.json,2048,1536
low_light_seq130_00000024,low_light_seq130,low_light,train,train,train/LOWLIGHT/rgb/130/00000024_rgb.png,train/LOWLIGHT/nir/130/00000024_nir.png,train/LOWLIGHT/gtSeg/130/00000024_mask.json,2048,1536
low_light_seq130_00000025,low_light_seq130,low_light,train,train,train/LOWLIGHT/rgb/130/00000025_rgb.png,train/LOWLIGHT/nir/130/00000025_nir.png,train/LOWLIGHT/gtSeg/130/00000025_mask.json,2048,1536
low_light_seq131_00000000,low_light_seq131,low_light,val,val,val/LOWLIGHT/rgb/131/00000000_rgb.png,val/LOWLIGHT/nir/131/00000000_nir.png,val/LOWLIGHT/gtSeg/131/00000000_mask.json,2048,1536
low_light_seq131_00000001,low_light_seq131,low_light,val,val,val/LOWLIGHT/rgb/131/00000001_rgb.png,val/LOWLIGHT/nir/131/00000001_nir.png,val/LOWLIGHT/gtSeg/131/00000001_mask.json,2048,1536
low_light_seq131_00000002,low_light_seq131,low_light,val,val,val/LOWLIGHT/rgb/131/00000002_rgb.png,val/LOWLIGHT/nir/131/00000002_nir.png,val/LOWLIGHT/gtSeg/131/00000002_mask.json,2048,1536
low_light_seq131_00000003,low_light_seq131,low_light,val,val,val/LOWLIGHT/rgb/131/00000003_rgb.png,val/LOWLIGHT/nir/131/00000003_nir.png,val/LOWLIGHT/gtSeg/131/00000003_mask.json,2048,1536
low_light_seq131_00000004,low_light_seq131,low_light,val,val,val/LOWLIGHT/rgb/131/00000004_rgb.png,val/LOWLIGHT/nir/131/00000004_nir.png,val/LOWLIGHT/gtSeg/131/00000004_mask.json,2048,1536
low_light_seq131_00000005,low_light_seq131,low_light,val,val,val/LOWLIGHT/rgb/131/00000005_rgb.png,val/LOWLIGHT/nir/131/00000005_nir.png,val/LOWLIGHT/gtSeg/131/00000005_mask.json,2048,1536
low_light_seq131_00000006,low_light_seq131,low_light,val,val,val/LOWLIGHT/rgb/131/00000006_rgb.png,val/LOWLIGHT/nir/131/00000006_nir.png,val/LOWLIGHT/gtSeg/131/00000006_mask.json,2048,1536
low_light_seq131_00000007,low_light_seq131,low_light,val,val,val/LOWLIGHT/rgb/131/00000007_rgb.png,val/LOWLIGHT/nir/131/00000007_nir.png,val/LOWLIGHT/gtSeg/131/00000007_mask.json,2048,1536
low_light_seq131_00000008,low_light_seq131,low_light,val,val,val/LOWLIGHT/rgb/131/00000008_rgb.png,val/LOWLIGHT/nir/131/00000008_nir.png,val/LOWLIGHT/gtSeg/131/00000008_mask.json,2048,1536
low_light_seq131_00000009,low_light_seq131,low_light,val,val,val/LOWLIGHT/rgb/131/00000009_rgb.png,val/LOWLIGHT/nir/131/00000009_nir.png,val/LOWLIGHT/gtSeg/131/00000009_mask.json,2048,1536
low_light_seq131_00000010,low_light_seq131,low_light,val,val,val/LOWLIGHT/rgb/131/00000010_rgb.png,val/LOWLIGHT/nir/131/00000010_nir.png,val/LOWLIGHT/gtSeg/131/00000010_mask.json,2048,1536
low_light_seq131_00000011,low_light_seq131,low_light,val,val,val/LOWLIGHT/rgb/131/00000011_rgb.png,val/LOWLIGHT/nir/131/00000011_nir.png,val/LOWLIGHT/gtSeg/131/00000011_mask.json,2048,1536
low_light_seq131_00000012,low_light_seq131,low_light,val,val,val/LOWLIGHT/rgb/131/00000012_rgb.png,val/LOWLIGHT/nir/131/00000012_nir.png,val/LOWLIGHT/gtSeg/131/00000012_mask.json,2048,1536
low_light_seq131_00000013,low_light_seq131,low_light,val,val,val/LOWLIGHT/rgb/131/00000013_rgb.png,val/LOWLIGHT/nir/131/00000013_nir.png,val/LOWLIGHT/gtSeg/131/00000013_mask.json,2048,1536
low_light_seq131_00000014,low_light_seq131,low_light,val,val,val/LOWLIGHT/rgb/131/00000014_rgb.png,val/LOWLIGHT/nir/131/00000014_nir.png,val/LOWLIGHT/gtSeg/131/00000014_mask.json,2048,1536
low_light_seq131_00000015,low_light_seq131,low_light,val,val,val/LOWLIGHT/rgb/131/00000015_rgb.png,val/LOWLIGHT/nir/131/00000015_nir.png,val/LOWLIGHT/gtSeg/131/00000015_mask.json,2048,1536
low_light_seq131_00000016,low_light_seq131,low_light,val,val,val/LOWLIGHT/rgb/131/00000016_rgb.png,val/LOWLIGHT/nir/131/00000016_nir.png,val/LOWLIGHT/gtSeg/131/00000016_mask.json,2048,1536
low_light_seq131_00000017,low_light_seq131,low_light,val,val,val/LOWLIGHT/rgb/131/00000017_rgb.png,val/LOWLIGHT/nir/131/00000017_nir.png,val/LOWLIGHT/gtSeg/131/00000017_mask.json,2048,1536
low_light_seq131_00000018,low_light_seq131,low_light,val,val,val/LOWLIGHT/rgb/131/00000018_rgb.png,val/LOWLIGHT/nir/131/00000018_nir.png,val/LOWLIGHT/gtSeg/131/00000018_mask.json,2048,1536
low_light_seq131_00000019,low_light_seq131,low_light,val,val,val/LOWLIGHT/rgb/131/00000019_rgb.png,val/LOWLIGHT/nir/131/00000019_nir.png,val/LOWLIGHT/gtSeg/131/00000019_mask.json,2048,1536
low_light_seq131_00000020,low_light_seq131,low_light,val,val,val/LOWLIGHT/rgb/131/00000020_rgb.png,val/LOWLIGHT/nir/131/00000020_nir.png,val/LOWLIGHT/gtSeg/131/00000020_mask.json,2048,1536
low_light_seq131_00000021,low_light_seq131,low_light,val,val,val/LOWLIGHT/rgb/131/00000021_rgb.png,val/LOWLIGHT/nir/131/00000021_nir.png,val/LOWLIGHT/gtSeg/131/00000021_mask.json,2048,1536
low_light_seq131_00000022,low_light_seq131,low_light,val,val,val/LOWLIGHT/rgb/131/00000022_rgb.png,val/LOWLIGHT/nir/131/00000022_nir.png,val/LOWLIGHT/gtSeg/131/00000022_mask.json,2048,1536
low_light_seq131_00000023,low_light_seq131,low_light,val,val,val/LOWLIGHT/rgb/131/00000023_rgb.png,val/LOWLIGHT/nir/131/00000023_nir.png,val/LOWLIGHT/gtSeg/131/00000023_mask.json,2048,1536
low_light_seq131_00000024,low_light_seq131,low_light,val,val,val/LOWLIGHT/rgb/131/00000024_rgb.png,val/LOWLIGHT/nir/131/00000024_nir.png,val/LOWLIGHT/gtSeg/131/00000024_mask.json,2048,1536
low_light_seq131_00000025,low_light_seq131,low_light,val,val,val/LOWLIGHT/rgb/131/00000025_rgb.png,val/LOWLIGHT/nir/131/00000025_nir.png,val/LOWLIGHT/gtSeg/131/00000025_mask.json,2048,1536
low_light_seq131_00000026,low_light_seq131,low_light,val,val,val/LOWLIGHT/rgb/131/00000026_rgb.png,val/LOWLIGHT/nir/131/00000026_nir.png,val/LOWLIGHT/gtSeg/131/00000026_mask.json,2048,1536
low_light_seq131_00000027,low_light_seq131,low_light,val,val,val/LOWLIGHT/rgb/131/00000027_rgb.png,val/LOWLIGHT/nir/131/00000027_nir.png,val/LOWLIGHT/gtSeg/131/00000027_mask.json,2048,1536
low_light_seq131_00000028,low_light_seq131,low_light,val,val,val/LOWLIGHT/rgb/131/00000028_rgb.png,val/LOWLIGHT/nir/131/00000028_nir.png,val/LOWLIGHT/gtSeg/131/00000028_mask.json,2048,1536
low_light_seq131_00000029,low_light_seq131,low_light,val,val,val/LOWLIGHT/rgb/131/00000029_rgb.png,val/LOWLIGHT/nir/131/00000029_nir.png,val/LOWLIGHT/gtSeg/131/00000029_mask.json,2048,1536
low_light_seq131_00000030,low_light_seq131,low_light,val,val,val/LOWLIGHT/rgb/131/00000030_rgb.png,val/LOWLIGHT/nir/131/00000030_nir.png,val/LOWLIGHT/gtSeg/131/00000030_mask.json,2048,1536
low_light_seq133_00000000,low_light_seq133,low_light,train,train,train/LOWLIGHT/rgb/133/00000000_rgb.png,train/LOWLIGHT/nir/133/00000000_nir.png,train/LOWLIGHT/gtSeg/133/00000000_mask.json,2048,1536
low_light_seq133_00000001,low_light_seq133,low_light,train,train,train/LOWLIGHT/rgb/133/00000001_rgb.png,train/LOWLIGHT/nir/133/00000001_nir.png,train/LOWLIGHT/gtSeg/133/00000001_mask.json,2048,1536
low_light_seq133_00000002,low_light_seq133,low_light,train,train,train/LOWLIGHT/rgb/133/00000002_rgb.png,train/LOWLIGHT/nir/133/00000002_nir.png,train/LOWLIGHT/gtSeg/133/00000002_mask.json,2048,1536
low_light_seq133_00000003,low_light_seq133,low_light,train,train,train/LOWLIGHT/rgb/133/00000003_rgb.png,train/LOWLIGHT/nir/133/00000003_nir.png,train/LOWLIGHT/gtSeg/133/00000003_mask.json,2048,1536
low_light_seq133_00000004,low_light_seq133,low_light,train,train,train/LOWLIGHT/rgb/133/00000004_rgb.png,train/LOWLIGHT/nir/133/00000004_nir.png,train/LOWLIGHT/gtSeg/133/00000004_mask.json,2048,1536
low_light_seq133_00000005,low_light_seq133,low_light,train,train,train/LOWLIGHT/rgb/133/00000005_rgb.png,train/LOWLIGHT/nir/133/00000005_nir.png,train/LOWLIGHT/gtSeg/133/00000005_mask.json,2048,1536
low_light_seq133_00000006,low_light_seq133,low_light,train,train,train/LOWLIGHT/rgb/133/00000006_rgb.png,train/LOWLIGHT/nir/133/00000006_nir.png,train/LOWLIGHT/gtSeg/133/00000006_mask.json,2048,1536
low_light_seq133_00000007,low_light_seq133,low_light,train,train,train/LOWLIGHT/rgb/133/00000007_rgb.png,train/LOWLIGHT/nir/133/00000007_nir.png,train/LOWLIGHT/gtSeg/133/00000007_mask.json,2048,1536
low_light_seq133_00000008,low_light_seq133,low_light,train,train,train/LOWLIGHT/rgb/133/00000008_rgb.png,train/LOWLIGHT/nir/133/00000008_nir.png,train/LOWLIGHT/gtSeg/133/00000008_mask.json,2048,1536
low_light_seq133_00000009,low_light_seq133,low_light,train,train,train/LOWLIGHT/rgb/133/00000009_rgb.png,train/LOWLIGHT/nir/133/00000009_nir.png,train/LOWLIGHT/gtSeg/133/00000009_mask.json,2048,1536
low_light_seq133_00000010,low_light_seq133,low_light,train,train,train/LOWLIGHT/rgb/133/00000010_rgb.png,train/LOWLIGHT/nir/133/00000010_nir.png,train/LOWLIGHT/gtSeg/133/00000010_mask.json,2048,1536
low_light_seq133_00000011,low_light_seq133,low_light,train,train,train/LOWLIGHT/rgb/133/00000011_rgb.png,train/LOWLIGHT/nir/133/00000011_nir.png,train/LOWLIGHT/gtSeg/133/00000011_mask.json,2048,1536
low_light_seq133_00000012,low_light_seq133,low_light,train,train,train/LOWLIGHT/rgb/133/00000012_rgb.png,train/LOWLIGHT/nir/133/00000012_nir.png,train/LOWLIGHT/gtSeg/133/00000012_mask.json,2048,1536
low_light_seq133_00000013,low_light_seq133,low_light,train,train,train/LOWLIGHT/rgb/133/00000013_rgb.png,train/LOWLIGHT/nir/133/00000013_nir.png,train/LOWLIGHT/gtSeg/133/00000013_mask.json,2048,1536
low_light_seq133_00000014,low_light_seq133,low_light,train,train,train/LOWLIGHT/rgb/133/00000014_rgb.png,train/LOWLIGHT/nir/133/00000014_nir.png,train/LOWLIGHT/gtSeg/133/00000014_mask.json,2048,1536
low_light_seq133_00000015,low_light_seq133,low_light,train,train,train/LOWLIGHT/rgb/133/00000015_rgb.png,train/LOWLIGHT/nir/133/00000015_nir.png,train/LOWLIGHT/gtSeg/133/00000015_mask.json,2048,1536
low_light_seq133_00000016,low_light_seq133,low_light,train,train,train/LOWLIGHT/rgb/133/00000016_rgb.png,train/LOWLIGHT/nir/133/00000016_nir.png,train/LOWLIGHT/gtSeg/133/00000016_mask.json,2048,1536
low_light_seq133_00000017,low_light_seq133,low_light,train,train,train/LOWLIGHT/rgb/133/00000017_rgb.png,train/LOWLIGHT/nir/133/00000017_nir.png,train/LOWLIGHT/gtSeg/133/00000017_mask.json,2048,1536
low_light_seq133_00000018,low_light_seq133,low_light,train,train,train/LOWLIGHT/rgb/133/00000018_rgb.png,train/LOWLIGHT/nir/133/00000018_nir.png,train/LOWLIGHT/gtSeg/133/00000018_mask.json,2048,1536
low_light_seq133_00000019,low_light_seq133,low_light,train,train,train/LOWLIGHT/rgb/133/00000019_rgb.png,train/LOWLIGHT/nir/133/00000019_nir.png,train/LOWLIGHT/gtSeg/133/00000019_mask.json,2048,1536
low_light_seq133_00000020,low_light_seq133,low_light,train,train,train/LOWLIGHT/rgb/133/00000020_rgb.png,train/LOWLIGHT/nir/133/00000020_nir.png,train/LOWLIGHT/gtSeg/133/00000020_mask.json,2048,1536
low_light_seq133_00000021,low_light_seq133,low_light,train,train,train/LOWLIGHT/rgb/133/00000021_rgb.png,train/LOWLIGHT/nir/133/00000021_nir.png,train/LOWLIGHT/gtSeg/133/00000021_mask.json,2048,1536
low_light_seq133_00000022,low_light_seq133,low_light,train,train,train/LOWLIGHT/rgb/133/00000022_rgb.png,train/LOWLIGHT/nir/133/00000022_nir.png,train/LOWLIGHT/gtSeg/133/00000022_mask.json,2048,1536
low_light_seq133_00000023,low_light_seq133,low_light,train,train,train/LOWLIGHT/rgb/133/00000023_rgb.png,train/LOWLIGHT/nir/133/00000023_nir.png,train/LOWLIGHT/gtSeg/133/00000023_mask.json,2048,1536
low_light_seq133_00000024,low_light_seq133,low_light,train,train,train/LOWLIGHT/rgb/133/00000024_rgb.png,train/LOWLIGHT/nir/133/00000024_nir.png,train/LOWLIGHT/gtSeg/133/00000024_mask.json,2048,1536
low_light_seq133_00000025,low_light_seq133,low_light,train,train,train/LOWLIGHT/rgb/133/00000025_rgb.png,train/LOWLIGHT/nir/133/00000025_nir.png,train/LOWLIGHT/gtSeg/133/00000025_mask.json,2048,1536
low_light_seq133_00000026,low_light_seq133,low_light,train,train,train/LOWLIGHT/rgb/133/00000026_rgb.png,train/LOWLIGHT/nir/133/00000026_nir.png,train/LOWLIGHT/gtSeg/133/00000026_mask.json,2048,1536
low_light_seq133_00000027,low_light_seq133,low_light,train,train,train/LOWLIGHT/rgb/133/00000027_rgb.png,train/LOWLIGHT/nir/133/00000027_nir.png,train/LOWLIGHT/gtSeg/133/00000027_mask.json,2048,1536
low_light_seq133_00000028,low_light_seq133,low_light,train,train,train/LOWLIGHT/rgb/133/00000028_rgb.png,train/LOWLIGHT/nir/133/00000028_nir.png,train/LOWLIGHT/gtSeg/133/00000028_mask.json,2048,1536
low_light_seq133_00000029,low_light_seq133,low_light,train,train,train/LOWLIGHT/rgb/133/00000029_rgb.png,train/LOWLIGHT/nir/133/00000029_nir.png,train/LOWLIGHT/gtSeg/133/00000029_mask.json,2048,1536
low_light_seq133_00000030,low_light_seq133,low_light,train,train,train/LOWLIGHT/rgb/133/00000030_rgb.png,train/LOWLIGHT/nir/133/00000030_nir.png,train/LOWLIGHT/gtSeg/133/00000030_mask.json,2048,1536
low_light_seq133_00000031,low_light_seq133,low_light,train,train,train/LOWLIGHT/rgb/133/00000031_rgb.png,train/LOWLIGHT/nir/133/00000031_nir.png,train/LOWLIGHT/gtSeg/133/00000031_mask.json,2048,1536
low_light_seq133_00000032,low_light_seq133,low_light,train,train,train/LOWLIGHT/rgb/133/00000032_rgb.png,train/LOWLIGHT/nir/133/00000032_nir.png,train/LOWLIGHT/gtSeg/133/00000032_mask.json,2048,1536
low_light_seq133_00000033,low_light_seq133,low_light,train,train,train/LOWLIGHT/rgb/133/00000033_rgb.png,train/LOWLIGHT/nir/133/00000033_nir.png,train/LOWLIGHT/gtSeg/133/00000033_mask.json,2048,1536
low_light_seq133_00000034,low_light_seq133,low_light,train,train,train/LOWLIGHT/rgb/133/00000034_rgb.png,train/LOWLIGHT/nir/133/00000034_nir.png,train/LOWLIGHT/gtSeg/133/00000034_mask.json,2048,1536
low_light_seq133_00000035,low_light_seq133,low_light,train,train,train/LOWLIGHT/rgb/133/00000035_rgb.png,train/LOWLIGHT/nir/133/00000035_nir.png,train/LOWLIGHT/gtSeg/133/00000035_mask.json,2048,1536
low_light_seq133_00000036,low_light_seq133,low_light,train,train,train/LOWLIGHT/rgb/133/00000036_rgb.png,train/LOWLIGHT/nir/133/00000036_nir.png,train/LOWLIGHT/gtSeg/133/00000036_mask.json,2048,1536
low_light_seq133_00000037,low_light_seq133,low_light,train,train,train/LOWLIGHT/rgb/133/00000037_rgb.png,train/LOWLIGHT/nir/133/00000037_nir.png,train/LOWLIGHT/gtSeg/133/00000037_mask.json,2048,1536
low_light_seq133_00000038,low_light_seq133,low_light,train,train,train/LOWLIGHT/rgb/133/00000038_rgb.png,train/LOWLIGHT/nir/133/00000038_nir.png,train/LOWLIGHT/gtSeg/133/00000038_mask.json,2048,1536
low_light_seq133_00000039,low_light_seq133,low_light,train,train,train/LOWLIGHT/rgb/133/00000039_rgb.png,train/LOWLIGHT/nir/133/00000039_nir.png,train/LOWLIGHT/gtSeg/133/00000039_mask.json,2048,1536
low_light_seq133_00000040,low_light_seq133,low_light,train,train,train/LOWLIGHT/rgb/133/00000040_rgb.png,train/LOWLIGHT/nir/133/00000040_nir.png,train/LOWLIGHT/gtSeg/133/00000040_mask.json,2048,1536
low_light_seq133_00000041,low_light_seq133,low_light,train,train,train/LOWLIGHT/rgb/133/00000041_rgb.png,train/LOWLIGHT/nir/133/00000041_nir.png,train/LOWLIGHT/gtSeg/133/00000041_mask.json,2048,1536
low_light_seq133_00000042,low_light_seq133,low_light,train,train,train/LOWLIGHT/rgb/133/00000042_rgb.png,train/LOWLIGHT/nir/133/00000042_nir.png,train/LOWLIGHT/gtSeg/133/00000042_mask.json,2048,1536
low_light_seq133_00000043,low_light_seq133,low_light,train,train,train/LOWLIGHT/rgb/133/00000043_rgb.png,train/LOWLIGHT/nir/133/00000043_nir.png,train/LOWLIGHT/gtSeg/133/00000043_mask.json,2048,1536
low_light_seq133_00000044,low_light_seq133,low_light,train,train,train/LOWLIGHT/rgb/133/00000044_rgb.png,train/LOWLIGHT/nir/133/00000044_nir.png,train/LOWLIGHT/gtSeg/133/00000044_mask.json,2048,1536
low_light_seq133_00000045,low_light_seq133,low_light,train,train,train/LOWLIGHT/rgb/133/00000045_rgb.png,train/LOWLIGHT/nir/133/00000045_nir.png,train/LOWLIGHT/gtSeg/133/00000045_mask.json,2048,1536
low_light_seq133_00000046,low_light_seq133,low_light,train,train,train/LOWLIGHT/rgb/133/00000046_rgb.png,train/LOWLIGHT/nir/133/00000046_nir.png,train/LOWLIGHT/gtSeg/133/00000046_mask.json,2048,1536
low_light_seq133_00000047,low_light_seq133,low_light,train,train,train/LOWLIGHT/rgb/133/00000047_rgb.png,train/LOWLIGHT/nir/133/00000047_nir.png,train/LOWLIGHT/gtSeg/133/00000047_mask.json,2048,1536
low_light_seq133_00000048,low_light_seq133,low_light,train,train,train/LOWLIGHT/rgb/133/00000048_rgb.png,train/LOWLIGHT/nir/133/00000048_nir.png,train/LOWLIGHT/gtSeg/133/00000048_mask.json,2048,1536
low_light_seq133_00000049,low_light_seq133,low_light,train,train,train/LOWLIGHT/rgb/133/00000049_rgb.png,train/LOWLIGHT/nir/133/00000049_nir.png,train/LOWLIGHT/gtSeg/133/00000049_mask.json,2048,1536
low_light_seq133_00000050,low_light_seq133,low_light,train,train,train/LOWLIGHT/rgb/133/00000050_rgb.png,train/LOWLIGHT/nir/133/00000050_nir.png,train/LOWLIGHT/gtSeg/133/00000050_mask.json,2048,1536
low_light_seq133_00000051,low_light_seq133,low_light,train,train,train/LOWLIGHT/rgb/133/00000051_rgb.png,train/LOWLIGHT/nir/133/00000051_nir.png,train/LOWLIGHT/gtSeg/133/00000051_mask.json,2048,1536
low_light_seq133_00000052,low_light_seq133,low_light,train,train,train/LOWLIGHT/rgb/133/00000052_rgb.png,train/LOWLIGHT/nir/133/00000052_nir.png,train/LOWLIGHT/gtSeg/133/00000052_mask.json,2048,1536
low_light_seq133_00000053,low_light_seq133,low_light,train,train,train/LOWLIGHT/rgb/133/00000053_rgb.png,train/LOWLIGHT/nir/133/00000053_nir.png,train/LOWLIGHT/gtSeg/133/00000053_mask.json,2048,1536
low_light_seq133_00000054,low_light_seq133,low_light,train,train,train/LOWLIGHT/rgb/133/00000054_rgb.png,train/LOWLIGHT/nir/133/00000054_nir.png,train/LOWLIGHT/gtSeg/133/00000054_mask.json,2048,1536
low_light_seq133_00000055,low_light_seq133,low_light,train,train,train/LOWLIGHT/rgb/133/00000055_rgb.png,train/LOWLIGHT/nir/133/00000055_nir.png,train/LOWLIGHT/gtSeg/133/00000055_mask.json,2048,1536
low_light_seq133_00000056,low_light_seq133,low_light,train,train,train/LOWLIGHT/rgb/133/00000056_rgb.png,train/LOWLIGHT/nir/133/00000056_nir.png,train/LOWLIGHT/gtSeg/133/00000056_mask.json,2048,1536
low_light_seq133_00000057,low_light_seq133,low_light,train,train,train/LOWLIGHT/rgb/133/00000057_rgb.png,train/LOWLIGHT/nir/133/00000057_nir.png,train/LOWLIGHT/gtSeg/133/00000057_mask.json,2048,1536
low_light_seq133_00000058,low_light_seq133,low_light,train,train,train/LOWLIGHT/rgb/133/00000058_rgb.png,train/LOWLIGHT/nir/133/00000058_nir.png,train/LOWLIGHT/gtSeg/133/00000058_mask.json,2048,1536
low_light_seq133_00000059,low_light_seq133,low_light,train,train,train/LOWLIGHT/rgb/133/00000059_rgb.png,train/LOWLIGHT/nir/133/00000059_nir.png,train/LOWLIGHT/gtSeg/133/00000059_mask.json,2048,1536
low_light_seq133_00000060,low_light_seq133,low_light,train,train,train/LOWLIGHT/rgb/133/00000060_rgb.png,train/LOWLIGHT/nir/133/00000060_nir.png,train/LOWLIGHT/gtSeg/133/00000060_mask.json,2048,1536
low_light_seq133_00000061,low_light_seq133,low_light,train,train,train/LOWLIGHT/rgb/133/00000061_rgb.png,train/LOWLIGHT/nir/133/00000061_nir.png,train/LOWLIGHT/gtSeg/133/00000061_mask.json,2048,1536
low_light_seq133_00000062,low_light_seq133,low_light,train,train,train/LOWLIGHT/rgb/133/00000062_rgb.png,train/LOWLIGHT/nir/133/00000062_nir.png,train/LOWLIGHT/gtSeg/133/00000062_mask.json,2048,1536
low_light_seq133_00000063,low_light_seq133,low_light,train,train,train/LOWLIGHT/rgb/133/00000063_rgb.png,train/LOWLIGHT/nir/133/00000063_nir.png,train/LOWLIGHT/gtSeg/133/00000063_mask.json,2048,1536
low_light_seq133_00000064,low_light_seq133,low_light,train,train,train/LOWLIGHT/rgb/133/00000064_rgb.png,train/LOWLIGHT/nir/133/00000064_nir.png,train/LOWLIGHT/gtSeg/133/00000064_mask.json,2048,1536
low_light_seq133_00000065,low_light_seq133,low_light,train,train,train/LOWLIGHT/rgb/133/00000065_rgb.png,train/LOWLIGHT/nir/133/00000065_nir.png,train/LOWLIGHT/gtSeg/133/00000065_mask.json,2048,1536
low_light_seq133_00000066,low_light_seq133,low_light,train,train,train/LOWLIGHT/rgb/133/00000066_rgb.png,train/LOWLIGHT/nir/133/00000066_nir.png,train/LOWLIGHT/gtSeg/133/00000066_mask.json,2048,1536
low_light_seq133_00000067,low_light_seq133,low_light,train,train,train/LOWLIGHT/rgb/133/00000067_rgb.png,train/LOWLIGHT/nir/133/00000067_nir.png,train/LOWLIGHT/gtSeg/133/00000067_mask.json,2048,1536
low_light_seq133_00000068,low_light_seq133,low_light,train,train,train/LOWLIGHT/rgb/133/00000068_rgb.png,train/LOWLIGHT/nir/133/00000068_nir.png,train/LOWLIGHT/gtSeg/133/00000068_mask.json,2048,1536
low_light_seq133_00000069,low_light_seq133,low_light,train,train,train/LOWLIGHT/rgb/133/00000069_rgb.png,train/LOWLIGHT/nir/133/00000069_nir.png,train/LOWLIGHT/gtSeg/133/00000069_mask.json,2048,1536
low_light_seq133_00000070,low_light_seq133,low_light,train,train,train/LOWLIGHT/rgb/133/00000070_rgb.png,train/LOWLIGHT/nir/133/00000070_nir.png,train/LOWLIGHT/gtSeg/133/00000070_mask.json,2048,1536
low_light_seq133_00000071,low_light_seq133,low_light,train,train,train/LOWLIGHT/rgb/133/00000071_rgb.png,train/LOWLIGHT/nir/133/00000071_nir.png,train/LOWLIGHT/gtSeg/133/00000071_mask.json,2048,1536
low_light_seq133_00000072,low_light_seq133,low_light,train,train,train/LOWLIGHT/rgb/133/00000072_rgb.png,train/LOWLIGHT/nir/133/00000072_nir.png,train/LOWLIGHT/gtSeg/133/00000072_mask.json,2048,1536
low_light_seq133_00000073,low_light_seq133,low_light,train,train,train/LOWLIGHT/rgb/133/00000073_rgb.png,train/LOWLIGHT/nir/133/00000073_nir.png,train/LOWLIGHT/gtSeg/133/00000073_mask.json,2048,1536
low_light_seq133_00000074,low_light_seq133,low_light,train,train,train/LOWLIGHT/rgb/133/00000074_rgb.png,train/LOWLIGHT/nir/133/00000074_nir.png,train/LOWLIGHT/gtSeg/133/00000074_mask.json,2048,1536
low_light_seq133_00000075,low_light_seq133,low_light,train,train,train/LOWLIGHT/rgb/133/00000075_rgb.png,train/LOWLIGHT/nir/133/00000075_nir.png,train/LOWLIGHT/gtSeg/133/00000075_mask.json,2048,1536
low_light_seq133_00000076,low_light_seq133,low_light,train,train,train/LOWLIGHT/rgb/133/00000076_rgb.png,train/LOWLIGHT/nir/133/00000076_nir.png,train/LOWLIGHT/gtSeg/133/00000076_mask.json,2048,1536
low_light_seq133_00000077,low_light_seq133,low_light,train,train,train/LOWLIGHT/rgb/133/00000077_rgb.png,train/LOWLIGHT/nir/133/00000077_nir.png,train/LOWLIGHT/gtSeg/133/00000077_mask.json,2048,1536
low_light_seq135_00000000,low_light_seq135,low_light,train,train,train/LOWLIGHT/rgb/135/00000000_rgb.png,train/LOWLIGHT/nir/135/00000000_nir.png,train/LOWLIGHT/gtSeg/135/00000000_mask.json,2048,1536
low_light_seq136_00000000,low_light_seq136,low_light,train,train,train/LOWLIGHT/rgb/136/00000000_rgb.png,train/LOWLIGHT/nir/136/00000000_nir.png,train/LOWLIGHT/gtSeg/136/00000000_mask.json,2048,1536
low_light_seq136_00000001,low_light_seq136,low_light,train,train,train/LOWLIGHT/rgb/136/00000001_rgb.png,train/LOWLIGHT/nir/136/00000001_nir.png,train/LOWLIGHT/gtSeg/136/00000001_mask.json,2048,1536
low_light_seq136_00000002,low_light_seq136,low_light,train,train,train/LOWLIGHT/rgb/136/00000002_rgb.png,train/LOWLIGHT/nir/136/00000002_nir.png,train/LOWLIGHT/gtSeg/136/00000002_mask.json,2048,1536
low_light_seq136_00000003,low_light_seq136,low_light,train,train,train/LOWLIGHT/rgb/136/00000003_rgb.png,train/LOWLIGHT/nir/136/00000003_nir.png,train/LOWLIGHT/gtSeg/136/00000003_mask.json,2048,1536
low_light_seq136_00000004,low_light_seq136,low_light,train,train,train/LOWLIGHT/rgb/136/00000004_rgb.png,train/LOWLIGHT/nir/136/00000004_nir.png,train/LOWLIGHT/gtSeg/136/00000004_mask.json,2048,1536
low_light_seq136_00000005,low_light_seq136,low_light,train,train,train/LOWLIGHT/rgb/136/00000005_rgb.png,train/LOWLIGHT/nir/136/00000005_nir.png,train/LOWLIGHT/gtSeg/136/00000005_mask.json,2048,1536
low_light_seq136_00000006,low_light_seq136,low_light,train,train,train/LOWLIGHT/rgb/136/00000006_rgb.png,train/LOWLIGHT/nir/136/00000006_nir.png,train/LOWLIGHT/gtSeg/136/00000006_mask.json,2048,1536
low_light_seq136_00000007,low_light_seq136,low_light,train,train,train/LOWLIGHT/rgb/136/00000007_rgb.png,train/LOWLIGHT/nir/136/00000007_nir.png,train/LOWLIGHT/gtSeg/136/00000007_mask.json,2048,1536
low_light_seq136_00000008,low_light_seq136,low_light,train,train,train/LOWLIGHT/rgb/136/00000008_rgb.png,train/LOWLIGHT/nir/136/00000008_nir.png,train/LOWLIGHT/gtSeg/136/00000008_mask.json,2048,1536
low_light_seq136_00000009,low_light_seq136,low_light,train,train,train/LOWLIGHT/rgb/136/00000009_rgb.png,train/LOWLIGHT/nir/136/00000009_nir.png,train/LOWLIGHT/gtSeg/136/00000009_mask.json,2048,1536
low_light_seq140_00000000,low_light_seq140,low_light,train,train,train/LOWLIGHT/rgb/140/00000000_rgb.png,train/LOWLIGHT/nir/140/00000000_nir.png,train/LOWLIGHT/gtSeg/140/00000000_mask.json,2048,1536
low_light_seq140_00000001,low_light_seq140,low_light,train,train,train/LOWLIGHT/rgb/140/00000001_rgb.png,train/LOWLIGHT/nir/140/00000001_nir.png,train/LOWLIGHT/gtSeg/140/00000001_mask.json,2048,1536
low_light_seq140_00000002,low_light_seq140,low_light,train,train,train/LOWLIGHT/rgb/140/00000002_rgb.png,train/LOWLIGHT/nir/140/00000002_nir.png,train/LOWLIGHT/gtSeg/140/00000002_mask.json,2048,1536
low_light_seq140_00000003,low_light_seq140,low_light,train,train,train/LOWLIGHT/rgb/140/00000003_rgb.png,train/LOWLIGHT/nir/140/00000003_nir.png,train/LOWLIGHT/gtSeg/140/00000003_mask.json,2048,1536
low_light_seq140_00000004,low_light_seq140,low_light,train,train,train/LOWLIGHT/rgb/140/00000004_rgb.png,train/LOWLIGHT/nir/140/00000004_nir.png,train/LOWLIGHT/gtSeg/140/00000004_mask.json,2048,1536
low_light_seq140_00000005,low_light_seq140,low_light,train,train,train/LOWLIGHT/rgb/140/00000005_rgb.png,train/LOWLIGHT/nir/140/00000005_nir.png,train/LOWLIGHT/gtSeg/140/00000005_mask.json,2048,1536
low_light_seq140_00000006,low_light_seq140,low_light,train,train,train/LOWLIGHT/rgb/140/00000006_rgb.png,train/LOWLIGHT/nir/140/00000006_nir.png,train/LOWLIGHT/gtSeg/140/00000006_mask.json,2048,1536
low_light_seq140_00000007,low_light_seq140,low_light,train,train,train/LOWLIGHT/rgb/140/00000007_rgb.png,train/LOWLIGHT/nir/140/00000007_nir.png,train/LOWLIGHT/gtSeg/140/00000007_mask.json,2048,1536
low_light_seq140_00000008,low_light_seq140,low_light,train,train,train/LOWLIGHT/rgb/140/00000008_rgb.png,train/LOWLIGHT/nir/140/00000008_nir.png,train/LOWLIGHT/gtSeg/140/00000008_mask.json,2048,1536
low_light_seq140_00000009,low_light_seq140,low_light,train,train,train/LOWLIGHT/rgb/140/00000009_rgb.png,train/LOWLIGHT/nir/140/00000009_nir.png,train/LOWLIGHT/gtSeg/140/00000009_mask.json,2048,1536
low_light_seq140_00000010,low_light_seq140,low_light,train,train,train/LOWLIGHT/rgb/140/00000010_rgb.png,train/LOWLIGHT/nir/140/00000010_nir.png,train/LOWLIGHT/gtSeg/140/00000010_mask.json,2048,1536
low_light_seq140_00000011,low_light_seq140,low_light,train,train,train/LOWLIGHT/rgb/140/00000011_rgb.png,train/LOWLIGHT/nir/140/00000011_nir.png,train/LOWLIGHT/gtSeg/140/00000011_mask.json,2048,1536
low_light_seq140_00000012,low_light_seq140,low_light,train,train,train/LOWLIGHT/rgb/140/00000012_rgb.png,train/LOWLIGHT/nir/140/00000012_nir.png,train/LOWLIGHT/gtSeg/140/00000012_mask.json,2048,1536
low_light_seq140_00000013,low_light_seq140,low_light,train,train,train/LOWLIGHT/rgb/140/00000013_rgb.png,train/LOWLIGHT/nir/140/00000013_nir.png,train/LOWLIGHT/gtSeg/140/00000013_mask.json,2048,1536
low_light_seq140_00000014,low_light_seq140,low_light,train,train,train/LOWLIGHT/rgb/140/00000014_rgb.png,train/LOWLIGHT/nir/140/00000014_nir.png,train/LOWLIGHT/gtSeg/140/00000014_mask.json,2048,1536
low_light_seq140_00000015,low_light_seq140,low_light,train,train,train/LOWLIGHT/rgb/140/00000015_rgb.png,train/LOWLIGHT/nir/140/00000015_nir.png,train/LOWLIGHT/gtSeg/140/00000015_mask.json,2048,1536
low_light_seq140_00000016,low_light_seq140,low_light,train,train,train/LOWLIGHT/rgb/140/00000016_rgb.png,train/LOWLIGHT/nir/140/00000016_nir.png,train/LOWLIGHT/gtSeg/140/00000016_mask.json,2048,1536
low_light_seq140_00000017,low_light_seq140,low_light,train,train,train/LOWLIGHT/rgb/140/00000017_rgb.png,train/LOWLIGHT/nir/140/00000017_nir.png,train/LOWLIGHT/gtSeg/140/00000017_mask.json,2048,1536
low_light_seq140_00000018,low_light_seq140,low_light,train,train,train/LOWLIGHT/rgb/140/00000018_rgb.png,train/LOWLIGHT/nir/140/00000018_nir.png,train/LOWLIGHT/gtSeg/140/00000018_mask.json,2048,1536
low_light_seq140_00000019,low_light_seq140,low_light,train,train,train/LOWLIGHT/rgb/140/00000019_rgb.png,train/LOWLIGHT/nir/140/00000019_nir.png,train/LOWLIGHT/gtSeg/140/00000019_mask.json,2048,1536
low_light_seq140_00000020,low_light_seq140,low_light,train,train,train/LOWLIGHT/rgb/140/00000020_rgb.png,train/LOWLIGHT/nir/140/00000020_nir.png,train/LOWLIGHT/gtSeg/140/00000020_mask.json,2048,1536
low_light_seq140_00000021,low_light_seq140,low_light,train,train,train/LOWLIGHT/rgb/140/00000021_rgb.png,train/LOWLIGHT/nir/140/00000021_nir.png,train/LOWLIGHT/gtSeg/140/00000021_mask.json,2048,1536
low_light_seq140_00000022,low_light_seq140,low_light,train,train,train/LOWLIGHT/rgb/140/00000022_rgb.png,train/LOWLIGHT/nir/140/00000022_nir.png,train/LOWLIGHT/gtSeg/140/00000022_mask.json,2048,1536
low_light_seq140_00000023,low_light_seq140,low_light,train,train,train/LOWLIGHT/rgb/140/00000023_rgb.png,train/LOWLIGHT/nir/140/00000023_nir.png,train/LOWLIGHT/gtSeg/140/00000023_mask.json,2048,1536
low_light_seq140_00000024,low_light_seq140,low_light,train,train,train/LOWLIGHT/rgb/140/00000024_rgb.png,train/LOWLIGHT/nir/140/00000024_nir.png,train/LOWLIGHT/gtSeg/140/00000024_mask.json,2048,1536
low_light_seq140_00000025,low_light_seq140,low_light,train,train,train/LOWLIGHT/rgb/140/00000025_rgb.png,train/LOWLIGHT/nir/140/00000025_nir.png,train/LOWLIGHT/gtSeg/140/00000025_mask.json,2048,1536
low_light_seq140_00000026,low_light_seq140,low_light,train,train,train/LOWLIGHT/rgb/140/00000026_rgb.png,train/LOWLIGHT/nir/140/00000026_nir.png,train/LOWLIGHT/gtSeg/140/00000026_mask.json,2048,1536
low_light_seq140_00000027,low_light_seq140,low_light,train,train,train/LOWLIGHT/rgb/140/00000027_rgb.png,train/LOWLIGHT/nir/140/00000027_nir.png,train/LOWLIGHT/gtSeg/140/00000027_mask.json,2048,1536
low_light_seq140_00000028,low_light_seq140,low_light,train,train,train/LOWLIGHT/rgb/140/00000028_rgb.png,train/LOWLIGHT/nir/140/00000028_nir.png,train/LOWLIGHT/gtSeg/140/00000028_mask.json,2048,1536
low_light_seq140_00000029,low_light_seq140,low_light,train,train,train/LOWLIGHT/rgb/140/00000029_rgb.png,train/LOWLIGHT/nir/140/00000029_nir.png,train/LOWLIGHT/gtSeg/140/00000029_mask.json,2048,1536
low_light_seq140_00000030,low_light_seq140,low_light,train,train,train/LOWLIGHT/rgb/140/00000030_rgb.png,train/LOWLIGHT/nir/140/00000030_nir.png,train/LOWLIGHT/gtSeg/140/00000030_mask.json,2048,1536
low_light_seq140_00000031,low_light_seq140,low_light,train,train,train/LOWLIGHT/rgb/140/00000031_rgb.png,train/LOWLIGHT/nir/140/00000031_nir.png,train/LOWLIGHT/gtSeg/140/00000031_mask.json,2048,1536
low_light_seq140_00000032,low_light_seq140,low_light,train,train,train/LOWLIGHT/rgb/140/00000032_rgb.png,train/LOWLIGHT/nir/140/00000032_nir.png,train/LOWLIGHT/gtSeg/140/00000032_mask.json,2048,1536
low_light_seq140_00000033,low_light_seq140,low_light,train,train,train/LOWLIGHT/rgb/140/00000033_rgb.png,train/LOWLIGHT/nir/140/00000033_nir.png,train/LOWLIGHT/gtSeg/140/00000033_mask.json,2048,1536
low_light_seq140_00000034,low_light_seq140,low_light,train,train,train/LOWLIGHT/rgb/140/00000034_rgb.png,train/LOWLIGHT/nir/140/00000034_nir.png,train/LOWLIGHT/gtSeg/140/00000034_mask.json,2048,1536
low_light_seq140_00000035,low_light_seq140,low_light,train,train,train/LOWLIGHT/rgb/140/00000035_rgb.png,train/LOWLIGHT/nir/140/00000035_nir.png,train/LOWLIGHT/gtSeg/140/00000035_mask.json,2048,1536
low_light_seq140_00000036,low_light_seq140,low_light,train,train,train/LOWLIGHT/rgb/140/00000036_rgb.png,train/LOWLIGHT/nir/140/00000036_nir.png,train/LOWLIGHT/gtSeg/140/00000036_mask.json,2048,1536
low_light_seq140_00000037,low_light_seq140,low_light,train,train,train/LOWLIGHT/rgb/140/00000037_rgb.png,train/LOWLIGHT/nir/140/00000037_nir.png,train/LOWLIGHT/gtSeg/140/00000037_mask.json,2048,1536
low_light_seq140_00000038,low_light_seq140,low_light,train,train,train/LOWLIGHT/rgb/140/00000038_rgb.png,train/LOWLIGHT/nir/140/00000038_nir.png,train/LOWLIGHT/gtSeg/140/00000038_mask.json,2048,1536
low_light_seq140_00000039,low_light_seq140,low_light,train,train,train/LOWLIGHT/rgb/140/00000039_rgb.png,train/LOWLIGHT/nir/140/00000039_nir.png,train/LOWLIGHT/gtSeg/140/00000039_mask.json,2048,1536
low_light_seq140_00000040,low_light_seq140,low_light,train,train,train/LOWLIGHT/rgb/140/00000040_rgb.png,train/LOWLIGHT/nir/140/00000040_nir.png,train/LOWLIGHT/gtSeg/140/00000040_mask.json,2048,1536
low_light_seq140_00000041,low_light_seq140,low_light,train,train,train/LOWLIGHT/rgb/140/00000041_rgb.png,train/LOWLIGHT/nir/140/00000041_nir.png,train/LOWLIGHT/gtSeg/140/00000041_mask.json,2048,1536
low_light_seq140_00000042,low_light_seq140,low_light,train,train,train/LOWLIGHT/rgb/140/00000042_rgb.png,train/LOWLIGHT/nir/140/00000042_nir.png,train/LOWLIGHT/gtSeg/140/00000042_mask.json,2048,1536
low_light_seq140_00000043,low_light_seq140,low_light,train,train,train/LOWLIGHT/rgb/140/00000043_rgb.png,train/LOWLIGHT/nir/140/00000043_nir.png,train/LOWLIGHT/gtSeg/140/00000043_mask.json,2048,1536
low_light_seq140_00000044,low_light_seq140,low_light,train,train,train/LOWLIGHT/rgb/140/00000044_rgb.png,train/LOWLIGHT/nir/140/00000044_nir.png,train/LOWLIGHT/gtSeg/140/00000044_mask.json,2048,1536
low_light_seq140_00000045,low_light_seq140,low_light,train,train,train/LOWLIGHT/rgb/140/00000045_rgb.png,train/LOWLIGHT/nir/140/00000045_nir.png,train/LOWLIGHT/gtSeg/140/00000045_mask.json,2048,1536
low_light_seq140_00000046,low_light_seq140,low_light,train,train,train/LOWLIGHT/rgb/140/00000046_rgb.png,train/LOWLIGHT/nir/140/00000046_nir.png,train/LOWLIGHT/gtSeg/140/00000046_mask.json,2048,1536
low_light_seq140_00000047,low_light_seq140,low_light,train,train,train/LOWLIGHT/rgb/140/00000047_rgb.png,train/LOWLIGHT/nir/140/00000047_nir.png,train/LOWLIGHT/gtSeg/140/00000047_mask.json,2048,1536
low_light_seq140_00000048,low_light_seq140,low_light,train,train,train/LOWLIGHT/rgb/140/00000048_rgb.png,train/LOWLIGHT/nir/140/00000048_nir.png,train/LOWLIGHT/gtSeg/140/00000048_mask.json,2048,1536
low_light_seq140_00000049,low_light_seq140,low_light,train,train,train/LOWLIGHT/rgb/140/00000049_rgb.png,train/LOWLIGHT/nir/140/00000049_nir.png,train/LOWLIGHT/gtSeg/140/00000049_mask.json,2048,1536
low_light_seq140_00000050,low_light_seq140,low_light,train,train,train/LOWLIGHT/rgb/140/00000050_rgb.png,train/LOWLIGHT/nir/140/00000050_nir.png,train/LOWLIGHT/gtSeg/140/00000050_mask.json,2048,1536
low_light_seq140_00000051,low_light_seq140,low_light,train,train,train/LOWLIGHT/rgb/140/00000051_rgb.png,train/LOWLIGHT/nir/140/00000051_nir.png,train/LOWLIGHT/gtSeg/140/00000051_mask.json,2048,1536
low_light_seq140_00000052,low_light_seq140,low_light,train,train,train/LOWLIGHT/rgb/140/00000052_rgb.png,train/LOWLIGHT/nir/140/00000052_nir.png,train/LOWLIGHT/gtSeg/140/00000052_mask.json,2048,1536
low_light_seq140_00000053,low_light_seq140,low_light,train,train,train/LOWLIGHT/rgb/140/00000053_rgb.png,train/LOWLIGHT/nir/140/00000053_nir.png,train/LOWLIGHT/gtSeg/140/00000053_mask.json,2048,1536
low_light_seq140_00000054,low_light_seq140,low_light,train,train,train/LOWLIGHT/rgb/140/00000054_rgb.png,train/LOWLIGHT/nir/140/00000054_nir.png,train/LOWLIGHT/gtSeg/140/00000054_mask.json,2048,1536
low_light_seq140_00000055,low_light_seq140,low_light,train,train,train/LOWLIGHT/rgb/140/00000055_rgb.png,train/LOWLIGHT/nir/140/00000055_nir.png,train/LOWLIGHT/gtSeg/140/00000055_mask.json,2048,1536
low_light_seq140_00000056,low_light_seq140,low_light,train,train,train/LOWLIGHT/rgb/140/00000056_rgb.png,train/LOWLIGHT/nir/140/00000056_nir.png,train/LOWLIGHT/gtSeg/140/00000056_mask.json,2048,1536
low_light_seq140_00000057,low_light_seq140,low_light,train,train,train/LOWLIGHT/rgb/140/00000057_rgb.png,train/LOWLIGHT/nir/140/00000057_nir.png,train/LOWLIGHT/gtSeg/140/00000057_mask.json,2048,1536
low_light_seq140_00000058,low_light_seq140,low_light,train,train,train/LOWLIGHT/rgb/140/00000058_rgb.png,train/LOWLIGHT/nir/140/00000058_nir.png,train/LOWLIGHT/gtSeg/140/00000058_mask.json,2048,1536
low_light_seq140_00000059,low_light_seq140,low_light,train,train,train/LOWLIGHT/rgb/140/00000059_rgb.png,train/LOWLIGHT/nir/140/00000059_nir.png,train/LOWLIGHT/gtSeg/140/00000059_mask.json,2048,1536
low_light_seq140_00000060,low_light_seq140,low_light,train,train,train/LOWLIGHT/rgb/140/00000060_rgb.png,train/LOWLIGHT/nir/140/00000060_nir.png,train/LOWLIGHT/gtSeg/140/00000060_mask.json,2048,1536
low_light_seq140_00000061,low_light_seq140,low_light,train,train,train/LOWLIGHT/rgb/140/00000061_rgb.png,train/LOWLIGHT/nir/140/00000061_nir.png,train/LOWLIGHT/gtSeg/140/00000061_mask.json,2048,1536
low_light_seq141_00000000,low_light_seq141,low_light,train,val,train/LOWLIGHT/rgb/141/00000000_rgb.png,train/LOWLIGHT/nir/141/00000000_nir.png,train/LOWLIGHT/gtSeg/141/00000000_mask.json,2048,1536
low_light_seq141_00000001,low_light_seq141,low_light,train,val,train/LOWLIGHT/rgb/141/00000001_rgb.png,train/LOWLIGHT/nir/141/00000001_nir.png,train/LOWLIGHT/gtSeg/141/00000001_mask.json,2048,1536
low_light_seq141_00000002,low_light_seq141,low_light,train,val,train/LOWLIGHT/rgb/141/00000002_rgb.png,train/LOWLIGHT/nir/141/00000002_nir.png,train/LOWLIGHT/gtSeg/141/00000002_mask.json,2048,1536
low_light_seq142_00000000,low_light_seq142,low_light,train,train,train/LOWLIGHT/rgb/142/00000000_rgb.png,train/LOWLIGHT/nir/142/00000000_nir.png,train/LOWLIGHT/gtSeg/142/00000000_mask.json,2048,1536
low_light_seq143_00000000,low_light_seq143,low_light,train,test,train/LOWLIGHT/rgb/143/00000000_rgb.png,train/LOWLIGHT/nir/143/00000000_nir.png,train/LOWLIGHT/gtSeg/143/00000000_mask.json,2048,1536
low_light_seq143_00000001,low_light_seq143,low_light,train,test,train/LOWLIGHT/rgb/143/00000001_rgb.png,train/LOWLIGHT/nir/143/00000001_nir.png,train/LOWLIGHT/gtSeg/143/00000001_mask.json,2048,1536
low_light_seq143_00000002,low_light_seq143,low_light,train,test,train/LOWLIGHT/rgb/143/00000002_rgb.png,train/LOWLIGHT/nir/143/00000002_nir.png,train/LOWLIGHT/gtSeg/143/00000002_mask.json,2048,1536
low_light_seq143_00000003,low_light_seq143,low_light,train,test,train/LOWLIGHT/rgb/143/00000003_rgb.png,train/LOWLIGHT/nir/143/00000003_nir.png,train/LOWLIGHT/gtSeg/143/00000003_mask.json,2048,1536
low_light_seq143_00000004,low_light_seq143,low_light,train,test,train/LOWLIGHT/rgb/143/00000004_rgb.png,train/LOWLIGHT/nir/143/00000004_nir.png,train/LOWLIGHT/gtSeg/143/00000004_mask.json,2048,1536
low_light_seq143_00000005,low_light_seq143,low_light,train,test,train/LOWLIGHT/rgb/143/00000005_rgb.png,train/LOWLIGHT/nir/143/00000005_nir.png,train/LOWLIGHT/gtSeg/143/00000005_mask.json,2048,1536
low_light_seq143_00000006,low_light_seq143,low_light,train,test,train/LOWLIGHT/rgb/143/00000006_rgb.png,train/LOWLIGHT/nir/143/00000006_nir.png,train/LOWLIGHT/gtSeg/143/00000006_mask.json,2048,1536
low_light_seq143_00000007,low_light_seq143,low_light,train,test,train/LOWLIGHT/rgb/143/00000007_rgb.png,train/LOWLIGHT/nir/143/00000007_nir.png,train/LOWLIGHT/gtSeg/143/00000007_mask.json,2048,1536
low_light_seq143_00000008,low_light_seq143,low_light,train,test,train/LOWLIGHT/rgb/143/00000008_rgb.png,train/LOWLIGHT/nir/143/00000008_nir.png,train/LOWLIGHT/gtSeg/143/00000008_mask.json,2048,1536
low_light_seq143_00000009,low_light_seq143,low_light,train,test,train/LOWLIGHT/rgb/143/00000009_rgb.png,train/LOWLIGHT/nir/143/00000009_nir.png,train/LOWLIGHT/gtSeg/143/00000009_mask.json,2048,1536
low_light_seq143_00000010,low_light_seq143,low_light,train,test,train/LOWLIGHT/rgb/143/00000010_rgb.png,train/LOWLIGHT/nir/143/00000010_nir.png,train/LOWLIGHT/gtSeg/143/00000010_mask.json,2048,1536
low_light_seq143_00000011,low_light_seq143,low_light,train,test,train/LOWLIGHT/rgb/143/00000011_rgb.png,train/LOWLIGHT/nir/143/00000011_nir.png,train/LOWLIGHT/gtSeg/143/00000011_mask.json,2048,1536
low_light_seq143_00000012,low_light_seq143,low_light,train,test,train/LOWLIGHT/rgb/143/00000012_rgb.png,train/LOWLIGHT/nir/143/00000012_nir.png,train/LOWLIGHT/gtSeg/143/00000012_mask.json,2048,1536
low_light_seq143_00000013,low_light_seq143,low_light,train,test,train/LOWLIGHT/rgb/143/00000013_rgb.png,train/LOWLIGHT/nir/143/00000013_nir.png,train/LOWLIGHT/gtSeg/143/00000013_mask.json,2048,1536
low_light_seq143_00000014,low_light_seq143,low_light,train,test,train/LOWLIGHT/rgb/143/00000014_rgb.png,train/LOWLIGHT/nir/143/00000014_nir.png,train/LOWLIGHT/gtSeg/143/00000014_mask.json,2048,1536
low_light_seq143_00000015,low_light_seq143,low_light,train,test,train/LOWLIGHT/rgb/143/00000015_rgb.png,train/LOWLIGHT/nir/143/00000015_nir.png,train/LOWLIGHT/gtSeg/143/00000015_mask.json,2048,1536
low_light_seq143_00000016,low_light_seq143,low_light,train,test,train/LOWLIGHT/rgb/143/00000016_rgb.png,train/LOWLIGHT/nir/143/00000016_nir.png,train/LOWLIGHT/gtSeg/143/00000016_mask.json,2048,1536
low_light_seq143_00000017,low_light_seq143,low_light,train,test,train/LOWLIGHT/rgb/143/00000017_rgb.png,train/LOWLIGHT/nir/143/00000017_nir.png,train/LOWLIGHT/gtSeg/143/00000017_mask.json,2048,1536
low_light_seq143_00000018,low_light_seq143,low_light,train,test,train/LOWLIGHT/rgb/143/00000018_rgb.png,train/LOWLIGHT/nir/143/00000018_nir.png,train/LOWLIGHT/gtSeg/143/00000018_mask.json,2048,1536
low_light_seq143_00000019,low_light_seq143,low_light,train,test,train/LOWLIGHT/rgb/143/00000019_rgb.png,train/LOWLIGHT/nir/143/00000019_nir.png,train/LOWLIGHT/gtSeg/143/00000019_mask.json,2048,1536
low_light_seq143_00000020,low_light_seq143,low_light,train,test,train/LOWLIGHT/rgb/143/00000020_rgb.png,train/LOWLIGHT/nir/143/00000020_nir.png,train/LOWLIGHT/gtSeg/143/00000020_mask.json,2048,1536
low_light_seq143_00000021,low_light_seq143,low_light,train,test,train/LOWLIGHT/rgb/143/00000021_rgb.png,train/LOWLIGHT/nir/143/00000021_nir.png,train/LOWLIGHT/gtSeg/143/00000021_mask.json,2048,1536
low_light_seq143_00000022,low_light_seq143,low_light,train,test,train/LOWLIGHT/rgb/143/00000022_rgb.png,train/LOWLIGHT/nir/143/00000022_nir.png,train/LOWLIGHT/gtSeg/143/00000022_mask.json,2048,1536
low_light_seq143_00000023,low_light_seq143,low_light,train,test,train/LOWLIGHT/rgb/143/00000023_rgb.png,train/LOWLIGHT/nir/143/00000023_nir.png,train/LOWLIGHT/gtSeg/143/00000023_mask.json,2048,1536
low_light_seq143_00000024,low_light_seq143,low_light,train,test,train/LOWLIGHT/rgb/143/00000024_rgb.png,train/LOWLIGHT/nir/143/00000024_nir.png,train/LOWLIGHT/gtSeg/143/00000024_mask.json,2048,1536
low_light_seq143_00000025,low_light_seq143,low_light,train,test,train/LOWLIGHT/rgb/143/00000025_rgb.png,train/LOWLIGHT/nir/143/00000025_nir.png,train/LOWLIGHT/gtSeg/143/00000025_mask.json,2048,1536
low_light_seq143_00000026,low_light_seq143,low_light,train,test,train/LOWLIGHT/rgb/143/00000026_rgb.png,train/LOWLIGHT/nir/143/00000026_nir.png,train/LOWLIGHT/gtSeg/143/00000026_mask.json,2048,1536
low_light_seq143_00000027,low_light_seq143,low_light,train,test,train/LOWLIGHT/rgb/143/00000027_rgb.png,train/LOWLIGHT/nir/143/00000027_nir.png,train/LOWLIGHT/gtSeg/143/00000027_mask.json,2048,1536
low_light_seq143_00000028,low_light_seq143,low_light,train,test,train/LOWLIGHT/rgb/143/00000028_rgb.png,train/LOWLIGHT/nir/143/00000028_nir.png,train/LOWLIGHT/gtSeg/143/00000028_mask.json,2048,1536
low_light_seq143_00000029,low_light_seq143,low_light,train,test,train/LOWLIGHT/rgb/143/00000029_rgb.png,train/LOWLIGHT/nir/143/00000029_nir.png,train/LOWLIGHT/gtSeg/143/00000029_mask.json,2048,1536
low_light_seq143_00000030,low_light_seq143,low_light,train,test,train/LOWLIGHT/rgb/143/00000030_rgb.png,train/LOWLIGHT/nir/143/00000030_nir.png,train/LOWLIGHT/gtSeg/143/00000030_mask.json,2048,1536
low_light_seq143_00000031,low_light_seq143,low_light,train,test,train/LOWLIGHT/rgb/143/00000031_rgb.png,train/LOWLIGHT/nir/143/00000031_nir.png,train/LOWLIGHT/gtSeg/143/00000031_mask.json,2048,1536
low_light_seq143_00000032,low_light_seq143,low_light,train,test,train/LOWLIGHT/rgb/143/00000032_rgb.png,train/LOWLIGHT/nir/143/00000032_nir.png,train/LOWLIGHT/gtSeg/143/00000032_mask.json,2048,1536
low_light_seq143_00000033,low_light_seq143,low_light,train,test,train/LOWLIGHT/rgb/143/00000033_rgb.png,train/LOWLIGHT/nir/143/00000033_nir.png,train/LOWLIGHT/gtSeg/143/00000033_mask.json,2048,1536
low_light_seq144_00000000,low_light_seq144,low_light,train,train,train/LOWLIGHT/rgb/144/00000000_rgb.png,train/LOWLIGHT/nir/144/00000000_nir.png,train/LOWLIGHT/gtSeg/144/00000000_mask.json,2048,1536
low_light_seq144_00000001,low_light_seq144,low_light,train,train,train/LOWLIGHT/rgb/144/00000001_rgb.png,train/LOWLIGHT/nir/144/00000001_nir.png,train/LOWLIGHT/gtSeg/144/00000001_mask.json,2048,1536
low_light_seq144_00000002,low_light_seq144,low_light,train,train,train/LOWLIGHT/rgb/144/00000002_rgb.png,train/LOWLIGHT/nir/144/00000002_nir.png,train/LOWLIGHT/gtSeg/144/00000002_mask.json,2048,1536
low_light_seq144_00000003,low_light_seq144,low_light,train,train,train/LOWLIGHT/rgb/144/00000003_rgb.png,train/LOWLIGHT/nir/144/00000003_nir.png,train/LOWLIGHT/gtSeg/144/00000003_mask.json,2048,1536
low_light_seq144_00000004,low_light_seq144,low_light,train,train,train/LOWLIGHT/rgb/144/00000004_rgb.png,train/LOWLIGHT/nir/144/00000004_nir.png,train/LOWLIGHT/gtSeg/144/00000004_mask.json,2048,1536
low_light_seq144_00000005,low_light_seq144,low_light,train,train,train/LOWLIGHT/rgb/144/00000005_rgb.png,train/LOWLIGHT/nir/144/00000005_nir.png,train/LOWLIGHT/gtSeg/144/00000005_mask.json,2048,1536
low_light_seq144_00000006,low_light_seq144,low_light,train,train,train/LOWLIGHT/rgb/144/00000006_rgb.png,train/LOWLIGHT/nir/144/00000006_nir.png,train/LOWLIGHT/gtSeg/144/00000006_mask.json,2048,1536
low_light_seq144_00000007,low_light_seq144,low_light,train,train,train/LOWLIGHT/rgb/144/00000007_rgb.png,train/LOWLIGHT/nir/144/00000007_nir.png,train/LOWLIGHT/gtSeg/144/00000007_mask.json,2048,1536
low_light_seq144_00000008,low_light_seq144,low_light,train,train,train/LOWLIGHT/rgb/144/00000008_rgb.png,train/LOWLIGHT/nir/144/00000008_nir.png,train/LOWLIGHT/gtSeg/144/00000008_mask.json,2048,1536
low_light_seq145_00000000,low_light_seq145,low_light,train,train,train/LOWLIGHT/rgb/145/00000000_rgb.png,train/LOWLIGHT/nir/145/00000000_nir.png,train/LOWLIGHT/gtSeg/145/00000000_mask.json,2048,1536
low_light_seq145_00000001,low_light_seq145,low_light,train,train,train/LOWLIGHT/rgb/145/00000001_rgb.png,train/LOWLIGHT/nir/145/00000001_nir.png,train/LOWLIGHT/gtSeg/145/00000001_mask.json,2048,1536
low_light_seq145_00000002,low_light_seq145,low_light,train,train,train/LOWLIGHT/rgb/145/00000002_rgb.png,train/LOWLIGHT/nir/145/00000002_nir.png,train/LOWLIGHT/gtSeg/145/00000002_mask.json,2048,1536
low_light_seq145_00000003,low_light_seq145,low_light,train,train,train/LOWLIGHT/rgb/145/00000003_rgb.png,train/LOWLIGHT/nir/145/00000003_nir.png,train/LOWLIGHT/gtSeg/145/00000003_mask.json,2048,1536
low_light_seq145_00000004,low_light_seq145,low_light,train,train,train/LOWLIGHT/rgb/145/00000004_rgb.png,train/LOWLIGHT/nir/145/00000004_nir.png,train/LOWLIGHT/gtSeg/145/00000004_mask.json,2048,1536
low_light_seq145_00000005,low_light_seq145,low_light,train,train,train/LOWLIGHT/rgb/145/00000005_rgb.png,train/LOWLIGHT/nir/145/00000005_nir.png,train/LOWLIGHT/gtSeg/145/00000005_mask.json,2048,1536
low_light_seq145_00000006,low_light_seq145,low_light,train,train,train/LOWLIGHT/rgb/145/00000006_rgb.png,train/LOWLIGHT/nir/145/00000006_nir.png,train/LOWLIGHT/gtSeg/145/00000006_mask.json,2048,1536
low_light_seq145_00000007,low_light_seq145,low_light,train,train,train/LOWLIGHT/rgb/145/00000007_rgb.png,train/LOWLIGHT/nir/145/00000007_nir.png,train/LOWLIGHT/gtSeg/145/00000007_mask.json,2048,1536
low_light_seq145_00000008,low_light_seq145,low_light,train,train,train/LOWLIGHT/rgb/145/00000008_rgb.png,train/LOWLIGHT/nir/145/00000008_nir.png,train/LOWLIGHT/gtSeg/145/00000008_mask.json,2048,1536
low_light_seq145_00000009,low_light_seq145,low_light,train,train,train/LOWLIGHT/rgb/145/00000009_rgb.png,train/LOWLIGHT/nir/145/00000009_nir.png,train/LOWLIGHT/gtSeg/145/00000009_mask.json,2048,1536
low_light_seq145_00000010,low_light_seq145,low_light,train,train,train/LOWLIGHT/rgb/145/00000010_rgb.png,train/LOWLIGHT/nir/145/00000010_nir.png,train/LOWLIGHT/gtSeg/145/00000010_mask.json,2048,1536
low_light_seq146_00000000,low_light_seq146,low_light,train,train,train/LOWLIGHT/rgb/146/00000000_rgb.png,train/LOWLIGHT/nir/146/00000000_nir.png,train/LOWLIGHT/gtSeg/146/00000000_mask.json,2048,1536
low_light_seq146_00000001,low_light_seq146,low_light,train,train,train/LOWLIGHT/rgb/146/00000001_rgb.png,train/LOWLIGHT/nir/146/00000001_nir.png,train/LOWLIGHT/gtSeg/146/00000001_mask.json,2048,1536
low_light_seq147_00000000,low_light_seq147,low_light,train,train,train/LOWLIGHT/rgb/147/00000000_rgb.png,train/LOWLIGHT/nir/147/00000000_nir.png,train/LOWLIGHT/gtSeg/147/00000000_mask.json,2048,1536
low_light_seq148_00000000,low_light_seq148,low_light,train,val,train/LOWLIGHT/rgb/148/00000000_rgb.png,train/LOWLIGHT/nir/148/00000000_nir.png,train/LOWLIGHT/gtSeg/148/00000000_mask.json,2048,1536
low_light_seq148_00000001,low_light_seq148,low_light,train,val,train/LOWLIGHT/rgb/148/00000001_rgb.png,train/LOWLIGHT/nir/148/00000001_nir.png,train/LOWLIGHT/gtSeg/148/00000001_mask.json,2048,1536
low_light_seq148_00000002,low_light_seq148,low_light,train,val,train/LOWLIGHT/rgb/148/00000002_rgb.png,train/LOWLIGHT/nir/148/00000002_nir.png,train/LOWLIGHT/gtSeg/148/00000002_mask.json,2048,1536
low_light_seq148_00000003,low_light_seq148,low_light,train,val,train/LOWLIGHT/rgb/148/00000003_rgb.png,train/LOWLIGHT/nir/148/00000003_nir.png,train/LOWLIGHT/gtSeg/148/00000003_mask.json,2048,1536
low_light_seq148_00000004,low_light_seq148,low_light,train,val,train/LOWLIGHT/rgb/148/00000004_rgb.png,train/LOWLIGHT/nir/148/00000004_nir.png,train/LOWLIGHT/gtSeg/148/00000004_mask.json,2048,1536
low_light_seq148_00000005,low_light_seq148,low_light,train,val,train/LOWLIGHT/rgb/148/00000005_rgb.png,train/LOWLIGHT/nir/148/00000005_nir.png,train/LOWLIGHT/gtSeg/148/00000005_mask.json,2048,1536
low_light_seq148_00000006,low_light_seq148,low_light,train,val,train/LOWLIGHT/rgb/148/00000006_rgb.png,train/LOWLIGHT/nir/148/00000006_nir.png,train/LOWLIGHT/gtSeg/148/00000006_mask.json,2048,1536
low_light_seq148_00000007,low_light_seq148,low_light,train,val,train/LOWLIGHT/rgb/148/00000007_rgb.png,train/LOWLIGHT/nir/148/00000007_nir.png,train/LOWLIGHT/gtSeg/148/00000007_mask.json,2048,1536
low_light_seq148_00000008,low_light_seq148,low_light,train,val,train/LOWLIGHT/rgb/148/00000008_rgb.png,train/LOWLIGHT/nir/148/00000008_nir.png,train/LOWLIGHT/gtSeg/148/00000008_mask.json,2048,1536
low_light_seq148_00000009,low_light_seq148,low_light,train,val,train/LOWLIGHT/rgb/148/00000009_rgb.png,train/LOWLIGHT/nir/148/00000009_nir.png,train/LOWLIGHT/gtSeg/148/00000009_mask.json,2048,1536
low_light_seq148_00000010,low_light_seq148,low_light,train,val,train/LOWLIGHT/rgb/148/00000010_rgb.png,train/LOWLIGHT/nir/148/00000010_nir.png,train/LOWLIGHT/gtSeg/148/00000010_mask.json,2048,1536
low_light_seq148_00000011,low_light_seq148,low_light,train,val,train/LOWLIGHT/rgb/148/00000011_rgb.png,train/LOWLIGHT/nir/148/00000011_nir.png,train/LOWLIGHT/gtSeg/148/00000011_mask.json,2048,1536
low_light_seq149_00000000,low_light_seq149,low_light,val,val,val/LOWLIGHT/rgb/149/00000000_rgb.png,val/LOWLIGHT/nir/149/00000000_nir.png,val/LOWLIGHT/gtSeg/149/00000000_mask.json,2048,1536
low_light_seq149_00000001,low_light_seq149,low_light,val,val,val/LOWLIGHT/rgb/149/00000001_rgb.png,val/LOWLIGHT/nir/149/00000001_nir.png,val/LOWLIGHT/gtSeg/149/00000001_mask.json,2048,1536
low_light_seq149_00000002,low_light_seq149,low_light,val,val,val/LOWLIGHT/rgb/149/00000002_rgb.png,val/LOWLIGHT/nir/149/00000002_nir.png,val/LOWLIGHT/gtSeg/149/00000002_mask.json,2048,1536
low_light_seq149_00000003,low_light_seq149,low_light,val,val,val/LOWLIGHT/rgb/149/00000003_rgb.png,val/LOWLIGHT/nir/149/00000003_nir.png,val/LOWLIGHT/gtSeg/149/00000003_mask.json,2048,1536
low_light_seq149_00000004,low_light_seq149,low_light,val,val,val/LOWLIGHT/rgb/149/00000004_rgb.png,val/LOWLIGHT/nir/149/00000004_nir.png,val/LOWLIGHT/gtSeg/149/00000004_mask.json,2048,1536
low_light_seq149_00000005,low_light_seq149,low_light,val,val,val/LOWLIGHT/rgb/149/00000005_rgb.png,val/LOWLIGHT/nir/149/00000005_nir.png,val/LOWLIGHT/gtSeg/149/00000005_mask.json,2048,1536
low_light_seq149_00000006,low_light_seq149,low_light,val,val,val/LOWLIGHT/rgb/149/00000006_rgb.png,val/LOWLIGHT/nir/149/00000006_nir.png,val/LOWLIGHT/gtSeg/149/00000006_mask.json,2048,1536
low_light_seq149_00000007,low_light_seq149,low_light,val,val,val/LOWLIGHT/rgb/149/00000007_rgb.png,val/LOWLIGHT/nir/149/00000007_nir.png,val/LOWLIGHT/gtSeg/149/00000007_mask.json,2048,1536
low_light_seq149_00000008,low_light_seq149,low_light,val,val,val/LOWLIGHT/rgb/149/00000008_rgb.png,val/LOWLIGHT/nir/149/00000008_nir.png,val/LOWLIGHT/gtSeg/149/00000008_mask.json,2048,1536
low_light_seq149_00000009,low_light_seq149,low_light,val,val,val/LOWLIGHT/rgb/149/00000009_rgb.png,val/LOWLIGHT/nir/149/00000009_nir.png,val/LOWLIGHT/gtSeg/149/00000009_mask.json,2048,1536
low_light_seq149_00000010,low_light_seq149,low_light,val,val,val/LOWLIGHT/rgb/149/00000010_rgb.png,val/LOWLIGHT/nir/149/00000010_nir.png,val/LOWLIGHT/gtSeg/149/00000010_mask.json,2048,1536
low_light_seq149_00000011,low_light_seq149,low_light,val,val,val/LOWLIGHT/rgb/149/00000011_rgb.png,val/LOWLIGHT/nir/149/00000011_nir.png,val/LOWLIGHT/gtSeg/149/00000011_mask.json,2048,1536
low_light_seq149_00000012,low_light_seq149,low_light,val,val,val/LOWLIGHT/rgb/149/00000012_rgb.png,val/LOWLIGHT/nir/149/00000012_nir.png,val/LOWLIGHT/gtSeg/149/00000012_mask.json,2048,1536
low_light_seq149_00000013,low_light_seq149,low_light,val,val,val/LOWLIGHT/rgb/149/00000013_rgb.png,val/LOWLIGHT/nir/149/00000013_nir.png,val/LOWLIGHT/gtSeg/149/00000013_mask.json,2048,1536
low_light_seq149_00000014,low_light_seq149,low_light,val,val,val/LOWLIGHT/rgb/149/00000014_rgb.png,val/LOWLIGHT/nir/149/00000014_nir.png,val/LOWLIGHT/gtSeg/149/00000014_mask.json,2048,1536
low_light_seq149_00000015,low_light_seq149,low_light,val,val,val/LOWLIGHT/rgb/149/00000015_rgb.png,val/LOWLIGHT/nir/149/00000015_nir.png,val/LOWLIGHT/gtSeg/149/00000015_mask.json,2048,1536
low_light_seq150_00000000,low_light_seq150,low_light,train,train,train/LOWLIGHT/rgb/150/00000000_rgb.png,train/LOWLIGHT/nir/150/00000000_nir.png,train/LOWLIGHT/gtSeg/150/00000000_mask.json,2048,1536
low_light_seq150_00000001,low_light_seq150,low_light,train,train,train/LOWLIGHT/rgb/150/00000001_rgb.png,train/LOWLIGHT/nir/150/00000001_nir.png,train/LOWLIGHT/gtSeg/150/00000001_mask.json,2048,1536
low_light_seq152_00000000,low_light_seq152,low_light,train,test,train/LOWLIGHT/rgb/152/00000000_rgb.png,train/LOWLIGHT/nir/152/00000000_nir.png,train/LOWLIGHT/gtSeg/152/00000000_mask.json,2048,1536
low_light_seq152_00000001,low_light_seq152,low_light,train,test,train/LOWLIGHT/rgb/152/00000001_rgb.png,train/LOWLIGHT/nir/152/00000001_nir.png,train/LOWLIGHT/gtSeg/152/00000001_mask.json,2048,1536
low_light_seq152_00000002,low_light_seq152,low_light,train,test,train/LOWLIGHT/rgb/152/00000002_rgb.png,train/LOWLIGHT/nir/152/00000002_nir.png,train/LOWLIGHT/gtSeg/152/00000002_mask.json,2048,1536
low_light_seq152_00000003,low_light_seq152,low_light,train,test,train/LOWLIGHT/rgb/152/00000003_rgb.png,train/LOWLIGHT/nir/152/00000003_nir.png,train/LOWLIGHT/gtSeg/152/00000003_mask.json,2048,1536
low_light_seq153_00000000,low_light_seq153,low_light,val,train,val/LOWLIGHT/rgb/153/00000000_rgb.png,val/LOWLIGHT/nir/153/00000000_nir.png,val/LOWLIGHT/gtSeg/153/00000000_mask.json,2048,1536
low_light_seq154_00000000,low_light_seq154,low_light,train,test,train/LOWLIGHT/rgb/154/00000000_rgb.png,train/LOWLIGHT/nir/154/00000000_nir.png,train/LOWLIGHT/gtSeg/154/00000000_mask.json,2048,1536
low_light_seq155_00000000,low_light_seq155,low_light,train,val,train/LOWLIGHT/rgb/155/00000000_rgb.png,train/LOWLIGHT/nir/155/00000000_nir.png,train/LOWLIGHT/gtSeg/155/00000000_mask.json,2048,1536
low_light_seq155_00000001,low_light_seq155,low_light,train,val,train/LOWLIGHT/rgb/155/00000001_rgb.png,train/LOWLIGHT/nir/155/00000001_nir.png,train/LOWLIGHT/gtSeg/155/00000001_mask.json,2048,1536
low_light_seq155_00000002,low_light_seq155,low_light,train,val,train/LOWLIGHT/rgb/155/00000002_rgb.png,train/LOWLIGHT/nir/155/00000002_nir.png,train/LOWLIGHT/gtSeg/155/00000002_mask.json,2048,1536
low_light_seq155_00000003,low_light_seq155,low_light,train,val,train/LOWLIGHT/rgb/155/00000003_rgb.png,train/LOWLIGHT/nir/155/00000003_nir.png,train/LOWLIGHT/gtSeg/155/00000003_mask.json,2048,1536
low_light_seq155_00000004,low_light_seq155,low_light,train,val,train/LOWLIGHT/rgb/155/00000004_rgb.png,train/LOWLIGHT/nir/155/00000004_nir.png,train/LOWLIGHT/gtSeg/155/00000004_mask.json,2048,1536
low_light_seq156_00000000,low_light_seq156,low_light,train,test,train/LOWLIGHT/rgb/156/00000000_rgb.png,train/LOWLIGHT/nir/156/00000000_nir.png,train/LOWLIGHT/gtSeg/156/00000000_mask.json,2048,1536
low_light_seq156_00000001,low_light_seq156,low_light,train,test,train/LOWLIGHT/rgb/156/00000001_rgb.png,train/LOWLIGHT/nir/156/00000001_nir.png,train/LOWLIGHT/gtSeg/156/00000001_mask.json,2048,1536
low_light_seq156_00000002,low_light_seq156,low_light,train,test,train/LOWLIGHT/rgb/156/00000002_rgb.png,train/LOWLIGHT/nir/156/00000002_nir.png,train/LOWLIGHT/gtSeg/156/00000002_mask.json,2048,1536
low_light_seq156_00000003,low_light_seq156,low_light,train,test,train/LOWLIGHT/rgb/156/00000003_rgb.png,train/LOWLIGHT/nir/156/00000003_nir.png,train/LOWLIGHT/gtSeg/156/00000003_mask.json,2048,1536
low_light_seq156_00000004,low_light_seq156,low_light,train,test,train/LOWLIGHT/rgb/156/00000004_rgb.png,train/LOWLIGHT/nir/156/00000004_nir.png,train/LOWLIGHT/gtSeg/156/00000004_mask.json,2048,1536
low_light_seq156_00000005,low_light_seq156,low_light,train,test,train/LOWLIGHT/rgb/156/00000005_rgb.png,train/LOWLIGHT/nir/156/00000005_nir.png,train/LOWLIGHT/gtSeg/156/00000005_mask.json,2048,1536
low_light_seq156_00000006,low_light_seq156,low_light,train,test,train/LOWLIGHT/rgb/156/00000006_rgb.png,train/LOWLIGHT/nir/156/00000006_nir.png,train/LOWLIGHT/gtSeg/156/00000006_mask.json,2048,1536
low_light_seq156_00000007,low_light_seq156,low_light,train,test,train/LOWLIGHT/rgb/156/00000007_rgb.png,train/LOWLIGHT/nir/156/00000007_nir.png,train/LOWLIGHT/gtSeg/156/00000007_mask.json,2048,1536
low_light_seq156_00000008,low_light_seq156,low_light,train,test,train/LOWLIGHT/rgb/156/00000008_rgb.png,train/LOWLIGHT/nir/156/00000008_nir.png,train/LOWLIGHT/gtSeg/156/00000008_mask.json,2048,1536
low_light_seq156_00000009,low_light_seq156,low_light,train,test,train/LOWLIGHT/rgb/156/00000009_rgb.png,train/LOWLIGHT/nir/156/00000009_nir.png,train/LOWLIGHT/gtSeg/156/00000009_mask.json,2048,1536
low_light_seq156_00000010,low_light_seq156,low_light,train,test,train/LOWLIGHT/rgb/156/00000010_rgb.png,train/LOWLIGHT/nir/156/00000010_nir.png,train/LOWLIGHT/gtSeg/156/00000010_mask.json,2048,1536
low_light_seq156_00000011,low_light_seq156,low_light,train,test,train/LOWLIGHT/rgb/156/00000011_rgb.png,train/LOWLIGHT/nir/156/00000011_nir.png,train/LOWLIGHT/gtSeg/156/00000011_mask.json,2048,1536
low_light_seq156_00000012,low_light_seq156,low_light,train,test,train/LOWLIGHT/rgb/156/00000012_rgb.png,train/LOWLIGHT/nir/156/00000012_nir.png,train/LOWLIGHT/gtSeg/156/00000012_mask.json,2048,1536
low_light_seq156_00000013,low_light_seq156,low_light,train,test,train/LOWLIGHT/rgb/156/00000013_rgb.png,train/LOWLIGHT/nir/156/00000013_nir.png,train/LOWLIGHT/gtSeg/156/00000013_mask.json,2048,1536
low_light_seq156_00000014,low_light_seq156,low_light,train,test,train/LOWLIGHT/rgb/156/00000014_rgb.png,train/LOWLIGHT/nir/156/00000014_nir.png,train/LOWLIGHT/gtSeg/156/00000014_mask.json,2048,1536
low_light_seq156_00000015,low_light_seq156,low_light,train,test,train/LOWLIGHT/rgb/156/00000015_rgb.png,train/LOWLIGHT/nir/156/00000015_nir.png,train/LOWLIGHT/gtSeg/156/00000015_mask.json,2048,1536
low_light_seq156_00000016,low_light_seq156,low_light,train,test,train/LOWLIGHT/rgb/156/00000016_rgb.png,train/LOWLIGHT/nir/156/00000016_nir.png,train/LOWLIGHT/gtSeg/156/00000016_mask.json,2048,1536
low_light_seq157_00000000,low_light_seq157,low_light,train,test,train/LOWLIGHT/rgb/157/00000000_rgb.png,train/LOWLIGHT/nir/157/00000000_nir.png,train/LOWLIGHT/gtSeg/157/00000000_mask.json,2048,1536
low_light_seq159_00000000,low_light_seq159,low_light,train,train,train/LOWLIGHT/rgb/159/00000000_rgb.png,train/LOWLIGHT/nir/159/00000000_nir.png,train/LOWLIGHT/gtSeg/159/00000000_mask.json,2048,1536
low_light_seq159_00000001,low_light_seq159,low_light,train,train,train/LOWLIGHT/rgb/159/00000001_rgb.png,train/LOWLIGHT/nir/159/00000001_nir.png,train/LOWLIGHT/gtSeg/159/00000001_mask.json,2048,1536
low_light_seq159_00000002,low_light_seq159,low_light,train,train,train/LOWLIGHT/rgb/159/00000002_rgb.png,train/LOWLIGHT/nir/159/00000002_nir.png,train/LOWLIGHT/gtSeg/159/00000002_mask.json,2048,1536
low_light_seq159_00000003,low_light_seq159,low_light,train,train,train/LOWLIGHT/rgb/159/00000003_rgb.png,train/LOWLIGHT/nir/159/00000003_nir.png,train/LOWLIGHT/gtSeg/159/00000003_mask.json,2048,1536
low_light_seq159_00000004,low_light_seq159,low_light,train,train,train/LOWLIGHT/rgb/159/00000004_rgb.png,train/LOWLIGHT/nir/159/00000004_nir.png,train/LOWLIGHT/gtSeg/159/00000004_mask.json,2048,1536
low_light_seq159_00000005,low_light_seq159,low_light,train,train,train/LOWLIGHT/rgb/159/00000005_rgb.png,train/LOWLIGHT/nir/159/00000005_nir.png,train/LOWLIGHT/gtSeg/159/00000005_mask.json,2048,1536
low_light_seq159_00000006,low_light_seq159,low_light,train,train,train/LOWLIGHT/rgb/159/00000006_rgb.png,train/LOWLIGHT/nir/159/00000006_nir.png,train/LOWLIGHT/gtSeg/159/00000006_mask.json,2048,1536
low_light_seq159_00000007,low_light_seq159,low_light,train,train,train/LOWLIGHT/rgb/159/00000007_rgb.png,train/LOWLIGHT/nir/159/00000007_nir.png,train/LOWLIGHT/gtSeg/159/00000007_mask.json,2048,1536
low_light_seq159_00000008,low_light_seq159,low_light,train,train,train/LOWLIGHT/rgb/159/00000008_rgb.png,train/LOWLIGHT/nir/159/00000008_nir.png,train/LOWLIGHT/gtSeg/159/00000008_mask.json,2048,1536
low_light_seq159_00000009,low_light_seq159,low_light,train,train,train/LOWLIGHT/rgb/159/00000009_rgb.png,train/LOWLIGHT/nir/159/00000009_nir.png,train/LOWLIGHT/gtSeg/159/00000009_mask.json,2048,1536
low_light_seq159_00000010,low_light_seq159,low_light,train,train,train/LOWLIGHT/rgb/159/00000010_rgb.png,train/LOWLIGHT/nir/159/00000010_nir.png,train/LOWLIGHT/gtSeg/159/00000010_mask.json,2048,1536
low_light_seq159_00000011,low_light_seq159,low_light,train,train,train/LOWLIGHT/rgb/159/00000011_rgb.png,train/LOWLIGHT/nir/159/00000011_nir.png,train/LOWLIGHT/gtSeg/159/00000011_mask.json,2048,1536
low_light_seq159_00000012,low_light_seq159,low_light,train,train,train/LOWLIGHT/rgb/159/00000012_rgb.png,train/LOWLIGHT/nir/159/00000012_nir.png,train/LOWLIGHT/gtSeg/159/00000012_mask.json,2048,1536
low_light_seq159_00000013,low_light_seq159,low_light,train,train,train/LOWLIGHT/rgb/159/00000013_rgb.png,train/LOWLIGHT/nir/159/00000013_nir.png,train/LOWLIGHT/gtSeg/159/00000013_mask.json,2048,1536
low_light_seq159_00000014,low_light_seq159,low_light,train,train,train/LOWLIGHT/rgb/159/00000014_rgb.png,train/LOWLIGHT/nir/159/00000014_nir.png,train/LOWLIGHT/gtSeg/159/00000014_mask.json,2048,1536
low_light_seq159_00000015,low_light_seq159,low_light,train,train,train/LOWLIGHT/rgb/159/00000015_rgb.png,train/LOWLIGHT/nir/159/00000015_nir.png,train/LOWLIGHT/gtSeg/159/00000015_mask.json,2048,1536
low_light_seq160_00000000,low_light_seq160,low_light,train,train,train/LOWLIGHT/rgb/160/00000000_rgb.png,train/LOWLIGHT/nir/160/00000000_nir.png,train/LOWLIGHT/gtSeg/160/00000000_mask.json,2048,1536
low_light_seq160_00000001,low_light_seq160,low_light,train,train,train/LOWLIGHT/rgb/160/00000001_rgb.png,train/LOWLIGHT/nir/160/00000001_nir.png,train/LOWLIGHT/gtSeg/160/00000001_mask.json,2048,1536
low_light_seq160_00000002,low_light_seq160,low_light,train,train,train/LOWLIGHT/rgb/160/00000002_rgb.png,train/LOWLIGHT/nir/160/00000002_nir.png,train/LOWLIGHT/gtSeg/160/00000002_mask.json,2048,1536
low_light_seq160_00000003,low_light_seq160,low_light,train,train,train/LOWLIGHT/rgb/160/00000003_rgb.png,train/LOWLIGHT/nir/160/00000003_nir.png,train/LOWLIGHT/gtSeg/160/00000003_mask.json,2048,1536
low_light_seq160_00000004,low_light_seq160,low_light,train,train,train/LOWLIGHT/rgb/160/00000004_rgb.png,train/LOWLIGHT/nir/160/00000004_nir.png,train/LOWLIGHT/gtSeg/160/00000004_mask.json,2048,1536
low_light_seq160_00000005,low_light_seq160,low_light,train,train,train/LOWLIGHT/rgb/160/00000005_rgb.png,train/LOWLIGHT/nir/160/00000005_nir.png,train/LOWLIGHT/gtSeg/160/00000005_mask.json,2048,1536
low_light_seq160_00000006,low_light_seq160,low_light,train,train,train/LOWLIGHT/rgb/160/00000006_rgb.png,train/LOWLIGHT/nir/160/00000006_nir.png,train/LOWLIGHT/gtSeg/160/00000006_mask.json,2048,1536
low_light_seq160_00000007,low_light_seq160,low_light,train,train,train/LOWLIGHT/rgb/160/00000007_rgb.png,train/LOWLIGHT/nir/160/00000007_nir.png,train/LOWLIGHT/gtSeg/160/00000007_mask.json,2048,1536
low_light_seq160_00000008,low_light_seq160,low_light,train,train,train/LOWLIGHT/rgb/160/00000008_rgb.png,train/LOWLIGHT/nir/160/00000008_nir.png,train/LOWLIGHT/gtSeg/160/00000008_mask.json,2048,1536
low_light_seq160_00000009,low_light_seq160,low_light,train,train,train/LOWLIGHT/rgb/160/00000009_rgb.png,train/LOWLIGHT/nir/160/00000009_nir.png,train/LOWLIGHT/gtSeg/160/00000009_mask.json,2048,1536
low_light_seq160_00000010,low_light_seq160,low_light,train,train,train/LOWLIGHT/rgb/160/00000010_rgb.png,train/LOWLIGHT/nir/160/00000010_nir.png,train/LOWLIGHT/gtSeg/160/00000010_mask.json,2048,1536
low_light_seq160_00000011,low_light_seq160,low_light,train,train,train/LOWLIGHT/rgb/160/00000011_rgb.png,train/LOWLIGHT/nir/160/00000011_nir.png,train/LOWLIGHT/gtSeg/160/00000011_mask.json,2048,1536
low_light_seq160_00000012,low_light_seq160,low_light,train,train,train/LOWLIGHT/rgb/160/00000012_rgb.png,train/LOWLIGHT/nir/160/00000012_nir.png,train/LOWLIGHT/gtSeg/160/00000012_mask.json,2048,1536
low_light_seq160_00000013,low_light_seq160,low_light,train,train,train/LOWLIGHT/rgb/160/00000013_rgb.png,train/LOWLIGHT/nir/160/00000013_nir.png,train/LOWLIGHT/gtSeg/160/00000013_mask.json,2048,1536
low_light_seq160_00000014,low_light_seq160,low_light,train,train,train/LOWLIGHT/rgb/160/00000014_rgb.png,train/LOWLIGHT/nir/160/00000014_nir.png,train/LOWLIGHT/gtSeg/160/00000014_mask.json,2048,1536
low_light_seq160_00000015,low_light_seq160,low_light,train,train,train/LOWLIGHT/rgb/160/00000015_rgb.png,train/LOWLIGHT/nir/160/00000015_nir.png,train/LOWLIGHT/gtSeg/160/00000015_mask.json,2048,1536
low_light_seq160_00000016,low_light_seq160,low_light,train,train,train/LOWLIGHT/rgb/160/00000016_rgb.png,train/LOWLIGHT/nir/160/00000016_nir.png,train/LOWLIGHT/gtSeg/160/00000016_mask.json,2048,1536
low_light_seq160_00000017,low_light_seq160,low_light,train,train,train/LOWLIGHT/rgb/160/00000017_rgb.png,train/LOWLIGHT/nir/160/00000017_nir.png,train/LOWLIGHT/gtSeg/160/00000017_mask.json,2048,1536
low_light_seq160_00000018,low_light_seq160,low_light,train,train,train/LOWLIGHT/rgb/160/00000018_rgb.png,train/LOWLIGHT/nir/160/00000018_nir.png,train/LOWLIGHT/gtSeg/160/00000018_mask.json,2048,1536
low_light_seq160_00000019,low_light_seq160,low_light,train,train,train/LOWLIGHT/rgb/160/00000019_rgb.png,train/LOWLIGHT/nir/160/00000019_nir.png,train/LOWLIGHT/gtSeg/160/00000019_mask.json,2048,1536
low_light_seq160_00000020,low_light_seq160,low_light,train,train,train/LOWLIGHT/rgb/160/00000020_rgb.png,train/LOWLIGHT/nir/160/00000020_nir.png,train/LOWLIGHT/gtSeg/160/00000020_mask.json,2048,1536
low_light_seq160_00000021,low_light_seq160,low_light,train,train,train/LOWLIGHT/rgb/160/00000021_rgb.png,train/LOWLIGHT/nir/160/00000021_nir.png,train/LOWLIGHT/gtSeg/160/00000021_mask.json,2048,1536
low_light_seq160_00000022,low_light_seq160,low_light,train,train,train/LOWLIGHT/rgb/160/00000022_rgb.png,train/LOWLIGHT/nir/160/00000022_nir.png,train/LOWLIGHT/gtSeg/160/00000022_mask.json,2048,1536
low_light_seq160_00000023,low_light_seq160,low_light,train,train,train/LOWLIGHT/rgb/160/00000023_rgb.png,train/LOWLIGHT/nir/160/00000023_nir.png,train/LOWLIGHT/gtSeg/160/00000023_mask.json,2048,1536
low_light_seq160_00000024,low_light_seq160,low_light,train,train,train/LOWLIGHT/rgb/160/00000024_rgb.png,train/LOWLIGHT/nir/160/00000024_nir.png,train/LOWLIGHT/gtSeg/160/00000024_mask.json,2048,1536
low_light_seq160_00000025,low_light_seq160,low_light,train,train,train/LOWLIGHT/rgb/160/00000025_rgb.png,train/LOWLIGHT/nir/160/00000025_nir.png,train/LOWLIGHT/gtSeg/160/00000025_mask.json,2048,1536
low_light_seq160_00000026,low_light_seq160,low_light,train,train,train/LOWLIGHT/rgb/160/00000026_rgb.png,train/LOWLIGHT/nir/160/00000026_nir.png,train/LOWLIGHT/gtSeg/160/00000026_mask.json,2048,1536
low_light_seq160_00000027,low_light_seq160,low_light,train,train,train/LOWLIGHT/rgb/160/00000027_rgb.png,train/LOWLIGHT/nir/160/00000027_nir.png,train/LOWLIGHT/gtSeg/160/00000027_mask.json,2048,1536
low_light_seq160_00000028,low_light_seq160,low_light,train,train,train/LOWLIGHT/rgb/160/00000028_rgb.png,train/LOWLIGHT/nir/160/00000028_nir.png,train/LOWLIGHT/gtSeg/160/00000028_mask.json,2048,1536
low_light_seq160_00000029,low_light_seq160,low_light,train,train,train/LOWLIGHT/rgb/160/00000029_rgb.png,train/LOWLIGHT/nir/160/00000029_nir.png,train/LOWLIGHT/gtSeg/160/00000029_mask.json,2048,1536
low_light_seq160_00000030,low_light_seq160,low_light,train,train,train/LOWLIGHT/rgb/160/00000030_rgb.png,train/LOWLIGHT/nir/160/00000030_nir.png,train/LOWLIGHT/gtSeg/160/00000030_mask.json,2048,1536
low_light_seq161_00000000,low_light_seq161,low_light,train,test,train/LOWLIGHT/rgb/161/00000000_rgb.png,train/LOWLIGHT/nir/161/00000000_nir.png,train/LOWLIGHT/gtSeg/161/00000000_mask.json,2048,1536
low_light_seq161_00000001,low_light_seq161,low_light,train,test,train/LOWLIGHT/rgb/161/00000001_rgb.png,train/LOWLIGHT/nir/161/00000001_nir.png,train/LOWLIGHT/gtSeg/161/00000001_mask.json,2048,1536
low_light_seq161_00000002,low_light_seq161,low_light,train,test,train/LOWLIGHT/rgb/161/00000002_rgb.png,train/LOWLIGHT/nir/161/00000002_nir.png,train/LOWLIGHT/gtSeg/161/00000002_mask.json,2048,1536
low_light_seq161_00000003,low_light_seq161,low_light,train,test,train/LOWLIGHT/rgb/161/00000003_rgb.png,train/LOWLIGHT/nir/161/00000003_nir.png,train/LOWLIGHT/gtSeg/161/00000003_mask.json,2048,1536
low_light_seq161_00000004,low_light_seq161,low_light,train,test,train/LOWLIGHT/rgb/161/00000004_rgb.png,train/LOWLIGHT/nir/161/00000004_nir.png,train/LOWLIGHT/gtSeg/161/00000004_mask.json,2048,1536
low_light_seq161_00000005,low_light_seq161,low_light,train,test,train/LOWLIGHT/rgb/161/00000005_rgb.png,train/LOWLIGHT/nir/161/00000005_nir.png,train/LOWLIGHT/gtSeg/161/00000005_mask.json,2048,1536
low_light_seq161_00000006,low_light_seq161,low_light,train,test,train/LOWLIGHT/rgb/161/00000006_rgb.png,train/LOWLIGHT/nir/161/00000006_nir.png,train/LOWLIGHT/gtSeg/161/00000006_mask.json,2048,1536
low_light_seq161_00000007,low_light_seq161,low_light,train,test,train/LOWLIGHT/rgb/161/00000007_rgb.png,train/LOWLIGHT/nir/161/00000007_nir.png,train/LOWLIGHT/gtSeg/161/00000007_mask.json,2048,1536
low_light_seq161_00000008,low_light_seq161,low_light,train,test,train/LOWLIGHT/rgb/161/00000008_rgb.png,train/LOWLIGHT/nir/161/00000008_nir.png,train/LOWLIGHT/gtSeg/161/00000008_mask.json,2048,1536
low_light_seq161_00000009,low_light_seq161,low_light,train,test,train/LOWLIGHT/rgb/161/00000009_rgb.png,train/LOWLIGHT/nir/161/00000009_nir.png,train/LOWLIGHT/gtSeg/161/00000009_mask.json,2048,1536
low_light_seq161_00000010,low_light_seq161,low_light,train,test,train/LOWLIGHT/rgb/161/00000010_rgb.png,train/LOWLIGHT/nir/161/00000010_nir.png,train/LOWLIGHT/gtSeg/161/00000010_mask.json,2048,1536
low_light_seq161_00000011,low_light_seq161,low_light,train,test,train/LOWLIGHT/rgb/161/00000011_rgb.png,train/LOWLIGHT/nir/161/00000011_nir.png,train/LOWLIGHT/gtSeg/161/00000011_mask.json,2048,1536
low_light_seq161_00000012,low_light_seq161,low_light,train,test,train/LOWLIGHT/rgb/161/00000012_rgb.png,train/LOWLIGHT/nir/161/00000012_nir.png,train/LOWLIGHT/gtSeg/161/00000012_mask.json,2048,1536
low_light_seq161_00000013,low_light_seq161,low_light,train,test,train/LOWLIGHT/rgb/161/00000013_rgb.png,train/LOWLIGHT/nir/161/00000013_nir.png,train/LOWLIGHT/gtSeg/161/00000013_mask.json,2048,1536
low_light_seq161_00000014,low_light_seq161,low_light,train,test,train/LOWLIGHT/rgb/161/00000014_rgb.png,train/LOWLIGHT/nir/161/00000014_nir.png,train/LOWLIGHT/gtSeg/161/00000014_mask.json,2048,1536
low_light_seq161_00000015,low_light_seq161,low_light,train,test,train/LOWLIGHT/rgb/161/00000015_rgb.png,train/LOWLIGHT/nir/161/00000015_nir.png,train/LOWLIGHT/gtSeg/161/00000015_mask.json,2048,1536
low_light_seq161_00000016,low_light_seq161,low_light,train,test,train/LOWLIGHT/rgb/161/00000016_rgb.png,train/LOWLIGHT/nir/161/00000016_nir.png,train/LOWLIGHT/gtSeg/161/00000016_mask.json,2048,1536
low_light_seq161_00000017,low_light_seq161,low_light,train,test,train/LOWLIGHT/rgb/161/00000017_rgb.png,train/LOWLIGHT/nir/161/00000017_nir.png,train/LOWLIGHT/gtSeg/161/00000017_mask.json,2048,1536
low_light_seq161_00000018,low_light_seq161,low_light,train,test,train/LOWLIGHT/rgb/161/00000018_rgb.png,train/LOWLIGHT/nir/161/00000018_nir.png,train/LOWLIGHT/gtSeg/161/00000018_mask.json,2048,1536
low_light_seq161_00000019,low_light_seq161,low_light,train,test,train/LOWLIGHT/rgb/161/00000019_rgb.png,train/LOWLIGHT/nir/161/00000019_nir.png,train/LOWLIGHT/gtSeg/161/00000019_mask.json,2048,1536
low_light_seq161_00000020,low_light_seq161,low_light,train,test,train/LOWLIGHT/rgb/161/00000020_rgb.png,train/LOWLIGHT/nir/161/00000020_nir.png,train/LOWLIGHT/gtSeg/161/00000020_mask.json,2048,1536
low_light_seq161_00000021,low_light_seq161,low_light,train,test,train/LOWLIGHT/rgb/161/00000021_rgb.png,train/LOWLIGHT/nir/161/00000021_nir.png,train/LOWLIGHT/gtSeg/161/00000021_mask.json,2048,1536
low_light_seq161_00000022,low_light_seq161,low_light,train,test,train/LOWLIGHT/rgb/161/00000022_rgb.png,train/LOWLIGHT/nir/161/00000022_nir.png,train/LOWLIGHT/gtSeg/161/00000022_mask.json,2048,1536
low_light_seq161_00000023,low_light_seq161,low_light,train,test,train/LOWLIGHT/rgb/161/00000023_rgb.png,train/LOWLIGHT/nir/161/00000023_nir.png,train/LOWLIGHT/gtSeg/161/00000023_mask.json,2048,1536
low_light_seq162_00000000,low_light_seq162,low_light,train,train,train/LOWLIGHT/rgb/162/00000000_rgb.png,train/LOWLIGHT/nir/162/00000000_nir.png,train/LOWLIGHT/gtSeg/162/00000000_mask.json,2048,1536
low_light_seq164_00000000,low_light_seq164,low_light,train,train,train/LOWLIGHT/rgb/164/00000000_rgb.png,train/LOWLIGHT/nir/164/00000000_nir.png,train/LOWLIGHT/gtSeg/164/00000000_mask.json,2048,1536
low_light_seq164_00000001,low_light_seq164,low_light,train,train,train/LOWLIGHT/rgb/164/00000001_rgb.png,train/LOWLIGHT/nir/164/00000001_nir.png,train/LOWLIGHT/gtSeg/164/00000001_mask.json,2048,1536
low_light_seq165_00000000,low_light_seq165,low_light,train,val,train/LOWLIGHT/rgb/165/00000000_rgb.png,train/LOWLIGHT/nir/165/00000000_nir.png,train/LOWLIGHT/gtSeg/165/00000000_mask.json,2048,1536
low_light_seq166_00000000,low_light_seq166,low_light,train,train,train/LOWLIGHT/rgb/166/00000000_rgb.png,train/LOWLIGHT/nir/166/00000000_nir.png,train/LOWLIGHT/gtSeg/166/00000000_mask.json,2048,1536
low_light_seq166_00000001,low_light_seq166,low_light,train,train,train/LOWLIGHT/rgb/166/00000001_rgb.png,train/LOWLIGHT/nir/166/00000001_nir.png,train/LOWLIGHT/gtSeg/166/00000001_mask.json,2048,1536
low_light_seq166_00000002,low_light_seq166,low_light,train,train,train/LOWLIGHT/rgb/166/00000002_rgb.png,train/LOWLIGHT/nir/166/00000002_nir.png,train/LOWLIGHT/gtSeg/166/00000002_mask.json,2048,1536
low_light_seq166_00000003,low_light_seq166,low_light,train,train,train/LOWLIGHT/rgb/166/00000003_rgb.png,train/LOWLIGHT/nir/166/00000003_nir.png,train/LOWLIGHT/gtSeg/166/00000003_mask.json,2048,1536
low_light_seq166_00000004,low_light_seq166,low_light,train,train,train/LOWLIGHT/rgb/166/00000004_rgb.png,train/LOWLIGHT/nir/166/00000004_nir.png,train/LOWLIGHT/gtSeg/166/00000004_mask.json,2048,1536
low_light_seq166_00000005,low_light_seq166,low_light,train,train,train/LOWLIGHT/rgb/166/00000005_rgb.png,train/LOWLIGHT/nir/166/00000005_nir.png,train/LOWLIGHT/gtSeg/166/00000005_mask.json,2048,1536
low_light_seq166_00000006,low_light_seq166,low_light,train,train,train/LOWLIGHT/rgb/166/00000006_rgb.png,train/LOWLIGHT/nir/166/00000006_nir.png,train/LOWLIGHT/gtSeg/166/00000006_mask.json,2048,1536
low_light_seq166_00000007,low_light_seq166,low_light,train,train,train/LOWLIGHT/rgb/166/00000007_rgb.png,train/LOWLIGHT/nir/166/00000007_nir.png,train/LOWLIGHT/gtSeg/166/00000007_mask.json,2048,1536
low_light_seq166_00000008,low_light_seq166,low_light,train,train,train/LOWLIGHT/rgb/166/00000008_rgb.png,train/LOWLIGHT/nir/166/00000008_nir.png,train/LOWLIGHT/gtSeg/166/00000008_mask.json,2048,1536
low_light_seq166_00000009,low_light_seq166,low_light,train,train,train/LOWLIGHT/rgb/166/00000009_rgb.png,train/LOWLIGHT/nir/166/00000009_nir.png,train/LOWLIGHT/gtSeg/166/00000009_mask.json,2048,1536
low_light_seq166_00000010,low_light_seq166,low_light,train,train,train/LOWLIGHT/rgb/166/00000010_rgb.png,train/LOWLIGHT/nir/166/00000010_nir.png,train/LOWLIGHT/gtSeg/166/00000010_mask.json,2048,1536
low_light_seq166_00000011,low_light_seq166,low_light,train,train,train/LOWLIGHT/rgb/166/00000011_rgb.png,train/LOWLIGHT/nir/166/00000011_nir.png,train/LOWLIGHT/gtSeg/166/00000011_mask.json,2048,1536
low_light_seq166_00000012,low_light_seq166,low_light,train,train,train/LOWLIGHT/rgb/166/00000012_rgb.png,train/LOWLIGHT/nir/166/00000012_nir.png,train/LOWLIGHT/gtSeg/166/00000012_mask.json,2048,1536
low_light_seq166_00000013,low_light_seq166,low_light,train,train,train/LOWLIGHT/rgb/166/00000013_rgb.png,train/LOWLIGHT/nir/166/00000013_nir.png,train/LOWLIGHT/gtSeg/166/00000013_mask.json,2048,1536
low_light_seq166_00000014,low_light_seq166,low_light,train,train,train/LOWLIGHT/rgb/166/00000014_rgb.png,train/LOWLIGHT/nir/166/00000014_nir.png,train/LOWLIGHT/gtSeg/166/00000014_mask.json,2048,1536
low_light_seq166_00000015,low_light_seq166,low_light,train,train,train/LOWLIGHT/rgb/166/00000015_rgb.png,train/LOWLIGHT/nir/166/00000015_nir.png,train/LOWLIGHT/gtSeg/166/00000015_mask.json,2048,1536
low_light_seq167_00000000,low_light_seq167,low_light,train,train,train/LOWLIGHT/rgb/167/00000000_rgb.png,train/LOWLIGHT/nir/167/00000000_nir.png,train/LOWLIGHT/gtSeg/167/00000000_mask.json,2048,1536
low_light_seq167_00000001,low_light_seq167,low_light,train,train,train/LOWLIGHT/rgb/167/00000001_rgb.png,train/LOWLIGHT/nir/167/00000001_nir.png,train/LOWLIGHT/gtSeg/167/00000001_mask.json,2048,1536
low_light_seq167_00000002,low_light_seq167,low_light,train,train,train/LOWLIGHT/rgb/167/00000002_rgb.png,train/LOWLIGHT/nir/167/00000002_nir.png,train/LOWLIGHT/gtSeg/167/00000002_mask.json,2048,1536
low_light_seq167_00000003,low_light_seq167,low_light,train,train,train/LOWLIGHT/rgb/167/00000003_rgb.png,train/LOWLIGHT/nir/167/00000003_nir.png,train/LOWLIGHT/gtSeg/167/00000003_mask.json,2048,1536
low_light_seq167_00000004,low_light_seq167,low_light,train,train,train/LOWLIGHT/rgb/167/00000004_rgb.png,train/LOWLIGHT/nir/167/00000004_nir.png,train/LOWLIGHT/gtSeg/167/00000004_mask.json,2048,1536
low_light_seq167_00000005,low_light_seq167,low_light,train,train,train/LOWLIGHT/rgb/167/00000005_rgb.png,train/LOWLIGHT/nir/167/00000005_nir.png,train/LOWLIGHT/gtSeg/167/00000005_mask.json,2048,1536
low_light_seq167_00000006,low_light_seq167,low_light,train,train,train/LOWLIGHT/rgb/167/00000006_rgb.png,train/LOWLIGHT/nir/167/00000006_nir.png,train/LOWLIGHT/gtSeg/167/00000006_mask.json,2048,1536
low_light_seq167_00000007,low_light_seq167,low_light,train,train,train/LOWLIGHT/rgb/167/00000007_rgb.png,train/LOWLIGHT/nir/167/00000007_nir.png,train/LOWLIGHT/gtSeg/167/00000007_mask.json,2048,1536
low_light_seq167_00000008,low_light_seq167,low_light,train,train,train/LOWLIGHT/rgb/167/00000008_rgb.png,train/LOWLIGHT/nir/167/00000008_nir.png,train/LOWLIGHT/gtSeg/167/00000008_mask.json,2048,1536
low_light_seq167_00000009,low_light_seq167,low_light,train,train,train/LOWLIGHT/rgb/167/00000009_rgb.png,train/LOWLIGHT/nir/167/00000009_nir.png,train/LOWLIGHT/gtSeg/167/00000009_mask.json,2048,1536
low_light_seq167_00000010,low_light_seq167,low_light,train,train,train/LOWLIGHT/rgb/167/00000010_rgb.png,train/LOWLIGHT/nir/167/00000010_nir.png,train/LOWLIGHT/gtSeg/167/00000010_mask.json,2048,1536
low_light_seq167_00000011,low_light_seq167,low_light,train,train,train/LOWLIGHT/rgb/167/00000011_rgb.png,train/LOWLIGHT/nir/167/00000011_nir.png,train/LOWLIGHT/gtSeg/167/00000011_mask.json,2048,1536
low_light_seq167_00000012,low_light_seq167,low_light,train,train,train/LOWLIGHT/rgb/167/00000012_rgb.png,train/LOWLIGHT/nir/167/00000012_nir.png,train/LOWLIGHT/gtSeg/167/00000012_mask.json,2048,1536
low_light_seq167_00000013,low_light_seq167,low_light,train,train,train/LOWLIGHT/rgb/167/00000013_rgb.png,train/LOWLIGHT/nir/167/00000013_nir.png,train/LOWLIGHT/gtSeg/167/00000013_mask.json,2048,1536
low_light_seq167_00000014,low_light_seq167,low_light,train,train,train/LOWLIGHT/rgb/167/00000014_rgb.png,train/LOWLIGHT/nir/167/00000014_nir.png,train/LOWLIGHT/gtSeg/167/00000014_mask.json,2048,1536
low_light_seq167_00000015,low_light_seq167,low_light,train,train,train/LOWLIGHT/rgb/167/00000015_rgb.png,train/LOWLIGHT/nir/167/00000015_nir.png,train/LOWLIGHT/gtSeg/167/00000015_mask.json,2048,1536
low_light_seq167_00000016,low_light_seq167,low_light,train,train,train/LOWLIGHT/rgb/167/00000016_rgb.png,train/LOWLIGHT/nir/167/00000016_nir.png,train/LOWLIGHT/gtSeg/167/00000016_mask.json,2048,1536
low_light_seq167_00000017,low_light_seq167,low_light,train,train,train/LOWLIGHT/rgb/167/00000017_rgb.png,train/LOWLIGHT/nir/167/00000017_nir.png,train/LOWLIGHT/gtSeg/167/00000017_mask.json,2048,1536
low_light_seq167_00000018,low_light_seq167,low_light,train,train,train/LOWLIGHT/rgb/167/00000018_rgb.png,train/LOWLIGHT/nir/167/00000018_nir.png,train/LOWLIGHT/gtSeg/167/00000018_mask.json,2048,1536
low_light_seq167_00000019,low_light_seq167,low_light,train,train,train/LOWLIGHT/rgb/167/00000019_rgb.png,train/LOWLIGHT/nir/167/00000019_nir.png,train/LOWLIGHT/gtSeg/167/00000019_mask.json,2048,1536
low_light_seq167_00000020,low_light_seq167,low_light,train,train,train/LOWLIGHT/rgb/167/00000020_rgb.png,train/LOWLIGHT/nir/167/00000020_nir.png,train/LOWLIGHT/gtSeg/167/00000020_mask.json,2048,1536
low_light_seq167_00000021,low_light_seq167,low_light,train,train,train/LOWLIGHT/rgb/167/00000021_rgb.png,train/LOWLIGHT/nir/167/00000021_nir.png,train/LOWLIGHT/gtSeg/167/00000021_mask.json,2048,1536
low_light_seq167_00000022,low_light_seq167,low_light,train,train,train/LOWLIGHT/rgb/167/00000022_rgb.png,train/LOWLIGHT/nir/167/00000022_nir.png,train/LOWLIGHT/gtSeg/167/00000022_mask.json,2048,1536
low_light_seq167_00000023,low_light_seq167,low_light,train,train,train/LOWLIGHT/rgb/167/00000023_rgb.png,train/LOWLIGHT/nir/167/00000023_nir.png,train/LOWLIGHT/gtSeg/167/00000023_mask.json,2048,1536
low_light_seq168_00000000,low_light_seq168,low_light,train,test,train/LOWLIGHT/rgb/168/00000000_rgb.png,train/LOWLIGHT/nir/168/00000000_nir.png,train/LOWLIGHT/gtSeg/168/00000000_mask.json,2048,1536
low_light_seq168_00000001,low_light_seq168,low_light,train,test,train/LOWLIGHT/rgb/168/00000001_rgb.png,train/LOWLIGHT/nir/168/00000001_nir.png,train/LOWLIGHT/gtSeg/168/00000001_mask.json,2048,1536
low_light_seq168_00000002,low_light_seq168,low_light,train,test,train/LOWLIGHT/rgb/168/00000002_rgb.png,train/LOWLIGHT/nir/168/00000002_nir.png,train/LOWLIGHT/gtSeg/168/00000002_mask.json,2048,1536
low_light_seq168_00000003,low_light_seq168,low_light,train,test,train/LOWLIGHT/rgb/168/00000003_rgb.png,train/LOWLIGHT/nir/168/00000003_nir.png,train/LOWLIGHT/gtSeg/168/00000003_mask.json,2048,1536
low_light_seq168_00000004,low_light_seq168,low_light,train,test,train/LOWLIGHT/rgb/168/00000004_rgb.png,train/LOWLIGHT/nir/168/00000004_nir.png,train/LOWLIGHT/gtSeg/168/00000004_mask.json,2048,1536
low_light_seq168_00000005,low_light_seq168,low_light,train,test,train/LOWLIGHT/rgb/168/00000005_rgb.png,train/LOWLIGHT/nir/168/00000005_nir.png,train/LOWLIGHT/gtSeg/168/00000005_mask.json,2048,1536
low_light_seq168_00000006,low_light_seq168,low_light,train,test,train/LOWLIGHT/rgb/168/00000006_rgb.png,train/LOWLIGHT/nir/168/00000006_nir.png,train/LOWLIGHT/gtSeg/168/00000006_mask.json,2048,1536
low_light_seq168_00000007,low_light_seq168,low_light,train,test,train/LOWLIGHT/rgb/168/00000007_rgb.png,train/LOWLIGHT/nir/168/00000007_nir.png,train/LOWLIGHT/gtSeg/168/00000007_mask.json,2048,1536
low_light_seq168_00000008,low_light_seq168,low_light,train,test,train/LOWLIGHT/rgb/168/00000008_rgb.png,train/LOWLIGHT/nir/168/00000008_nir.png,train/LOWLIGHT/gtSeg/168/00000008_mask.json,2048,1536
low_light_seq168_00000009,low_light_seq168,low_light,train,test,train/LOWLIGHT/rgb/168/00000009_rgb.png,train/LOWLIGHT/nir/168/00000009_nir.png,train/LOWLIGHT/gtSeg/168/00000009_mask.json,2048,1536
low_light_seq168_00000010,low_light_seq168,low_light,train,test,train/LOWLIGHT/rgb/168/00000010_rgb.png,train/LOWLIGHT/nir/168/00000010_nir.png,train/LOWLIGHT/gtSeg/168/00000010_mask.json,2048,1536
low_light_seq169_00000000,low_light_seq169,low_light,train,train,train/LOWLIGHT/rgb/169/00000000_rgb.png,train/LOWLIGHT/nir/169/00000000_nir.png,train/LOWLIGHT/gtSeg/169/00000000_mask.json,2048,1536
low_light_seq169_00000001,low_light_seq169,low_light,train,train,train/LOWLIGHT/rgb/169/00000001_rgb.png,train/LOWLIGHT/nir/169/00000001_nir.png,train/LOWLIGHT/gtSeg/169/00000001_mask.json,2048,1536
low_light_seq169_00000002,low_light_seq169,low_light,train,train,train/LOWLIGHT/rgb/169/00000002_rgb.png,train/LOWLIGHT/nir/169/00000002_nir.png,train/LOWLIGHT/gtSeg/169/00000002_mask.json,2048,1536
low_light_seq169_00000003,low_light_seq169,low_light,train,train,train/LOWLIGHT/rgb/169/00000003_rgb.png,train/LOWLIGHT/nir/169/00000003_nir.png,train/LOWLIGHT/gtSeg/169/00000003_mask.json,2048,1536
low_light_seq169_00000004,low_light_seq169,low_light,train,train,train/LOWLIGHT/rgb/169/00000004_rgb.png,train/LOWLIGHT/nir/169/00000004_nir.png,train/LOWLIGHT/gtSeg/169/00000004_mask.json,2048,1536
low_light_seq169_00000005,low_light_seq169,low_light,train,train,train/LOWLIGHT/rgb/169/00000005_rgb.png,train/LOWLIGHT/nir/169/00000005_nir.png,train/LOWLIGHT/gtSeg/169/00000005_mask.json,2048,1536
low_light_seq169_00000006,low_light_seq169,low_light,train,train,train/LOWLIGHT/rgb/169/00000006_rgb.png,train/LOWLIGHT/nir/169/00000006_nir.png,train/LOWLIGHT/gtSeg/169/00000006_mask.json,2048,1536
low_light_seq169_00000007,low_light_seq169,low_light,train,train,train/LOWLIGHT/rgb/169/00000007_rgb.png,train/LOWLIGHT/nir/169/00000007_nir.png,train/LOWLIGHT/gtSeg/169/00000007_mask.json,2048,1536
low_light_seq169_00000008,low_light_seq169,low_light,train,train,train/LOWLIGHT/rgb/169/00000008_rgb.png,train/LOWLIGHT/nir/169/00000008_nir.png,train/LOWLIGHT/gtSeg/169/00000008_mask.json,2048,1536
low_light_seq169_00000009,low_light_seq169,low_light,train,train,train/LOWLIGHT/rgb/169/00000009_rgb.png,train/LOWLIGHT/nir/169/00000009_nir.png,train/LOWLIGHT/gtSeg/169/00000009_mask.json,2048,1536
low_light_seq169_00000010,low_light_seq169,low_light,train,train,train/LOWLIGHT/rgb/169/00000010_rgb.png,train/LOWLIGHT/nir/169/00000010_nir.png,train/LOWLIGHT/gtSeg/169/00000010_mask.json,2048,1536
low_light_seq169_00000011,low_light_seq169,low_light,train,train,train/LOWLIGHT/rgb/169/00000011_rgb.png,train/LOWLIGHT/nir/169/00000011_nir.png,train/LOWLIGHT/gtSeg/169/00000011_mask.json,2048,1536
low_light_seq169_00000012,low_light_seq169,low_light,train,train,train/LOWLIGHT/rgb/169/00000012_rgb.png,train/LOWLIGHT/nir/169/00000012_nir.png,train/LOWLIGHT/gtSeg/169/00000012_mask.json,2048,1536
low_light_seq169_00000013,low_light_seq169,low_light,train,train,train/LOWLIGHT/rgb/169/00000013_rgb.png,train/LOWLIGHT/nir/169/00000013_nir.png,train/LOWLIGHT/gtSeg/169/00000013_mask.json,2048,1536
low_light_seq169_00000014,low_light_seq169,low_light,train,train,train/LOWLIGHT/rgb/169/00000014_rgb.png,train/LOWLIGHT/nir/169/00000014_nir.png,train/LOWLIGHT/gtSeg/169/00000014_mask.json,2048,1536
low_light_seq169_00000015,low_light_seq169,low_light,train,train,train/LOWLIGHT/rgb/169/00000015_rgb.png,train/LOWLIGHT/nir/169/00000015_nir.png,train/LOWLIGHT/gtSeg/169/00000015_mask.json,2048,1536
low_light_seq169_00000016,low_light_seq169,low_light,train,train,train/LOWLIGHT/rgb/169/00000016_rgb.png,train/LOWLIGHT/nir/169/00000016_nir.png,train/LOWLIGHT/gtSeg/169/00000016_mask.json,2048,1536
low_light_seq169_00000017,low_light_seq169,low_light,train,train,train/LOWLIGHT/rgb/169/00000017_rgb.png,train/LOWLIGHT/nir/169/00000017_nir.png,train/LOWLIGHT/gtSeg/169/00000017_mask.json,2048,1536
low_light_seq169_00000018,low_light_seq169,low_light,train,train,train/LOWLIGHT/rgb/169/00000018_rgb.png,train/LOWLIGHT/nir/169/00000018_nir.png,train/LOWLIGHT/gtSeg/169/00000018_mask.json,2048,1536
low_light_seq169_00000019,low_light_seq169,low_light,train,train,train/LOWLIGHT/rgb/169/00000019_rgb.png,train/LOWLIGHT/nir/169/00000019_nir.png,train/LOWLIGHT/gtSeg/169/00000019_mask.json,2048,1536
low_light_seq170_00000000,low_light_seq170,low_light,train,train,train/LOWLIGHT/rgb/170/00000000_rgb.png,train/LOWLIGHT/nir/170/00000000_nir.png,train/LOWLIGHT/gtSeg/170/00000000_mask.json,2048,1536
low_light_seq170_00000001,low_light_seq170,low_light,train,train,train/LOWLIGHT/rgb/170/00000001_rgb.png,train/LOWLIGHT/nir/170/00000001_nir.png,train/LOWLIGHT/gtSeg/170/00000001_mask.json,2048,1536
low_light_seq170_00000002,low_light_seq170,low_light,train,train,train/LOWLIGHT/rgb/170/00000002_rgb.png,train/LOWLIGHT/nir/170/00000002_nir.png,train/LOWLIGHT/gtSeg/170/00000002_mask.json,2048,1536
low_light_seq170_00000003,low_light_seq170,low_light,train,train,train/LOWLIGHT/rgb/170/00000003_rgb.png,train/LOWLIGHT/nir/170/00000003_nir.png,train/LOWLIGHT/gtSeg/170/00000003_mask.json,2048,1536
low_light_seq170_00000004,low_light_seq170,low_light,train,train,train/LOWLIGHT/rgb/170/00000004_rgb.png,train/LOWLIGHT/nir/170/00000004_nir.png,train/LOWLIGHT/gtSeg/170/00000004_mask.json,2048,1536
low_light_seq170_00000005,low_light_seq170,low_light,train,train,train/LOWLIGHT/rgb/170/00000005_rgb.png,train/LOWLIGHT/nir/170/00000005_nir.png,train/LOWLIGHT/gtSeg/170/00000005_mask.json,2048,1536
low_light_seq170_00000006,low_light_seq170,low_light,train,train,train/LOWLIGHT/rgb/170/00000006_rgb.png,train/LOWLIGHT/nir/170/00000006_nir.png,train/LOWLIGHT/gtSeg/170/00000006_mask.json,2048,1536
low_light_seq170_00000007,low_light_seq170,low_light,train,train,train/LOWLIGHT/rgb/170/00000007_rgb.png,train/LOWLIGHT/nir/170/00000007_nir.png,train/LOWLIGHT/gtSeg/170/00000007_mask.json,2048,1536
low_light_seq170_00000008,low_light_seq170,low_light,train,train,train/LOWLIGHT/rgb/170/00000008_rgb.png,train/LOWLIGHT/nir/170/00000008_nir.png,train/LOWLIGHT/gtSeg/170/00000008_mask.json,2048,1536
low_light_seq170_00000009,low_light_seq170,low_light,train,train,train/LOWLIGHT/rgb/170/00000009_rgb.png,train/LOWLIGHT/nir/170/00000009_nir.png,train/LOWLIGHT/gtSeg/170/00000009_mask.json,2048,1536
low_light_seq170_00000010,low_light_seq170,low_light,train,train,train/LOWLIGHT/rgb/170/00000010_rgb.png,train/LOWLIGHT/nir/170/00000010_nir.png,train/LOWLIGHT/gtSeg/170/00000010_mask.json,2048,1536
low_light_seq170_00000011,low_light_seq170,low_light,train,train,train/LOWLIGHT/rgb/170/00000011_rgb.png,train/LOWLIGHT/nir/170/00000011_nir.png,train/LOWLIGHT/gtSeg/170/00000011_mask.json,2048,1536
low_light_seq170_00000012,low_light_seq170,low_light,train,train,train/LOWLIGHT/rgb/170/00000012_rgb.png,train/LOWLIGHT/nir/170/00000012_nir.png,train/LOWLIGHT/gtSeg/170/00000012_mask.json,2048,1536
low_light_seq170_00000013,low_light_seq170,low_light,train,train,train/LOWLIGHT/rgb/170/00000013_rgb.png,train/LOWLIGHT/nir/170/00000013_nir.png,train/LOWLIGHT/gtSeg/170/00000013_mask.json,2048,1536
low_light_seq170_00000014,low_light_seq170,low_light,train,train,train/LOWLIGHT/rgb/170/00000014_rgb.png,train/LOWLIGHT/nir/170/00000014_nir.png,train/LOWLIGHT/gtSeg/170/00000014_mask.json,2048,1536
low_light_seq170_00000015,low_light_seq170,low_light,train,train,train/LOWLIGHT/rgb/170/00000015_rgb.png,train/LOWLIGHT/nir/170/00000015_nir.png,train/LOWLIGHT/gtSeg/170/00000015_mask.json,2048,1536
low_light_seq170_00000016,low_light_seq170,low_light,train,train,train/LOWLIGHT/rgb/170/00000016_rgb.png,train/LOWLIGHT/nir/170/00000016_nir.png,train/LOWLIGHT/gtSeg/170/00000016_mask.json,2048,1536
low_light_seq170_00000017,low_light_seq170,low_light,train,train,train/LOWLIGHT/rgb/170/00000017_rgb.png,train/LOWLIGHT/nir/170/00000017_nir.png,train/LOWLIGHT/gtSeg/170/00000017_mask.json,2048,1536
low_light_seq170_00000018,low_light_seq170,low_light,train,train,train/LOWLIGHT/rgb/170/00000018_rgb.png,train/LOWLIGHT/nir/170/00000018_nir.png,train/LOWLIGHT/gtSeg/170/00000018_mask.json,2048,1536
low_light_seq170_00000019,low_light_seq170,low_light,train,train,train/LOWLIGHT/rgb/170/00000019_rgb.png,train/LOWLIGHT/nir/170/00000019_nir.png,train/LOWLIGHT/gtSeg/170/00000019_mask.json,2048,1536
low_light_seq170_00000020,low_light_seq170,low_light,train,train,train/LOWLIGHT/rgb/170/00000020_rgb.png,train/LOWLIGHT/nir/170/00000020_nir.png,train/LOWLIGHT/gtSeg/170/00000020_mask.json,2048,1536
low_light_seq170_00000021,low_light_seq170,low_light,train,train,train/LOWLIGHT/rgb/170/00000021_rgb.png,train/LOWLIGHT/nir/170/00000021_nir.png,train/LOWLIGHT/gtSeg/170/00000021_mask.json,2048,1536
low_light_seq170_00000022,low_light_seq170,low_light,train,train,train/LOWLIGHT/rgb/170/00000022_rgb.png,train/LOWLIGHT/nir/170/00000022_nir.png,train/LOWLIGHT/gtSeg/170/00000022_mask.json,2048,1536
low_light_seq170_00000023,low_light_seq170,low_light,train,train,train/LOWLIGHT/rgb/170/00000023_rgb.png,train/LOWLIGHT/nir/170/00000023_nir.png,train/LOWLIGHT/gtSeg/170/00000023_mask.json,2048,1536
low_light_seq170_00000024,low_light_seq170,low_light,train,train,train/LOWLIGHT/rgb/170/00000024_rgb.png,train/LOWLIGHT/nir/170/00000024_nir.png,train/LOWLIGHT/gtSeg/170/00000024_mask.json,2048,1536
low_light_seq170_00000025,low_light_seq170,low_light,train,train,train/LOWLIGHT/rgb/170/00000025_rgb.png,train/LOWLIGHT/nir/170/00000025_nir.png,train/LOWLIGHT/gtSeg/170/00000025_mask.json,2048,1536
low_light_seq170_00000026,low_light_seq170,low_light,train,train,train/LOWLIGHT/rgb/170/00000026_rgb.png,train/LOWLIGHT/nir/170/00000026_nir.png,train/LOWLIGHT/gtSeg/170/00000026_mask.json,2048,1536
low_light_seq170_00000027,low_light_seq170,low_light,train,train,train/LOWLIGHT/rgb/170/00000027_rgb.png,train/LOWLIGHT/nir/170/00000027_nir.png,train/LOWLIGHT/gtSeg/170/00000027_mask.json,2048,1536
low_light_seq170_00000028,low_light_seq170,low_light,train,train,train/LOWLIGHT/rgb/170/00000028_rgb.png,train/LOWLIGHT/nir/170/00000028_nir.png,train/LOWLIGHT/gtSeg/170/00000028_mask.json,2048,1536
low_light_seq170_00000029,low_light_seq170,low_light,train,train,train/LOWLIGHT/rgb/170/00000029_rgb.png,train/LOWLIGHT/nir/170/00000029_nir.png,train/LOWLIGHT/gtSeg/170/00000029_mask.json,2048,1536
low_light_seq170_00000030,low_light_seq170,low_light,train,train,train/LOWLIGHT/rgb/170/00000030_rgb.png,train/LOWLIGHT/nir/170/00000030_nir.png,train/LOWLIGHT/gtSeg/170/00000030_mask.json,2048,1536
low_light_seq170_00000031,low_light_seq170,low_light,train,train,train/LOWLIGHT/rgb/170/00000031_rgb.png,train/LOWLIGHT/nir/170/00000031_nir.png,train/LOWLIGHT/gtSeg/170/00000031_mask.json,2048,1536
low_light_seq170_00000032,low_light_seq170,low_light,train,train,train/LOWLIGHT/rgb/170/00000032_rgb.png,train/LOWLIGHT/nir/170/00000032_nir.png,train/LOWLIGHT/gtSeg/170/00000032_mask.json,2048,1536
low_light_seq170_00000033,low_light_seq170,low_light,train,train,train/LOWLIGHT/rgb/170/00000033_rgb.png,train/LOWLIGHT/nir/170/00000033_nir.png,train/LOWLIGHT/gtSeg/170/00000033_mask.json,2048,1536
low_light_seq170_00000034,low_light_seq170,low_light,train,train,train/LOWLIGHT/rgb/170/00000034_rgb.png,train/LOWLIGHT/nir/170/00000034_nir.png,train/LOWLIGHT/gtSeg/170/00000034_mask.json,2048,1536
low_light_seq170_00000035,low_light_seq170,low_light,train,train,train/LOWLIGHT/rgb/170/00000035_rgb.png,train/LOWLIGHT/nir/170/00000035_nir.png,train/LOWLIGHT/gtSeg/170/00000035_mask.json,2048,1536
low_light_seq170_00000036,low_light_seq170,low_light,train,train,train/LOWLIGHT/rgb/170/00000036_rgb.png,train/LOWLIGHT/nir/170/00000036_nir.png,train/LOWLIGHT/gtSeg/170/00000036_mask.json,2048,1536
low_light_seq170_00000037,low_light_seq170,low_light,train,train,train/LOWLIGHT/rgb/170/00000037_rgb.png,train/LOWLIGHT/nir/170/00000037_nir.png,train/LOWLIGHT/gtSeg/170/00000037_mask.json,2048,1536
low_light_seq170_00000038,low_light_seq170,low_light,train,train,train/LOWLIGHT/rgb/170/00000038_rgb.png,train/LOWLIGHT/nir/170/00000038_nir.png,train/LOWLIGHT/gtSeg/170/00000038_mask.json,2048,1536
low_light_seq170_00000039,low_light_seq170,low_light,train,train,train/LOWLIGHT/rgb/170/00000039_rgb.png,train/LOWLIGHT/nir/170/00000039_nir.png,train/LOWLIGHT/gtSeg/170/00000039_mask.json,2048,1536
low_light_seq170_00000040,low_light_seq170,low_light,train,train,train/LOWLIGHT/rgb/170/00000040_rgb.png,train/LOWLIGHT/nir/170/00000040_nir.png,train/LOWLIGHT/gtSeg/170/00000040_mask.json,2048,1536
low_light_seq170_00000041,low_light_seq170,low_light,train,train,train/LOWLIGHT/rgb/170/00000041_rgb.png,train/LOWLIGHT/nir/170/00000041_nir.png,train/LOWLIGHT/gtSeg/170/00000041_mask.json,2048,1536
low_light_seq170_00000042,low_light_seq170,low_light,train,train,train/LOWLIGHT/rgb/170/00000042_rgb.png,train/LOWLIGHT/nir/170/00000042_nir.png,train/LOWLIGHT/gtSeg/170/00000042_mask.json,2048,1536
low_light_seq170_00000043,low_light_seq170,low_light,train,train,train/LOWLIGHT/rgb/170/00000043_rgb.png,train/LOWLIGHT/nir/170/00000043_nir.png,train/LOWLIGHT/gtSeg/170/00000043_mask.json,2048,1536
low_light_seq170_00000044,low_light_seq170,low_light,train,train,train/LOWLIGHT/rgb/170/00000044_rgb.png,train/LOWLIGHT/nir/170/00000044_nir.png,train/LOWLIGHT/gtSeg/170/00000044_mask.json,2048,1536
low_light_seq170_00000045,low_light_seq170,low_light,train,train,train/LOWLIGHT/rgb/170/00000045_rgb.png,train/LOWLIGHT/nir/170/00000045_nir.png,train/LOWLIGHT/gtSeg/170/00000045_mask.json,2048,1536
low_light_seq170_00000046,low_light_seq170,low_light,train,train,train/LOWLIGHT/rgb/170/00000046_rgb.png,train/LOWLIGHT/nir/170/00000046_nir.png,train/LOWLIGHT/gtSeg/170/00000046_mask.json,2048,1536
low_light_seq170_00000047,low_light_seq170,low_light,train,train,train/LOWLIGHT/rgb/170/00000047_rgb.png,train/LOWLIGHT/nir/170/00000047_nir.png,train/LOWLIGHT/gtSeg/170/00000047_mask.json,2048,1536
low_light_seq171_00000000,low_light_seq171,low_light,train,val,train/LOWLIGHT/rgb/171/00000000_rgb.png,train/LOWLIGHT/nir/171/00000000_nir.png,train/LOWLIGHT/gtSeg/171/00000000_mask.json,2048,1536
low_light_seq171_00000001,low_light_seq171,low_light,train,val,train/LOWLIGHT/rgb/171/00000001_rgb.png,train/LOWLIGHT/nir/171/00000001_nir.png,train/LOWLIGHT/gtSeg/171/00000001_mask.json,2048,1536
low_light_seq171_00000002,low_light_seq171,low_light,train,val,train/LOWLIGHT/rgb/171/00000002_rgb.png,train/LOWLIGHT/nir/171/00000002_nir.png,train/LOWLIGHT/gtSeg/171/00000002_mask.json,2048,1536
low_light_seq171_00000003,low_light_seq171,low_light,train,val,train/LOWLIGHT/rgb/171/00000003_rgb.png,train/LOWLIGHT/nir/171/00000003_nir.png,train/LOWLIGHT/gtSeg/171/00000003_mask.json,2048,1536
low_light_seq171_00000004,low_light_seq171,low_light,train,val,train/LOWLIGHT/rgb/171/00000004_rgb.png,train/LOWLIGHT/nir/171/00000004_nir.png,train/LOWLIGHT/gtSeg/171/00000004_mask.json,2048,1536
low_light_seq171_00000005,low_light_seq171,low_light,train,val,train/LOWLIGHT/rgb/171/00000005_rgb.png,train/LOWLIGHT/nir/171/00000005_nir.png,train/LOWLIGHT/gtSeg/171/00000005_mask.json,2048,1536
low_light_seq171_00000006,low_light_seq171,low_light,train,val,train/LOWLIGHT/rgb/171/00000006_rgb.png,train/LOWLIGHT/nir/171/00000006_nir.png,train/LOWLIGHT/gtSeg/171/00000006_mask.json,2048,1536
low_light_seq171_00000007,low_light_seq171,low_light,train,val,train/LOWLIGHT/rgb/171/00000007_rgb.png,train/LOWLIGHT/nir/171/00000007_nir.png,train/LOWLIGHT/gtSeg/171/00000007_mask.json,2048,1536
low_light_seq171_00000008,low_light_seq171,low_light,train,val,train/LOWLIGHT/rgb/171/00000008_rgb.png,train/LOWLIGHT/nir/171/00000008_nir.png,train/LOWLIGHT/gtSeg/171/00000008_mask.json,2048,1536
low_light_seq171_00000009,low_light_seq171,low_light,train,val,train/LOWLIGHT/rgb/171/00000009_rgb.png,train/LOWLIGHT/nir/171/00000009_nir.png,train/LOWLIGHT/gtSeg/171/00000009_mask.json,2048,1536
low_light_seq171_00000010,low_light_seq171,low_light,train,val,train/LOWLIGHT/rgb/171/00000010_rgb.png,train/LOWLIGHT/nir/171/00000010_nir.png,train/LOWLIGHT/gtSeg/171/00000010_mask.json,2048,1536
low_light_seq171_00000011,low_light_seq171,low_light,train,val,train/LOWLIGHT/rgb/171/00000011_rgb.png,train/LOWLIGHT/nir/171/00000011_nir.png,train/LOWLIGHT/gtSeg/171/00000011_mask.json,2048,1536
low_light_seq171_00000012,low_light_seq171,low_light,train,val,train/LOWLIGHT/rgb/171/00000012_rgb.png,train/LOWLIGHT/nir/171/00000012_nir.png,train/LOWLIGHT/gtSeg/171/00000012_mask.json,2048,1536
low_light_seq171_00000013,low_light_seq171,low_light,train,val,train/LOWLIGHT/rgb/171/00000013_rgb.png,train/LOWLIGHT/nir/171/00000013_nir.png,train/LOWLIGHT/gtSeg/171/00000013_mask.json,2048,1536
low_light_seq171_00000014,low_light_seq171,low_light,train,val,train/LOWLIGHT/rgb/171/00000014_rgb.png,train/LOWLIGHT/nir/171/00000014_nir.png,train/LOWLIGHT/gtSeg/171/00000014_mask.json,2048,1536
low_light_seq171_00000015,low_light_seq171,low_light,train,val,train/LOWLIGHT/rgb/171/00000015_rgb.png,train/LOWLIGHT/nir/171/00000015_nir.png,train/LOWLIGHT/gtSeg/171/00000015_mask.json,2048,1536
low_light_seq171_00000016,low_light_seq171,low_light,train,val,train/LOWLIGHT/rgb/171/00000016_rgb.png,train/LOWLIGHT/nir/171/00000016_nir.png,train/LOWLIGHT/gtSeg/171/00000016_mask.json,2048,1536
low_light_seq171_00000017,low_light_seq171,low_light,train,val,train/LOWLIGHT/rgb/171/00000017_rgb.png,train/LOWLIGHT/nir/171/00000017_nir.png,train/LOWLIGHT/gtSeg/171/00000017_mask.json,2048,1536
low_light_seq171_00000018,low_light_seq171,low_light,train,val,train/LOWLIGHT/rgb/171/00000018_rgb.png,train/LOWLIGHT/nir/171/00000018_nir.png,train/LOWLIGHT/gtSeg/171/00000018_mask.json,2048,1536
low_light_seq171_00000019,low_light_seq171,low_light,train,val,train/LOWLIGHT/rgb/171/00000019_rgb.png,train/LOWLIGHT/nir/171/00000019_nir.png,train/LOWLIGHT/gtSeg/171/00000019_mask.json,2048,1536
low_light_seq171_00000020,low_light_seq171,low_light,train,val,train/LOWLIGHT/rgb/171/00000020_rgb.png,train/LOWLIGHT/nir/171/00000020_nir.png,train/LOWLIGHT/gtSeg/171/00000020_mask.json,2048,1536
low_light_seq171_00000021,low_light_seq171,low_light,train,val,train/LOWLIGHT/rgb/171/00000021_rgb.png,train/LOWLIGHT/nir/171/00000021_nir.png,train/LOWLIGHT/gtSeg/171/00000021_mask.json,2048,1536
low_light_seq171_00000022,low_light_seq171,low_light,train,val,train/LOWLIGHT/rgb/171/00000022_rgb.png,train/LOWLIGHT/nir/171/00000022_nir.png,train/LOWLIGHT/gtSeg/171/00000022_mask.json,2048,1536
low_light_seq171_00000023,low_light_seq171,low_light,train,val,train/LOWLIGHT/rgb/171/00000023_rgb.png,train/LOWLIGHT/nir/171/00000023_nir.png,train/LOWLIGHT/gtSeg/171/00000023_mask.json,2048,1536
low_light_seq171_00000024,low_light_seq171,low_light,train,val,train/LOWLIGHT/rgb/171/00000024_rgb.png,train/LOWLIGHT/nir/171/00000024_nir.png,train/LOWLIGHT/gtSeg/171/00000024_mask.json,2048,1536
low_light_seq171_00000025,low_light_seq171,low_light,train,val,train/LOWLIGHT/rgb/171/00000025_rgb.png,train/LOWLIGHT/nir/171/00000025_nir.png,train/LOWLIGHT/gtSeg/171/00000025_mask.json,2048,1536
low_light_seq171_00000026,low_light_seq171,low_light,train,val,train/LOWLIGHT/rgb/171/00000026_rgb.png,train/LOWLIGHT/nir/171/00000026_nir.png,train/LOWLIGHT/gtSeg/171/00000026_mask.json,2048,1536
low_light_seq171_00000027,low_light_seq171,low_light,train,val,train/LOWLIGHT/rgb/171/00000027_rgb.png,train/LOWLIGHT/nir/171/00000027_nir.png,train/LOWLIGHT/gtSeg/171/00000027_mask.json,2048,1536
low_light_seq171_00000028,low_light_seq171,low_light,train,val,train/LOWLIGHT/rgb/171/00000028_rgb.png,train/LOWLIGHT/nir/171/00000028_nir.png,train/LOWLIGHT/gtSeg/171/00000028_mask.json,2048,1536
low_light_seq171_00000029,low_light_seq171,low_light,train,val,train/LOWLIGHT/rgb/171/00000029_rgb.png,train/LOWLIGHT/nir/171/00000029_nir.png,train/LOWLIGHT/gtSeg/171/00000029_mask.json,2048,1536
low_light_seq171_00000030,low_light_seq171,low_light,train,val,train/LOWLIGHT/rgb/171/00000030_rgb.png,train/LOWLIGHT/nir/171/00000030_nir.png,train/LOWLIGHT/gtSeg/171/00000030_mask.json,2048,1536
low_light_seq171_00000031,low_light_seq171,low_light,train,val,train/LOWLIGHT/rgb/171/00000031_rgb.png,train/LOWLIGHT/nir/171/00000031_nir.png,train/LOWLIGHT/gtSeg/171/00000031_mask.json,2048,1536
low_light_seq173_00000000,low_light_seq173,low_light,train,test,train/LOWLIGHT/rgb/173/00000000_rgb.png,train/LOWLIGHT/nir/173/00000000_nir.png,train/LOWLIGHT/gtSeg/173/00000000_mask.json,2048,1536
low_light_seq173_00000001,low_light_seq173,low_light,train,test,train/LOWLIGHT/rgb/173/00000001_rgb.png,train/LOWLIGHT/nir/173/00000001_nir.png,train/LOWLIGHT/gtSeg/173/00000001_mask.json,2048,1536
low_light_seq173_00000002,low_light_seq173,low_light,train,test,train/LOWLIGHT/rgb/173/00000002_rgb.png,train/LOWLIGHT/nir/173/00000002_nir.png,train/LOWLIGHT/gtSeg/173/00000002_mask.json,2048,1536
low_light_seq173_00000003,low_light_seq173,low_light,train,test,train/LOWLIGHT/rgb/173/00000003_rgb.png,train/LOWLIGHT/nir/173/00000003_nir.png,train/LOWLIGHT/gtSeg/173/00000003_mask.json,2048,1536
low_light_seq173_00000004,low_light_seq173,low_light,train,test,train/LOWLIGHT/rgb/173/00000004_rgb.png,train/LOWLIGHT/nir/173/00000004_nir.png,train/LOWLIGHT/gtSeg/173/00000004_mask.json,2048,1536
low_light_seq173_00000005,low_light_seq173,low_light,train,test,train/LOWLIGHT/rgb/173/00000005_rgb.png,train/LOWLIGHT/nir/173/00000005_nir.png,train/LOWLIGHT/gtSeg/173/00000005_mask.json,2048,1536
low_light_seq173_00000006,low_light_seq173,low_light,train,test,train/LOWLIGHT/rgb/173/00000006_rgb.png,train/LOWLIGHT/nir/173/00000006_nir.png,train/LOWLIGHT/gtSeg/173/00000006_mask.json,2048,1536
low_light_seq173_00000007,low_light_seq173,low_light,train,test,train/LOWLIGHT/rgb/173/00000007_rgb.png,train/LOWLIGHT/nir/173/00000007_nir.png,train/LOWLIGHT/gtSeg/173/00000007_mask.json,2048,1536
low_light_seq173_00000008,low_light_seq173,low_light,train,test,train/LOWLIGHT/rgb/173/00000008_rgb.png,train/LOWLIGHT/nir/173/00000008_nir.png,train/LOWLIGHT/gtSeg/173/00000008_mask.json,2048,1536
low_light_seq173_00000009,low_light_seq173,low_light,train,test,train/LOWLIGHT/rgb/173/00000009_rgb.png,train/LOWLIGHT/nir/173/00000009_nir.png,train/LOWLIGHT/gtSeg/173/00000009_mask.json,2048,1536
low_light_seq173_00000010,low_light_seq173,low_light,train,test,train/LOWLIGHT/rgb/173/00000010_rgb.png,train/LOWLIGHT/nir/173/00000010_nir.png,train/LOWLIGHT/gtSeg/173/00000010_mask.json,2048,1536
low_light_seq173_00000011,low_light_seq173,low_light,train,test,train/LOWLIGHT/rgb/173/00000011_rgb.png,train/LOWLIGHT/nir/173/00000011_nir.png,train/LOWLIGHT/gtSeg/173/00000011_mask.json,2048,1536
low_light_seq173_00000012,low_light_seq173,low_light,train,test,train/LOWLIGHT/rgb/173/00000012_rgb.png,train/LOWLIGHT/nir/173/00000012_nir.png,train/LOWLIGHT/gtSeg/173/00000012_mask.json,2048,1536
low_light_seq173_00000013,low_light_seq173,low_light,train,test,train/LOWLIGHT/rgb/173/00000013_rgb.png,train/LOWLIGHT/nir/173/00000013_nir.png,train/LOWLIGHT/gtSeg/173/00000013_mask.json,2048,1536
low_light_seq173_00000014,low_light_seq173,low_light,train,test,train/LOWLIGHT/rgb/173/00000014_rgb.png,train/LOWLIGHT/nir/173/00000014_nir.png,train/LOWLIGHT/gtSeg/173/00000014_mask.json,2048,1536
low_light_seq173_00000015,low_light_seq173,low_light,train,test,train/LOWLIGHT/rgb/173/00000015_rgb.png,train/LOWLIGHT/nir/173/00000015_nir.png,train/LOWLIGHT/gtSeg/173/00000015_mask.json,2048,1536
low_light_seq173_00000016,low_light_seq173,low_light,train,test,train/LOWLIGHT/rgb/173/00000016_rgb.png,train/LOWLIGHT/nir/173/00000016_nir.png,train/LOWLIGHT/gtSeg/173/00000016_mask.json,2048,1536
low_light_seq173_00000017,low_light_seq173,low_light,train,test,train/LOWLIGHT/rgb/173/00000017_rgb.png,train/LOWLIGHT/nir/173/00000017_nir.png,train/LOWLIGHT/gtSeg/173/00000017_mask.json,2048,1536
low_light_seq173_00000018,low_light_seq173,low_light,train,test,train/LOWLIGHT/rgb/173/00000018_rgb.png,train/LOWLIGHT/nir/173/00000018_nir.png,train/LOWLIGHT/gtSeg/173/00000018_mask.json,2048,1536
low_light_seq173_00000019,low_light_seq173,low_light,train,test,train/LOWLIGHT/rgb/173/00000019_rgb.png,train/LOWLIGHT/nir/173/00000019_nir.png,train/LOWLIGHT/gtSeg/173/00000019_mask.json,2048,1536
low_light_seq173_00000020,low_light_seq173,low_light,train,test,train/LOWLIGHT/rgb/173/00000020_rgb.png,train/LOWLIGHT/nir/173/00000020_nir.png,train/LOWLIGHT/gtSeg/173/00000020_mask.json,2048,1536
low_light_seq173_00000021,low_light_seq173,low_light,train,test,train/LOWLIGHT/rgb/173/00000021_rgb.png,train/LOWLIGHT/nir/173/00000021_nir.png,train/LOWLIGHT/gtSeg/173/00000021_mask.json,2048,1536
low_light_seq173_00000022,low_light_seq173,low_light,train,test,train/LOWLIGHT/rgb/173/00000022_rgb.png,train/LOWLIGHT/nir/173/00000022_nir.png,train/LOWLIGHT/gtSeg/173/00000022_mask.json,2048,1536
low_light_seq173_00000023,low_light_seq173,low_light,train,test,train/LOWLIGHT/rgb/173/00000023_rgb.png,train/LOWLIGHT/nir/173/00000023_nir.png,train/LOWLIGHT/gtSeg/173/00000023_mask.json,2048,1536
low_light_seq173_00000024,low_light_seq173,low_light,train,test,train/LOWLIGHT/rgb/173/00000024_rgb.png,train/LOWLIGHT/nir/173/00000024_nir.png,train/LOWLIGHT/gtSeg/173/00000024_mask.json,2048,1536
low_light_seq173_00000025,low_light_seq173,low_light,train,test,train/LOWLIGHT/rgb/173/00000025_rgb.png,train/LOWLIGHT/nir/173/00000025_nir.png,train/LOWLIGHT/gtSeg/173/00000025_mask.json,2048,1536
low_light_seq173_00000026,low_light_seq173,low_light,train,test,train/LOWLIGHT/rgb/173/00000026_rgb.png,train/LOWLIGHT/nir/173/00000026_nir.png,train/LOWLIGHT/gtSeg/173/00000026_mask.json,2048,1536
low_light_seq174_00000000,low_light_seq174,low_light,val,test,val/LOWLIGHT/rgb/174/00000000_rgb.png,val/LOWLIGHT/nir/174/00000000_nir.png,val/LOWLIGHT/gtSeg/174/00000000_mask.json,2048,1536
low_light_seq174_00000001,low_light_seq174,low_light,val,test,val/LOWLIGHT/rgb/174/00000001_rgb.png,val/LOWLIGHT/nir/174/00000001_nir.png,val/LOWLIGHT/gtSeg/174/00000001_mask.json,2048,1536
low_light_seq174_00000002,low_light_seq174,low_light,val,test,val/LOWLIGHT/rgb/174/00000002_rgb.png,val/LOWLIGHT/nir/174/00000002_nir.png,val/LOWLIGHT/gtSeg/174/00000002_mask.json,2048,1536
low_light_seq174_00000003,low_light_seq174,low_light,val,test,val/LOWLIGHT/rgb/174/00000003_rgb.png,val/LOWLIGHT/nir/174/00000003_nir.png,val/LOWLIGHT/gtSeg/174/00000003_mask.json,2048,1536
low_light_seq174_00000004,low_light_seq174,low_light,val,test,val/LOWLIGHT/rgb/174/00000004_rgb.png,val/LOWLIGHT/nir/174/00000004_nir.png,val/LOWLIGHT/gtSeg/174/00000004_mask.json,2048,1536
low_light_seq174_00000005,low_light_seq174,low_light,val,test,val/LOWLIGHT/rgb/174/00000005_rgb.png,val/LOWLIGHT/nir/174/00000005_nir.png,val/LOWLIGHT/gtSeg/174/00000005_mask.json,2048,1536
low_light_seq174_00000006,low_light_seq174,low_light,val,test,val/LOWLIGHT/rgb/174/00000006_rgb.png,val/LOWLIGHT/nir/174/00000006_nir.png,val/LOWLIGHT/gtSeg/174/00000006_mask.json,2048,1536
low_light_seq174_00000007,low_light_seq174,low_light,val,test,val/LOWLIGHT/rgb/174/00000007_rgb.png,val/LOWLIGHT/nir/174/00000007_nir.png,val/LOWLIGHT/gtSeg/174/00000007_mask.json,2048,1536
low_light_seq174_00000008,low_light_seq174,low_light,val,test,val/LOWLIGHT/rgb/174/00000008_rgb.png,val/LOWLIGHT/nir/174/00000008_nir.png,val/LOWLIGHT/gtSeg/174/00000008_mask.json,2048,1536
low_light_seq174_00000009,low_light_seq174,low_light,val,test,val/LOWLIGHT/rgb/174/00000009_rgb.png,val/LOWLIGHT/nir/174/00000009_nir.png,val/LOWLIGHT/gtSeg/174/00000009_mask.json,2048,1536
low_light_seq174_00000010,low_light_seq174,low_light,val,test,val/LOWLIGHT/rgb/174/00000010_rgb.png,val/LOWLIGHT/nir/174/00000010_nir.png,val/LOWLIGHT/gtSeg/174/00000010_mask.json,2048,1536
low_light_seq174_00000011,low_light_seq174,low_light,val,test,val/LOWLIGHT/rgb/174/00000011_rgb.png,val/LOWLIGHT/nir/174/00000011_nir.png,val/LOWLIGHT/gtSeg/174/00000011_mask.json,2048,1536
low_light_seq174_00000012,low_light_seq174,low_light,val,test,val/LOWLIGHT/rgb/174/00000012_rgb.png,val/LOWLIGHT/nir/174/00000012_nir.png,val/LOWLIGHT/gtSeg/174/00000012_mask.json,2048,1536
low_light_seq174_00000013,low_light_seq174,low_light,val,test,val/LOWLIGHT/rgb/174/00000013_rgb.png,val/LOWLIGHT/nir/174/00000013_nir.png,val/LOWLIGHT/gtSeg/174/00000013_mask.json,2048,1536
low_light_seq174_00000014,low_light_seq174,low_light,val,test,val/LOWLIGHT/rgb/174/00000014_rgb.png,val/LOWLIGHT/nir/174/00000014_nir.png,val/LOWLIGHT/gtSeg/174/00000014_mask.json,2048,1536
low_light_seq174_00000015,low_light_seq174,low_light,val,test,val/LOWLIGHT/rgb/174/00000015_rgb.png,val/LOWLIGHT/nir/174/00000015_nir.png,val/LOWLIGHT/gtSeg/174/00000015_mask.json,2048,1536
low_light_seq174_00000016,low_light_seq174,low_light,val,test,val/LOWLIGHT/rgb/174/00000016_rgb.png,val/LOWLIGHT/nir/174/00000016_nir.png,val/LOWLIGHT/gtSeg/174/00000016_mask.json,2048,1536
low_light_seq174_00000017,low_light_seq174,low_light,val,test,val/LOWLIGHT/rgb/174/00000017_rgb.png,val/LOWLIGHT/nir/174/00000017_nir.png,val/LOWLIGHT/gtSeg/174/00000017_mask.json,2048,1536
low_light_seq174_00000018,low_light_seq174,low_light,val,test,val/LOWLIGHT/rgb/174/00000018_rgb.png,val/LOWLIGHT/nir/174/00000018_nir.png,val/LOWLIGHT/gtSeg/174/00000018_mask.json,2048,1536
low_light_seq174_00000019,low_light_seq174,low_light,val,test,val/LOWLIGHT/rgb/174/00000019_rgb.png,val/LOWLIGHT/nir/174/00000019_nir.png,val/LOWLIGHT/gtSeg/174/00000019_mask.json,2048,1536
low_light_seq174_00000020,low_light_seq174,low_light,val,test,val/LOWLIGHT/rgb/174/00000020_rgb.png,val/LOWLIGHT/nir/174/00000020_nir.png,val/LOWLIGHT/gtSeg/174/00000020_mask.json,2048,1536
low_light_seq174_00000021,low_light_seq174,low_light,val,test,val/LOWLIGHT/rgb/174/00000021_rgb.png,val/LOWLIGHT/nir/174/00000021_nir.png,val/LOWLIGHT/gtSeg/174/00000021_mask.json,2048,1536
low_light_seq175_00000000,low_light_seq175,low_light,train,test,train/LOWLIGHT/rgb/175/00000000_rgb.png,train/LOWLIGHT/nir/175/00000000_nir.png,train/LOWLIGHT/gtSeg/175/00000000_mask.json,2048,1536
low_light_seq175_00000001,low_light_seq175,low_light,train,test,train/LOWLIGHT/rgb/175/00000001_rgb.png,train/LOWLIGHT/nir/175/00000001_nir.png,train/LOWLIGHT/gtSeg/175/00000001_mask.json,2048,1536
low_light_seq175_00000002,low_light_seq175,low_light,train,test,train/LOWLIGHT/rgb/175/00000002_rgb.png,train/LOWLIGHT/nir/175/00000002_nir.png,train/LOWLIGHT/gtSeg/175/00000002_mask.json,2048,1536
low_light_seq175_00000003,low_light_seq175,low_light,train,test,train/LOWLIGHT/rgb/175/00000003_rgb.png,train/LOWLIGHT/nir/175/00000003_nir.png,train/LOWLIGHT/gtSeg/175/00000003_mask.json,2048,1536
low_light_seq175_00000004,low_light_seq175,low_light,train,test,train/LOWLIGHT/rgb/175/00000004_rgb.png,train/LOWLIGHT/nir/175/00000004_nir.png,train/LOWLIGHT/gtSeg/175/00000004_mask.json,2048,1536
low_light_seq175_00000005,low_light_seq175,low_light,train,test,train/LOWLIGHT/rgb/175/00000005_rgb.png,train/LOWLIGHT/nir/175/00000005_nir.png,train/LOWLIGHT/gtSeg/175/00000005_mask.json,2048,1536
low_light_seq175_00000006,low_light_seq175,low_light,train,test,train/LOWLIGHT/rgb/175/00000006_rgb.png,train/LOWLIGHT/nir/175/00000006_nir.png,train/LOWLIGHT/gtSeg/175/00000006_mask.json,2048,1536
low_light_seq175_00000007,low_light_seq175,low_light,train,test,train/LOWLIGHT/rgb/175/00000007_rgb.png,train/LOWLIGHT/nir/175/00000007_nir.png,train/LOWLIGHT/gtSeg/175/00000007_mask.json,2048,1536
low_light_seq175_00000008,low_light_seq175,low_light,train,test,train/LOWLIGHT/rgb/175/00000008_rgb.png,train/LOWLIGHT/nir/175/00000008_nir.png,train/LOWLIGHT/gtSeg/175/00000008_mask.json,2048,1536
low_light_seq175_00000009,low_light_seq175,low_light,train,test,train/LOWLIGHT/rgb/175/00000009_rgb.png,train/LOWLIGHT/nir/175/00000009_nir.png,train/LOWLIGHT/gtSeg/175/00000009_mask.json,2048,1536
low_light_seq175_00000010,low_light_seq175,low_light,train,test,train/LOWLIGHT/rgb/175/00000010_rgb.png,train/LOWLIGHT/nir/175/00000010_nir.png,train/LOWLIGHT/gtSeg/175/00000010_mask.json,2048,1536
low_light_seq175_00000011,low_light_seq175,low_light,train,test,train/LOWLIGHT/rgb/175/00000011_rgb.png,train/LOWLIGHT/nir/175/00000011_nir.png,train/LOWLIGHT/gtSeg/175/00000011_mask.json,2048,1536
low_light_seq175_00000012,low_light_seq175,low_light,train,test,train/LOWLIGHT/rgb/175/00000012_rgb.png,train/LOWLIGHT/nir/175/00000012_nir.png,train/LOWLIGHT/gtSeg/175/00000012_mask.json,2048,1536
low_light_seq175_00000013,low_light_seq175,low_light,train,test,train/LOWLIGHT/rgb/175/00000013_rgb.png,train/LOWLIGHT/nir/175/00000013_nir.png,train/LOWLIGHT/gtSeg/175/00000013_mask.json,2048,1536
low_light_seq175_00000014,low_light_seq175,low_light,train,test,train/LOWLIGHT/rgb/175/00000014_rgb.png,train/LOWLIGHT/nir/175/00000014_nir.png,train/LOWLIGHT/gtSeg/175/00000014_mask.json,2048,1536
low_light_seq175_00000015,low_light_seq175,low_light,train,test,train/LOWLIGHT/rgb/175/00000015_rgb.png,train/LOWLIGHT/nir/175/00000015_nir.png,train/LOWLIGHT/gtSeg/175/00000015_mask.json,2048,1536
low_light_seq175_00000016,low_light_seq175,low_light,train,test,train/LOWLIGHT/rgb/175/00000016_rgb.png,train/LOWLIGHT/nir/175/00000016_nir.png,train/LOWLIGHT/gtSeg/175/00000016_mask.json,2048,1536
low_light_seq175_00000017,low_light_seq175,low_light,train,test,train/LOWLIGHT/rgb/175/00000017_rgb.png,train/LOWLIGHT/nir/175/00000017_nir.png,train/LOWLIGHT/gtSeg/175/00000017_mask.json,2048,1536
low_light_seq175_00000018,low_light_seq175,low_light,train,test,train/LOWLIGHT/rgb/175/00000018_rgb.png,train/LOWLIGHT/nir/175/00000018_nir.png,train/LOWLIGHT/gtSeg/175/00000018_mask.json,2048,1536
low_light_seq175_00000019,low_light_seq175,low_light,train,test,train/LOWLIGHT/rgb/175/00000019_rgb.png,train/LOWLIGHT/nir/175/00000019_nir.png,train/LOWLIGHT/gtSeg/175/00000019_mask.json,2048,1536
low_light_seq175_00000020,low_light_seq175,low_light,train,test,train/LOWLIGHT/rgb/175/00000020_rgb.png,train/LOWLIGHT/nir/175/00000020_nir.png,train/LOWLIGHT/gtSeg/175/00000020_mask.json,2048,1536
low_light_seq175_00000021,low_light_seq175,low_light,train,test,train/LOWLIGHT/rgb/175/00000021_rgb.png,train/LOWLIGHT/nir/175/00000021_nir.png,train/LOWLIGHT/gtSeg/175/00000021_mask.json,2048,1536
low_light_seq175_00000022,low_light_seq175,low_light,train,test,train/LOWLIGHT/rgb/175/00000022_rgb.png,train/LOWLIGHT/nir/175/00000022_nir.png,train/LOWLIGHT/gtSeg/175/00000022_mask.json,2048,1536
low_light_seq175_00000023,low_light_seq175,low_light,train,test,train/LOWLIGHT/rgb/175/00000023_rgb.png,train/LOWLIGHT/nir/175/00000023_nir.png,train/LOWLIGHT/gtSeg/175/00000023_mask.json,2048,1536
low_light_seq175_00000024,low_light_seq175,low_light,train,test,train/LOWLIGHT/rgb/175/00000024_rgb.png,train/LOWLIGHT/nir/175/00000024_nir.png,train/LOWLIGHT/gtSeg/175/00000024_mask.json,2048,1536
low_light_seq175_00000025,low_light_seq175,low_light,train,test,train/LOWLIGHT/rgb/175/00000025_rgb.png,train/LOWLIGHT/nir/175/00000025_nir.png,train/LOWLIGHT/gtSeg/175/00000025_mask.json,2048,1536
low_light_seq175_00000026,low_light_seq175,low_light,train,test,train/LOWLIGHT/rgb/175/00000026_rgb.png,train/LOWLIGHT/nir/175/00000026_nir.png,train/LOWLIGHT/gtSeg/175/00000026_mask.json,2048,1536
low_light_seq175_00000027,low_light_seq175,low_light,train,test,train/LOWLIGHT/rgb/175/00000027_rgb.png,train/LOWLIGHT/nir/175/00000027_nir.png,train/LOWLIGHT/gtSeg/175/00000027_mask.json,2048,1536
low_light_seq175_00000029,low_light_seq175,low_light,train,test,train/LOWLIGHT/rgb/175/00000029_rgb.png,train/LOWLIGHT/nir/175/00000029_nir.png,train/LOWLIGHT/gtSeg/175/00000029_mask.json,2048,1536
low_light_seq175_00000030,low_light_seq175,low_light,train,test,train/LOWLIGHT/rgb/175/00000030_rgb.png,train/LOWLIGHT/nir/175/00000030_nir.png,train/LOWLIGHT/gtSeg/175/00000030_mask.json,2048,1536
low_light_seq175_00000031,low_light_seq175,low_light,train,test,train/LOWLIGHT/rgb/175/00000031_rgb.png,train/LOWLIGHT/nir/175/00000031_nir.png,train/LOWLIGHT/gtSeg/175/00000031_mask.json,2048,1536
low_light_seq175_00000032,low_light_seq175,low_light,train,test,train/LOWLIGHT/rgb/175/00000032_rgb.png,train/LOWLIGHT/nir/175/00000032_nir.png,train/LOWLIGHT/gtSeg/175/00000032_mask.json,2048,1536
low_light_seq175_00000033,low_light_seq175,low_light,train,test,train/LOWLIGHT/rgb/175/00000033_rgb.png,train/LOWLIGHT/nir/175/00000033_nir.png,train/LOWLIGHT/gtSeg/175/00000033_mask.json,2048,1536
low_light_seq175_00000034,low_light_seq175,low_light,train,test,train/LOWLIGHT/rgb/175/00000034_rgb.png,train/LOWLIGHT/nir/175/00000034_nir.png,train/LOWLIGHT/gtSeg/175/00000034_mask.json,2048,1536
low_light_seq175_00000035,low_light_seq175,low_light,train,test,train/LOWLIGHT/rgb/175/00000035_rgb.png,train/LOWLIGHT/nir/175/00000035_nir.png,train/LOWLIGHT/gtSeg/175/00000035_mask.json,2048,1536
low_light_seq175_00000036,low_light_seq175,low_light,train,test,train/LOWLIGHT/rgb/175/00000036_rgb.png,train/LOWLIGHT/nir/175/00000036_nir.png,train/LOWLIGHT/gtSeg/175/00000036_mask.json,2048,1536
low_light_seq175_00000037,low_light_seq175,low_light,train,test,train/LOWLIGHT/rgb/175/00000037_rgb.png,train/LOWLIGHT/nir/175/00000037_nir.png,train/LOWLIGHT/gtSeg/175/00000037_mask.json,2048,1536
low_light_seq175_00000038,low_light_seq175,low_light,train,test,train/LOWLIGHT/rgb/175/00000038_rgb.png,train/LOWLIGHT/nir/175/00000038_nir.png,train/LOWLIGHT/gtSeg/175/00000038_mask.json,2048,1536
low_light_seq175_00000039,low_light_seq175,low_light,train,test,train/LOWLIGHT/rgb/175/00000039_rgb.png,train/LOWLIGHT/nir/175/00000039_nir.png,train/LOWLIGHT/gtSeg/175/00000039_mask.json,2048,1536
low_light_seq175_00000040,low_light_seq175,low_light,train,test,train/LOWLIGHT/rgb/175/00000040_rgb.png,train/LOWLIGHT/nir/175/00000040_nir.png,train/LOWLIGHT/gtSeg/175/00000040_mask.json,2048,1536
low_light_seq175_00000041,low_light_seq175,low_light,train,test,train/LOWLIGHT/rgb/175/00000041_rgb.png,train/LOWLIGHT/nir/175/00000041_nir.png,train/LOWLIGHT/gtSeg/175/00000041_mask.json,2048,1536
low_light_seq175_00000042,low_light_seq175,low_light,train,test,train/LOWLIGHT/rgb/175/00000042_rgb.png,train/LOWLIGHT/nir/175/00000042_nir.png,train/LOWLIGHT/gtSeg/175/00000042_mask.json,2048,1536
low_light_seq175_00000043,low_light_seq175,low_light,train,test,train/LOWLIGHT/rgb/175/00000043_rgb.png,train/LOWLIGHT/nir/175/00000043_nir.png,train/LOWLIGHT/gtSeg/175/00000043_mask.json,2048,1536
low_light_seq175_00000044,low_light_seq175,low_light,train,test,train/LOWLIGHT/rgb/175/00000044_rgb.png,train/LOWLIGHT/nir/175/00000044_nir.png,train/LOWLIGHT/gtSeg/175/00000044_mask.json,2048,1536
low_light_seq175_00000045,low_light_seq175,low_light,train,test,train/LOWLIGHT/rgb/175/00000045_rgb.png,train/LOWLIGHT/nir/175/00000045_nir.png,train/LOWLIGHT/gtSeg/175/00000045_mask.json,2048,1536
low_light_seq175_00000046,low_light_seq175,low_light,train,test,train/LOWLIGHT/rgb/175/00000046_rgb.png,train/LOWLIGHT/nir/175/00000046_nir.png,train/LOWLIGHT/gtSeg/175/00000046_mask.json,2048,1536
low_light_seq175_00000047,low_light_seq175,low_light,train,test,train/LOWLIGHT/rgb/175/00000047_rgb.png,train/LOWLIGHT/nir/175/00000047_nir.png,train/LOWLIGHT/gtSeg/175/00000047_mask.json,2048,1536
low_light_seq175_00000048,low_light_seq175,low_light,train,test,train/LOWLIGHT/rgb/175/00000048_rgb.png,train/LOWLIGHT/nir/175/00000048_nir.png,train/LOWLIGHT/gtSeg/175/00000048_mask.json,2048,1536
low_light_seq175_00000049,low_light_seq175,low_light,train,test,train/LOWLIGHT/rgb/175/00000049_rgb.png,train/LOWLIGHT/nir/175/00000049_nir.png,train/LOWLIGHT/gtSeg/175/00000049_mask.json,2048,1536
low_light_seq175_00000050,low_light_seq175,low_light,train,test,train/LOWLIGHT/rgb/175/00000050_rgb.png,train/LOWLIGHT/nir/175/00000050_nir.png,train/LOWLIGHT/gtSeg/175/00000050_mask.json,2048,1536
low_light_seq175_00000051,low_light_seq175,low_light,train,test,train/LOWLIGHT/rgb/175/00000051_rgb.png,train/LOWLIGHT/nir/175/00000051_nir.png,train/LOWLIGHT/gtSeg/175/00000051_mask.json,2048,1536
low_light_seq175_00000052,low_light_seq175,low_light,train,test,train/LOWLIGHT/rgb/175/00000052_rgb.png,train/LOWLIGHT/nir/175/00000052_nir.png,train/LOWLIGHT/gtSeg/175/00000052_mask.json,2048,1536
low_light_seq175_00000053,low_light_seq175,low_light,train,test,train/LOWLIGHT/rgb/175/00000053_rgb.png,train/LOWLIGHT/nir/175/00000053_nir.png,train/LOWLIGHT/gtSeg/175/00000053_mask.json,2048,1536
low_light_seq175_00000054,low_light_seq175,low_light,train,test,train/LOWLIGHT/rgb/175/00000054_rgb.png,train/LOWLIGHT/nir/175/00000054_nir.png,train/LOWLIGHT/gtSeg/175/00000054_mask.json,2048,1536
low_light_seq175_00000055,low_light_seq175,low_light,train,test,train/LOWLIGHT/rgb/175/00000055_rgb.png,train/LOWLIGHT/nir/175/00000055_nir.png,train/LOWLIGHT/gtSeg/175/00000055_mask.json,2048,1536
low_light_seq175_00000056,low_light_seq175,low_light,train,test,train/LOWLIGHT/rgb/175/00000056_rgb.png,train/LOWLIGHT/nir/175/00000056_nir.png,train/LOWLIGHT/gtSeg/175/00000056_mask.json,2048,1536
low_light_seq176_00000000,low_light_seq176,low_light,train,train,train/LOWLIGHT/rgb/176/00000000_rgb.png,train/LOWLIGHT/nir/176/00000000_nir.png,train/LOWLIGHT/gtSeg/176/00000000_mask.json,2048,1536
low_light_seq176_00000001,low_light_seq176,low_light,train,train,train/LOWLIGHT/rgb/176/00000001_rgb.png,train/LOWLIGHT/nir/176/00000001_nir.png,train/LOWLIGHT/gtSeg/176/00000001_mask.json,2048,1536
low_light_seq176_00000002,low_light_seq176,low_light,train,train,train/LOWLIGHT/rgb/176/00000002_rgb.png,train/LOWLIGHT/nir/176/00000002_nir.png,train/LOWLIGHT/gtSeg/176/00000002_mask.json,2048,1536
low_light_seq176_00000003,low_light_seq176,low_light,train,train,train/LOWLIGHT/rgb/176/00000003_rgb.png,train/LOWLIGHT/nir/176/00000003_nir.png,train/LOWLIGHT/gtSeg/176/00000003_mask.json,2048,1536
low_light_seq176_00000004,low_light_seq176,low_light,train,train,train/LOWLIGHT/rgb/176/00000004_rgb.png,train/LOWLIGHT/nir/176/00000004_nir.png,train/LOWLIGHT/gtSeg/176/00000004_mask.json,2048,1536
rain_seq1_00000000,rain_seq1,rain,train,test,train/RAIN/rgb/1/00000000_rgb.png,train/RAIN/nir/1/00000000_nir.png,train/RAIN/gtSeg/1/00000000_mask.json,2048,1536
rain_seq1_00000001,rain_seq1,rain,train,test,train/RAIN/rgb/1/00000001_rgb.png,train/RAIN/nir/1/00000001_nir.png,train/RAIN/gtSeg/1/00000001_mask.json,2048,1536
rain_seq2_00000000,rain_seq2,rain,train,train,train/RAIN/rgb/2/00000000_rgb.png,train/RAIN/nir/2/00000000_nir.png,train/RAIN/gtSeg/2/00000000_mask.json,2048,1536
rain_seq2_00000001,rain_seq2,rain,train,train,train/RAIN/rgb/2/00000001_rgb.png,train/RAIN/nir/2/00000001_nir.png,train/RAIN/gtSeg/2/00000001_mask.json,2048,1536
rain_seq2_00000002,rain_seq2,rain,train,train,train/RAIN/rgb/2/00000002_rgb.png,train/RAIN/nir/2/00000002_nir.png,train/RAIN/gtSeg/2/00000002_mask.json,2048,1536
rain_seq2_00000003,rain_seq2,rain,train,train,train/RAIN/rgb/2/00000003_rgb.png,train/RAIN/nir/2/00000003_nir.png,train/RAIN/gtSeg/2/00000003_mask.json,2048,1536
rain_seq2_00000004,rain_seq2,rain,train,train,train/RAIN/rgb/2/00000004_rgb.png,train/RAIN/nir/2/00000004_nir.png,train/RAIN/gtSeg/2/00000004_mask.json,2048,1536
rain_seq2_00000005,rain_seq2,rain,train,train,train/RAIN/rgb/2/00000005_rgb.png,train/RAIN/nir/2/00000005_nir.png,train/RAIN/gtSeg/2/00000005_mask.json,2048,1536
rain_seq2_00000006,rain_seq2,rain,train,train,train/RAIN/rgb/2/00000006_rgb.png,train/RAIN/nir/2/00000006_nir.png,train/RAIN/gtSeg/2/00000006_mask.json,2048,1536
rain_seq2_00000007,rain_seq2,rain,train,train,train/RAIN/rgb/2/00000007_rgb.png,train/RAIN/nir/2/00000007_nir.png,train/RAIN/gtSeg/2/00000007_mask.json,2048,1536
rain_seq2_00000008,rain_seq2,rain,train,train,train/RAIN/rgb/2/00000008_rgb.png,train/RAIN/nir/2/00000008_nir.png,train/RAIN/gtSeg/2/00000008_mask.json,2048,1536
rain_seq2_00000009,rain_seq2,rain,train,train,train/RAIN/rgb/2/00000009_rgb.png,train/RAIN/nir/2/00000009_nir.png,train/RAIN/gtSeg/2/00000009_mask.json,2048,1536
rain_seq2_00000010,rain_seq2,rain,train,train,train/RAIN/rgb/2/00000010_rgb.png,train/RAIN/nir/2/00000010_nir.png,train/RAIN/gtSeg/2/00000010_mask.json,2048,1536
rain_seq2_00000011,rain_seq2,rain,train,train,train/RAIN/rgb/2/00000011_rgb.png,train/RAIN/nir/2/00000011_nir.png,train/RAIN/gtSeg/2/00000011_mask.json,2048,1536
rain_seq2_00000012,rain_seq2,rain,train,train,train/RAIN/rgb/2/00000012_rgb.png,train/RAIN/nir/2/00000012_nir.png,train/RAIN/gtSeg/2/00000012_mask.json,2048,1536
rain_seq2_00000013,rain_seq2,rain,train,train,train/RAIN/rgb/2/00000013_rgb.png,train/RAIN/nir/2/00000013_nir.png,train/RAIN/gtSeg/2/00000013_mask.json,2048,1536
rain_seq2_00000014,rain_seq2,rain,train,train,train/RAIN/rgb/2/00000014_rgb.png,train/RAIN/nir/2/00000014_nir.png,train/RAIN/gtSeg/2/00000014_mask.json,2048,1536
rain_seq2_00000015,rain_seq2,rain,train,train,train/RAIN/rgb/2/00000015_rgb.png,train/RAIN/nir/2/00000015_nir.png,train/RAIN/gtSeg/2/00000015_mask.json,2048,1536
rain_seq2_00000016,rain_seq2,rain,train,train,train/RAIN/rgb/2/00000016_rgb.png,train/RAIN/nir/2/00000016_nir.png,train/RAIN/gtSeg/2/00000016_mask.json,2048,1536
rain_seq2_00000017,rain_seq2,rain,train,train,train/RAIN/rgb/2/00000017_rgb.png,train/RAIN/nir/2/00000017_nir.png,train/RAIN/gtSeg/2/00000017_mask.json,2048,1536
rain_seq2_00000018,rain_seq2,rain,train,train,train/RAIN/rgb/2/00000018_rgb.png,train/RAIN/nir/2/00000018_nir.png,train/RAIN/gtSeg/2/00000018_mask.json,2048,1536
rain_seq2_00000019,rain_seq2,rain,train,train,train/RAIN/rgb/2/00000019_rgb.png,train/RAIN/nir/2/00000019_nir.png,train/RAIN/gtSeg/2/00000019_mask.json,2048,1536
rain_seq2_00000020,rain_seq2,rain,train,train,train/RAIN/rgb/2/00000020_rgb.png,train/RAIN/nir/2/00000020_nir.png,train/RAIN/gtSeg/2/00000020_mask.json,2048,1536
rain_seq2_00000021,rain_seq2,rain,train,train,train/RAIN/rgb/2/00000021_rgb.png,train/RAIN/nir/2/00000021_nir.png,train/RAIN/gtSeg/2/00000021_mask.json,2048,1536
rain_seq2_00000022,rain_seq2,rain,train,train,train/RAIN/rgb/2/00000022_rgb.png,train/RAIN/nir/2/00000022_nir.png,train/RAIN/gtSeg/2/00000022_mask.json,2048,1536
rain_seq2_00000023,rain_seq2,rain,train,train,train/RAIN/rgb/2/00000023_rgb.png,train/RAIN/nir/2/00000023_nir.png,train/RAIN/gtSeg/2/00000023_mask.json,2048,1536
rain_seq2_00000024,rain_seq2,rain,train,train,train/RAIN/rgb/2/00000024_rgb.png,train/RAIN/nir/2/00000024_nir.png,train/RAIN/gtSeg/2/00000024_mask.json,2048,1536
rain_seq2_00000025,rain_seq2,rain,train,train,train/RAIN/rgb/2/00000025_rgb.png,train/RAIN/nir/2/00000025_nir.png,train/RAIN/gtSeg/2/00000025_mask.json,2048,1536
rain_seq2_00000026,rain_seq2,rain,train,train,train/RAIN/rgb/2/00000026_rgb.png,train/RAIN/nir/2/00000026_nir.png,train/RAIN/gtSeg/2/00000026_mask.json,2048,1536
rain_seq2_00000027,rain_seq2,rain,train,train,train/RAIN/rgb/2/00000027_rgb.png,train/RAIN/nir/2/00000027_nir.png,train/RAIN/gtSeg/2/00000027_mask.json,2048,1536
rain_seq2_00000028,rain_seq2,rain,train,train,train/RAIN/rgb/2/00000028_rgb.png,train/RAIN/nir/2/00000028_nir.png,train/RAIN/gtSeg/2/00000028_mask.json,2048,1536
rain_seq2_00000029,rain_seq2,rain,train,train,train/RAIN/rgb/2/00000029_rgb.png,train/RAIN/nir/2/00000029_nir.png,train/RAIN/gtSeg/2/00000029_mask.json,2048,1536
rain_seq2_00000030,rain_seq2,rain,train,train,train/RAIN/rgb/2/00000030_rgb.png,train/RAIN/nir/2/00000030_nir.png,train/RAIN/gtSeg/2/00000030_mask.json,2048,1536
rain_seq2_00000031,rain_seq2,rain,train,train,train/RAIN/rgb/2/00000031_rgb.png,train/RAIN/nir/2/00000031_nir.png,train/RAIN/gtSeg/2/00000031_mask.json,2048,1536
rain_seq2_00000032,rain_seq2,rain,train,train,train/RAIN/rgb/2/00000032_rgb.png,train/RAIN/nir/2/00000032_nir.png,train/RAIN/gtSeg/2/00000032_mask.json,2048,1536
rain_seq2_00000033,rain_seq2,rain,train,train,train/RAIN/rgb/2/00000033_rgb.png,train/RAIN/nir/2/00000033_nir.png,train/RAIN/gtSeg/2/00000033_mask.json,2048,1536
rain_seq2_00000034,rain_seq2,rain,train,train,train/RAIN/rgb/2/00000034_rgb.png,train/RAIN/nir/2/00000034_nir.png,train/RAIN/gtSeg/2/00000034_mask.json,2048,1536
rain_seq2_00000035,rain_seq2,rain,train,train,train/RAIN/rgb/2/00000035_rgb.png,train/RAIN/nir/2/00000035_nir.png,train/RAIN/gtSeg/2/00000035_mask.json,2048,1536
rain_seq2_00000036,rain_seq2,rain,train,train,train/RAIN/rgb/2/00000036_rgb.png,train/RAIN/nir/2/00000036_nir.png,train/RAIN/gtSeg/2/00000036_mask.json,2048,1536
rain_seq2_00000037,rain_seq2,rain,train,train,train/RAIN/rgb/2/00000037_rgb.png,train/RAIN/nir/2/00000037_nir.png,train/RAIN/gtSeg/2/00000037_mask.json,2048,1536
rain_seq2_00000038,rain_seq2,rain,train,train,train/RAIN/rgb/2/00000038_rgb.png,train/RAIN/nir/2/00000038_nir.png,train/RAIN/gtSeg/2/00000038_mask.json,2048,1536
rain_seq2_00000039,rain_seq2,rain,train,train,train/RAIN/rgb/2/00000039_rgb.png,train/RAIN/nir/2/00000039_nir.png,train/RAIN/gtSeg/2/00000039_mask.json,2048,1536
rain_seq2_00000040,rain_seq2,rain,train,train,train/RAIN/rgb/2/00000040_rgb.png,train/RAIN/nir/2/00000040_nir.png,train/RAIN/gtSeg/2/00000040_mask.json,2048,1536
rain_seq2_00000041,rain_seq2,rain,train,train,train/RAIN/rgb/2/00000041_rgb.png,train/RAIN/nir/2/00000041_nir.png,train/RAIN/gtSeg/2/00000041_mask.json,2048,1536
rain_seq2_00000042,rain_seq2,rain,train,train,train/RAIN/rgb/2/00000042_rgb.png,train/RAIN/nir/2/00000042_nir.png,train/RAIN/gtSeg/2/00000042_mask.json,2048,1536
rain_seq2_00000043,rain_seq2,rain,train,train,train/RAIN/rgb/2/00000043_rgb.png,train/RAIN/nir/2/00000043_nir.png,train/RAIN/gtSeg/2/00000043_mask.json,2048,1536
rain_seq2_00000044,rain_seq2,rain,train,train,train/RAIN/rgb/2/00000044_rgb.png,train/RAIN/nir/2/00000044_nir.png,train/RAIN/gtSeg/2/00000044_mask.json,2048,1536
rain_seq2_00000045,rain_seq2,rain,train,train,train/RAIN/rgb/2/00000045_rgb.png,train/RAIN/nir/2/00000045_nir.png,train/RAIN/gtSeg/2/00000045_mask.json,2048,1536
rain_seq2_00000046,rain_seq2,rain,train,train,train/RAIN/rgb/2/00000046_rgb.png,train/RAIN/nir/2/00000046_nir.png,train/RAIN/gtSeg/2/00000046_mask.json,2048,1536
rain_seq2_00000047,rain_seq2,rain,train,train,train/RAIN/rgb/2/00000047_rgb.png,train/RAIN/nir/2/00000047_nir.png,train/RAIN/gtSeg/2/00000047_mask.json,2048,1536
rain_seq2_00000048,rain_seq2,rain,train,train,train/RAIN/rgb/2/00000048_rgb.png,train/RAIN/nir/2/00000048_nir.png,train/RAIN/gtSeg/2/00000048_mask.json,2048,1536
rain_seq2_00000049,rain_seq2,rain,train,train,train/RAIN/rgb/2/00000049_rgb.png,train/RAIN/nir/2/00000049_nir.png,train/RAIN/gtSeg/2/00000049_mask.json,2048,1536
rain_seq2_00000050,rain_seq2,rain,train,train,train/RAIN/rgb/2/00000050_rgb.png,train/RAIN/nir/2/00000050_nir.png,train/RAIN/gtSeg/2/00000050_mask.json,2048,1536
rain_seq2_00000051,rain_seq2,rain,train,train,train/RAIN/rgb/2/00000051_rgb.png,train/RAIN/nir/2/00000051_nir.png,train/RAIN/gtSeg/2/00000051_mask.json,2048,1536
rain_seq2_00000052,rain_seq2,rain,train,train,train/RAIN/rgb/2/00000052_rgb.png,train/RAIN/nir/2/00000052_nir.png,train/RAIN/gtSeg/2/00000052_mask.json,2048,1536
rain_seq2_00000053,rain_seq2,rain,train,train,train/RAIN/rgb/2/00000053_rgb.png,train/RAIN/nir/2/00000053_nir.png,train/RAIN/gtSeg/2/00000053_mask.json,2048,1536
rain_seq2_00000054,rain_seq2,rain,train,train,train/RAIN/rgb/2/00000054_rgb.png,train/RAIN/nir/2/00000054_nir.png,train/RAIN/gtSeg/2/00000054_mask.json,2048,1536
rain_seq2_00000055,rain_seq2,rain,train,train,train/RAIN/rgb/2/00000055_rgb.png,train/RAIN/nir/2/00000055_nir.png,train/RAIN/gtSeg/2/00000055_mask.json,2048,1536
rain_seq2_00000056,rain_seq2,rain,train,train,train/RAIN/rgb/2/00000056_rgb.png,train/RAIN/nir/2/00000056_nir.png,train/RAIN/gtSeg/2/00000056_mask.json,2048,1536
rain_seq2_00000057,rain_seq2,rain,train,train,train/RAIN/rgb/2/00000057_rgb.png,train/RAIN/nir/2/00000057_nir.png,train/RAIN/gtSeg/2/00000057_mask.json,2048,1536
rain_seq2_00000058,rain_seq2,rain,train,train,train/RAIN/rgb/2/00000058_rgb.png,train/RAIN/nir/2/00000058_nir.png,train/RAIN/gtSeg/2/00000058_mask.json,2048,1536
rain_seq2_00000059,rain_seq2,rain,train,train,train/RAIN/rgb/2/00000059_rgb.png,train/RAIN/nir/2/00000059_nir.png,train/RAIN/gtSeg/2/00000059_mask.json,2048,1536
rain_seq3_00000000,rain_seq3,rain,train,train,train/RAIN/rgb/3/00000000_rgb.png,train/RAIN/nir/3/00000000_nir.png,train/RAIN/gtSeg/3/00000000_mask.json,2048,1536
rain_seq3_00000001,rain_seq3,rain,train,train,train/RAIN/rgb/3/00000001_rgb.png,train/RAIN/nir/3/00000001_nir.png,train/RAIN/gtSeg/3/00000001_mask.json,2048,1536
rain_seq3_00000002,rain_seq3,rain,train,train,train/RAIN/rgb/3/00000002_rgb.png,train/RAIN/nir/3/00000002_nir.png,train/RAIN/gtSeg/3/00000002_mask.json,2048,1536
rain_seq3_00000003,rain_seq3,rain,train,train,train/RAIN/rgb/3/00000003_rgb.png,train/RAIN/nir/3/00000003_nir.png,train/RAIN/gtSeg/3/00000003_mask.json,2048,1536
rain_seq3_00000004,rain_seq3,rain,train,train,train/RAIN/rgb/3/00000004_rgb.png,train/RAIN/nir/3/00000004_nir.png,train/RAIN/gtSeg/3/00000004_mask.json,2048,1536
rain_seq3_00000005,rain_seq3,rain,train,train,train/RAIN/rgb/3/00000005_rgb.png,train/RAIN/nir/3/00000005_nir.png,train/RAIN/gtSeg/3/00000005_mask.json,2048,1536
rain_seq3_00000006,rain_seq3,rain,train,train,train/RAIN/rgb/3/00000006_rgb.png,train/RAIN/nir/3/00000006_nir.png,train/RAIN/gtSeg/3/00000006_mask.json,2048,1536
rain_seq3_00000007,rain_seq3,rain,train,train,train/RAIN/rgb/3/00000007_rgb.png,train/RAIN/nir/3/00000007_nir.png,train/RAIN/gtSeg/3/00000007_mask.json,2048,1536
rain_seq3_00000008,rain_seq3,rain,train,train,train/RAIN/rgb/3/00000008_rgb.png,train/RAIN/nir/3/00000008_nir.png,train/RAIN/gtSeg/3/00000008_mask.json,2048,1536
rain_seq3_00000009,rain_seq3,rain,train,train,train/RAIN/rgb/3/00000009_rgb.png,train/RAIN/nir/3/00000009_nir.png,train/RAIN/gtSeg/3/00000009_mask.json,2048,1536
rain_seq3_00000010,rain_seq3,rain,train,train,train/RAIN/rgb/3/00000010_rgb.png,train/RAIN/nir/3/00000010_nir.png,train/RAIN/gtSeg/3/00000010_mask.json,2048,1536
rain_seq3_00000011,rain_seq3,rain,train,train,train/RAIN/rgb/3/00000011_rgb.png,train/RAIN/nir/3/00000011_nir.png,train/RAIN/gtSeg/3/00000011_mask.json,2048,1536
rain_seq3_00000012,rain_seq3,rain,train,train,train/RAIN/rgb/3/00000012_rgb.png,train/RAIN/nir/3/00000012_nir.png,train/RAIN/gtSeg/3/00000012_mask.json,2048,1536
rain_seq3_00000013,rain_seq3,rain,train,train,train/RAIN/rgb/3/00000013_rgb.png,train/RAIN/nir/3/00000013_nir.png,train/RAIN/gtSeg/3/00000013_mask.json,2048,1536
rain_seq3_00000014,rain_seq3,rain,train,train,train/RAIN/rgb/3/00000014_rgb.png,train/RAIN/nir/3/00000014_nir.png,train/RAIN/gtSeg/3/00000014_mask.json,2048,1536
rain_seq3_00000015,rain_seq3,rain,train,train,train/RAIN/rgb/3/00000015_rgb.png,train/RAIN/nir/3/00000015_nir.png,train/RAIN/gtSeg/3/00000015_mask.json,2048,1536
rain_seq4_00000000,rain_seq4,rain,train,train,train/RAIN/rgb/4/00000000_rgb.png,train/RAIN/nir/4/00000000_nir.png,train/RAIN/gtSeg/4/00000000_mask.json,2048,1536
rain_seq4_00000001,rain_seq4,rain,train,train,train/RAIN/rgb/4/00000001_rgb.png,train/RAIN/nir/4/00000001_nir.png,train/RAIN/gtSeg/4/00000001_mask.json,2048,1536
rain_seq4_00000002,rain_seq4,rain,train,train,train/RAIN/rgb/4/00000002_rgb.png,train/RAIN/nir/4/00000002_nir.png,train/RAIN/gtSeg/4/00000002_mask.json,2048,1536
rain_seq4_00000003,rain_seq4,rain,train,train,train/RAIN/rgb/4/00000003_rgb.png,train/RAIN/nir/4/00000003_nir.png,train/RAIN/gtSeg/4/00000003_mask.json,2048,1536
rain_seq4_00000004,rain_seq4,rain,train,train,train/RAIN/rgb/4/00000004_rgb.png,train/RAIN/nir/4/00000004_nir.png,train/RAIN/gtSeg/4/00000004_mask.json,2048,1536
rain_seq4_00000005,rain_seq4,rain,train,train,train/RAIN/rgb/4/00000005_rgb.png,train/RAIN/nir/4/00000005_nir.png,train/RAIN/gtSeg/4/00000005_mask.json,2048,1536
rain_seq4_00000006,rain_seq4,rain,train,train,train/RAIN/rgb/4/00000006_rgb.png,train/RAIN/nir/4/00000006_nir.png,train/RAIN/gtSeg/4/00000006_mask.json,2048,1536
rain_seq4_00000007,rain_seq4,rain,train,train,train/RAIN/rgb/4/00000007_rgb.png,train/RAIN/nir/4/00000007_nir.png,train/RAIN/gtSeg/4/00000007_mask.json,2048,1536
rain_seq4_00000008,rain_seq4,rain,train,train,train/RAIN/rgb/4/00000008_rgb.png,train/RAIN/nir/4/00000008_nir.png,train/RAIN/gtSeg/4/00000008_mask.json,2048,1536
rain_seq4_00000009,rain_seq4,rain,train,train,train/RAIN/rgb/4/00000009_rgb.png,train/RAIN/nir/4/00000009_nir.png,train/RAIN/gtSeg/4/00000009_mask.json,2048,1536
rain_seq4_00000010,rain_seq4,rain,train,train,train/RAIN/rgb/4/00000010_rgb.png,train/RAIN/nir/4/00000010_nir.png,train/RAIN/gtSeg/4/00000010_mask.json,2048,1536
rain_seq4_00000011,rain_seq4,rain,train,train,train/RAIN/rgb/4/00000011_rgb.png,train/RAIN/nir/4/00000011_nir.png,train/RAIN/gtSeg/4/00000011_mask.json,2048,1536
rain_seq4_00000012,rain_seq4,rain,train,train,train/RAIN/rgb/4/00000012_rgb.png,train/RAIN/nir/4/00000012_nir.png,train/RAIN/gtSeg/4/00000012_mask.json,2048,1536
rain_seq4_00000013,rain_seq4,rain,train,train,train/RAIN/rgb/4/00000013_rgb.png,train/RAIN/nir/4/00000013_nir.png,train/RAIN/gtSeg/4/00000013_mask.json,2048,1536
rain_seq5_00000000,rain_seq5,rain,train,train,train/RAIN/rgb/5/00000000_rgb.png,train/RAIN/nir/5/00000000_nir.png,train/RAIN/gtSeg/5/00000000_mask.json,2048,1536
rain_seq5_00000001,rain_seq5,rain,train,train,train/RAIN/rgb/5/00000001_rgb.png,train/RAIN/nir/5/00000001_nir.png,train/RAIN/gtSeg/5/00000001_mask.json,2048,1536
rain_seq5_00000002,rain_seq5,rain,train,train,train/RAIN/rgb/5/00000002_rgb.png,train/RAIN/nir/5/00000002_nir.png,train/RAIN/gtSeg/5/00000002_mask.json,2048,1536
rain_seq5_00000003,rain_seq5,rain,train,train,train/RAIN/rgb/5/00000003_rgb.png,train/RAIN/nir/5/00000003_nir.png,train/RAIN/gtSeg/5/00000003_mask.json,2048,1536
rain_seq5_00000004,rain_seq5,rain,train,train,train/RAIN/rgb/5/00000004_rgb.png,train/RAIN/nir/5/00000004_nir.png,train/RAIN/gtSeg/5/00000004_mask.json,2048,1536
rain_seq5_00000005,rain_seq5,rain,train,train,train/RAIN/rgb/5/00000005_rgb.png,train/RAIN/nir/5/00000005_nir.png,train/RAIN/gtSeg/5/00000005_mask.json,2048,1536
rain_seq5_00000006,rain_seq5,rain,train,train,train/RAIN/rgb/5/00000006_rgb.png,train/RAIN/nir/5/00000006_nir.png,train/RAIN/gtSeg/5/00000006_mask.json,2048,1536
rain_seq5_00000007,rain_seq5,rain,train,train,train/RAIN/rgb/5/00000007_rgb.png,train/RAIN/nir/5/00000007_nir.png,train/RAIN/gtSeg/5/00000007_mask.json,2048,1536
rain_seq6_00000000,rain_seq6,rain,train,train,train/RAIN/rgb/6/00000000_rgb.png,train/RAIN/nir/6/00000000_nir.png,train/RAIN/gtSeg/6/00000000_mask.json,2048,1536
rain_seq6_00000001,rain_seq6,rain,train,train,train/RAIN/rgb/6/00000001_rgb.png,train/RAIN/nir/6/00000001_nir.png,train/RAIN/gtSeg/6/00000001_mask.json,2048,1536
rain_seq6_00000002,rain_seq6,rain,train,train,train/RAIN/rgb/6/00000002_rgb.png,train/RAIN/nir/6/00000002_nir.png,train/RAIN/gtSeg/6/00000002_mask.json,2048,1536
rain_seq6_00000003,rain_seq6,rain,train,train,train/RAIN/rgb/6/00000003_rgb.png,train/RAIN/nir/6/00000003_nir.png,train/RAIN/gtSeg/6/00000003_mask.json,2048,1536
rain_seq6_00000004,rain_seq6,rain,train,train,train/RAIN/rgb/6/00000004_rgb.png,train/RAIN/nir/6/00000004_nir.png,train/RAIN/gtSeg/6/00000004_mask.json,2048,1536
rain_seq6_00000005,rain_seq6,rain,train,train,train/RAIN/rgb/6/00000005_rgb.png,train/RAIN/nir/6/00000005_nir.png,train/RAIN/gtSeg/6/00000005_mask.json,2048,1536
rain_seq6_00000006,rain_seq6,rain,train,train,train/RAIN/rgb/6/00000006_rgb.png,train/RAIN/nir/6/00000006_nir.png,train/RAIN/gtSeg/6/00000006_mask.json,2048,1536
rain_seq6_00000007,rain_seq6,rain,train,train,train/RAIN/rgb/6/00000007_rgb.png,train/RAIN/nir/6/00000007_nir.png,train/RAIN/gtSeg/6/00000007_mask.json,2048,1536
rain_seq6_00000008,rain_seq6,rain,train,train,train/RAIN/rgb/6/00000008_rgb.png,train/RAIN/nir/6/00000008_nir.png,train/RAIN/gtSeg/6/00000008_mask.json,2048,1536
rain_seq6_00000009,rain_seq6,rain,train,train,train/RAIN/rgb/6/00000009_rgb.png,train/RAIN/nir/6/00000009_nir.png,train/RAIN/gtSeg/6/00000009_mask.json,2048,1536
rain_seq6_00000010,rain_seq6,rain,train,train,train/RAIN/rgb/6/00000010_rgb.png,train/RAIN/nir/6/00000010_nir.png,train/RAIN/gtSeg/6/00000010_mask.json,2048,1536
rain_seq7_00000000,rain_seq7,rain,train,train,train/RAIN/rgb/7/00000000_rgb.png,train/RAIN/nir/7/00000000_nir.png,train/RAIN/gtSeg/7/00000000_mask.json,2048,1536
rain_seq7_00000001,rain_seq7,rain,train,train,train/RAIN/rgb/7/00000001_rgb.png,train/RAIN/nir/7/00000001_nir.png,train/RAIN/gtSeg/7/00000001_mask.json,2048,1536
rain_seq7_00000002,rain_seq7,rain,train,train,train/RAIN/rgb/7/00000002_rgb.png,train/RAIN/nir/7/00000002_nir.png,train/RAIN/gtSeg/7/00000002_mask.json,2048,1536
rain_seq7_00000003,rain_seq7,rain,train,train,train/RAIN/rgb/7/00000003_rgb.png,train/RAIN/nir/7/00000003_nir.png,train/RAIN/gtSeg/7/00000003_mask.json,2048,1536
rain_seq7_00000004,rain_seq7,rain,train,train,train/RAIN/rgb/7/00000004_rgb.png,train/RAIN/nir/7/00000004_nir.png,train/RAIN/gtSeg/7/00000004_mask.json,2048,1536
rain_seq7_00000005,rain_seq7,rain,train,train,train/RAIN/rgb/7/00000005_rgb.png,train/RAIN/nir/7/00000005_nir.png,train/RAIN/gtSeg/7/00000005_mask.json,2048,1536
rain_seq7_00000006,rain_seq7,rain,train,train,train/RAIN/rgb/7/00000006_rgb.png,train/RAIN/nir/7/00000006_nir.png,train/RAIN/gtSeg/7/00000006_mask.json,2048,1536
rain_seq7_00000007,rain_seq7,rain,train,train,train/RAIN/rgb/7/00000007_rgb.png,train/RAIN/nir/7/00000007_nir.png,train/RAIN/gtSeg/7/00000007_mask.json,2048,1536
rain_seq7_00000008,rain_seq7,rain,train,train,train/RAIN/rgb/7/00000008_rgb.png,train/RAIN/nir/7/00000008_nir.png,train/RAIN/gtSeg/7/00000008_mask.json,2048,1536
rain_seq7_00000009,rain_seq7,rain,train,train,train/RAIN/rgb/7/00000009_rgb.png,train/RAIN/nir/7/00000009_nir.png,train/RAIN/gtSeg/7/00000009_mask.json,2048,1536
rain_seq7_00000010,rain_seq7,rain,train,train,train/RAIN/rgb/7/00000010_rgb.png,train/RAIN/nir/7/00000010_nir.png,train/RAIN/gtSeg/7/00000010_mask.json,2048,1536
rain_seq7_00000011,rain_seq7,rain,train,train,train/RAIN/rgb/7/00000011_rgb.png,train/RAIN/nir/7/00000011_nir.png,train/RAIN/gtSeg/7/00000011_mask.json,2048,1536
rain_seq7_00000012,rain_seq7,rain,train,train,train/RAIN/rgb/7/00000012_rgb.png,train/RAIN/nir/7/00000012_nir.png,train/RAIN/gtSeg/7/00000012_mask.json,2048,1536
rain_seq7_00000013,rain_seq7,rain,train,train,train/RAIN/rgb/7/00000013_rgb.png,train/RAIN/nir/7/00000013_nir.png,train/RAIN/gtSeg/7/00000013_mask.json,2048,1536
rain_seq7_00000014,rain_seq7,rain,train,train,train/RAIN/rgb/7/00000014_rgb.png,train/RAIN/nir/7/00000014_nir.png,train/RAIN/gtSeg/7/00000014_mask.json,2048,1536
rain_seq7_00000015,rain_seq7,rain,train,train,train/RAIN/rgb/7/00000015_rgb.png,train/RAIN/nir/7/00000015_nir.png,train/RAIN/gtSeg/7/00000015_mask.json,2048,1536
rain_seq7_00000016,rain_seq7,rain,train,train,train/RAIN/rgb/7/00000016_rgb.png,train/RAIN/nir/7/00000016_nir.png,train/RAIN/gtSeg/7/00000016_mask.json,2048,1536
rain_seq7_00000017,rain_seq7,rain,train,train,train/RAIN/rgb/7/00000017_rgb.png,train/RAIN/nir/7/00000017_nir.png,train/RAIN/gtSeg/7/00000017_mask.json,2048,1536
rain_seq7_00000018,rain_seq7,rain,train,train,train/RAIN/rgb/7/00000018_rgb.png,train/RAIN/nir/7/00000018_nir.png,train/RAIN/gtSeg/7/00000018_mask.json,2048,1536
rain_seq7_00000019,rain_seq7,rain,train,train,train/RAIN/rgb/7/00000019_rgb.png,train/RAIN/nir/7/00000019_nir.png,train/RAIN/gtSeg/7/00000019_mask.json,2048,1536
rain_seq7_00000020,rain_seq7,rain,train,train,train/RAIN/rgb/7/00000020_rgb.png,train/RAIN/nir/7/00000020_nir.png,train/RAIN/gtSeg/7/00000020_mask.json,2048,1536
rain_seq7_00000021,rain_seq7,rain,train,train,train/RAIN/rgb/7/00000021_rgb.png,train/RAIN/nir/7/00000021_nir.png,train/RAIN/gtSeg/7/00000021_mask.json,2048,1536
rain_seq7_00000022,rain_seq7,rain,train,train,train/RAIN/rgb/7/00000022_rgb.png,train/RAIN/nir/7/00000022_nir.png,train/RAIN/gtSeg/7/00000022_mask.json,2048,1536
rain_seq7_00000023,rain_seq7,rain,train,train,train/RAIN/rgb/7/00000023_rgb.png,train/RAIN/nir/7/00000023_nir.png,train/RAIN/gtSeg/7/00000023_mask.json,2048,1536
rain_seq7_00000024,rain_seq7,rain,train,train,train/RAIN/rgb/7/00000024_rgb.png,train/RAIN/nir/7/00000024_nir.png,train/RAIN/gtSeg/7/00000024_mask.json,2048,1536
rain_seq7_00000025,rain_seq7,rain,train,train,train/RAIN/rgb/7/00000025_rgb.png,train/RAIN/nir/7/00000025_nir.png,train/RAIN/gtSeg/7/00000025_mask.json,2048,1536
rain_seq7_00000026,rain_seq7,rain,train,train,train/RAIN/rgb/7/00000026_rgb.png,train/RAIN/nir/7/00000026_nir.png,train/RAIN/gtSeg/7/00000026_mask.json,2048,1536
rain_seq7_00000027,rain_seq7,rain,train,train,train/RAIN/rgb/7/00000027_rgb.png,train/RAIN/nir/7/00000027_nir.png,train/RAIN/gtSeg/7/00000027_mask.json,2048,1536
rain_seq7_00000028,rain_seq7,rain,train,train,train/RAIN/rgb/7/00000028_rgb.png,train/RAIN/nir/7/00000028_nir.png,train/RAIN/gtSeg/7/00000028_mask.json,2048,1536
rain_seq7_00000029,rain_seq7,rain,train,train,train/RAIN/rgb/7/00000029_rgb.png,train/RAIN/nir/7/00000029_nir.png,train/RAIN/gtSeg/7/00000029_mask.json,2048,1536
rain_seq7_00000030,rain_seq7,rain,train,train,train/RAIN/rgb/7/00000030_rgb.png,train/RAIN/nir/7/00000030_nir.png,train/RAIN/gtSeg/7/00000030_mask.json,2048,1536
rain_seq7_00000031,rain_seq7,rain,train,train,train/RAIN/rgb/7/00000031_rgb.png,train/RAIN/nir/7/00000031_nir.png,train/RAIN/gtSeg/7/00000031_mask.json,2048,1536
rain_seq7_00000032,rain_seq7,rain,train,train,train/RAIN/rgb/7/00000032_rgb.png,train/RAIN/nir/7/00000032_nir.png,train/RAIN/gtSeg/7/00000032_mask.json,2048,1536
rain_seq7_00000033,rain_seq7,rain,train,train,train/RAIN/rgb/7/00000033_rgb.png,train/RAIN/nir/7/00000033_nir.png,train/RAIN/gtSeg/7/00000033_mask.json,2048,1536
rain_seq7_00000034,rain_seq7,rain,train,train,train/RAIN/rgb/7/00000034_rgb.png,train/RAIN/nir/7/00000034_nir.png,train/RAIN/gtSeg/7/00000034_mask.json,2048,1536
rain_seq7_00000035,rain_seq7,rain,train,train,train/RAIN/rgb/7/00000035_rgb.png,train/RAIN/nir/7/00000035_nir.png,train/RAIN/gtSeg/7/00000035_mask.json,2048,1536
rain_seq7_00000036,rain_seq7,rain,train,train,train/RAIN/rgb/7/00000036_rgb.png,train/RAIN/nir/7/00000036_nir.png,train/RAIN/gtSeg/7/00000036_mask.json,2048,1536
rain_seq7_00000037,rain_seq7,rain,train,train,train/RAIN/rgb/7/00000037_rgb.png,train/RAIN/nir/7/00000037_nir.png,train/RAIN/gtSeg/7/00000037_mask.json,2048,1536
rain_seq7_00000038,rain_seq7,rain,train,train,train/RAIN/rgb/7/00000038_rgb.png,train/RAIN/nir/7/00000038_nir.png,train/RAIN/gtSeg/7/00000038_mask.json,2048,1536
rain_seq7_00000039,rain_seq7,rain,train,train,train/RAIN/rgb/7/00000039_rgb.png,train/RAIN/nir/7/00000039_nir.png,train/RAIN/gtSeg/7/00000039_mask.json,2048,1536
rain_seq7_00000040,rain_seq7,rain,train,train,train/RAIN/rgb/7/00000040_rgb.png,train/RAIN/nir/7/00000040_nir.png,train/RAIN/gtSeg/7/00000040_mask.json,2048,1536
rain_seq7_00000041,rain_seq7,rain,train,train,train/RAIN/rgb/7/00000041_rgb.png,train/RAIN/nir/7/00000041_nir.png,train/RAIN/gtSeg/7/00000041_mask.json,2048,1536
rain_seq7_00000042,rain_seq7,rain,train,train,train/RAIN/rgb/7/00000042_rgb.png,train/RAIN/nir/7/00000042_nir.png,train/RAIN/gtSeg/7/00000042_mask.json,2048,1536
rain_seq7_00000043,rain_seq7,rain,train,train,train/RAIN/rgb/7/00000043_rgb.png,train/RAIN/nir/7/00000043_nir.png,train/RAIN/gtSeg/7/00000043_mask.json,2048,1536
rain_seq7_00000044,rain_seq7,rain,train,train,train/RAIN/rgb/7/00000044_rgb.png,train/RAIN/nir/7/00000044_nir.png,train/RAIN/gtSeg/7/00000044_mask.json,2048,1536
rain_seq7_00000045,rain_seq7,rain,train,train,train/RAIN/rgb/7/00000045_rgb.png,train/RAIN/nir/7/00000045_nir.png,train/RAIN/gtSeg/7/00000045_mask.json,2048,1536
rain_seq7_00000046,rain_seq7,rain,train,train,train/RAIN/rgb/7/00000046_rgb.png,train/RAIN/nir/7/00000046_nir.png,train/RAIN/gtSeg/7/00000046_mask.json,2048,1536
rain_seq7_00000047,rain_seq7,rain,train,train,train/RAIN/rgb/7/00000047_rgb.png,train/RAIN/nir/7/00000047_nir.png,train/RAIN/gtSeg/7/00000047_mask.json,2048,1536
rain_seq7_00000048,rain_seq7,rain,train,train,train/RAIN/rgb/7/00000048_rgb.png,train/RAIN/nir/7/00000048_nir.png,train/RAIN/gtSeg/7/00000048_mask.json,2048,1536
rain_seq7_00000049,rain_seq7,rain,train,train,train/RAIN/rgb/7/00000049_rgb.png,train/RAIN/nir/7/00000049_nir.png,train/RAIN/gtSeg/7/00000049_mask.json,2048,1536
rain_seq7_00000050,rain_seq7,rain,train,train,train/RAIN/rgb/7/00000050_rgb.png,train/RAIN/nir/7/00000050_nir.png,train/RAIN/gtSeg/7/00000050_mask.json,2048,1536
rain_seq7_00000051,rain_seq7,rain,train,train,train/RAIN/rgb/7/00000051_rgb.png,train/RAIN/nir/7/00000051_nir.png,train/RAIN/gtSeg/7/00000051_mask.json,2048,1536
rain_seq7_00000052,rain_seq7,rain,train,train,train/RAIN/rgb/7/00000052_rgb.png,train/RAIN/nir/7/00000052_nir.png,train/RAIN/gtSeg/7/00000052_mask.json,2048,1536
rain_seq7_00000053,rain_seq7,rain,train,train,train/RAIN/rgb/7/00000053_rgb.png,train/RAIN/nir/7/00000053_nir.png,train/RAIN/gtSeg/7/00000053_mask.json,2048,1536
rain_seq7_00000054,rain_seq7,rain,train,train,train/RAIN/rgb/7/00000054_rgb.png,train/RAIN/nir/7/00000054_nir.png,train/RAIN/gtSeg/7/00000054_mask.json,2048,1536
rain_seq7_00000055,rain_seq7,rain,train,train,train/RAIN/rgb/7/00000055_rgb.png,train/RAIN/nir/7/00000055_nir.png,train/RAIN/gtSeg/7/00000055_mask.json,2048,1536
rain_seq7_00000056,rain_seq7,rain,train,train,train/RAIN/rgb/7/00000056_rgb.png,train/RAIN/nir/7/00000056_nir.png,train/RAIN/gtSeg/7/00000056_mask.json,2048,1536
rain_seq7_00000057,rain_seq7,rain,train,train,train/RAIN/rgb/7/00000057_rgb.png,train/RAIN/nir/7/00000057_nir.png,train/RAIN/gtSeg/7/00000057_mask.json,2048,1536
rain_seq7_00000058,rain_seq7,rain,train,train,train/RAIN/rgb/7/00000058_rgb.png,train/RAIN/nir/7/00000058_nir.png,train/RAIN/gtSeg/7/00000058_mask.json,2048,1536
rain_seq7_00000059,rain_seq7,rain,train,train,train/RAIN/rgb/7/00000059_rgb.png,train/RAIN/nir/7/00000059_nir.png,train/RAIN/gtSeg/7/00000059_mask.json,2048,1536
rain_seq7_00000060,rain_seq7,rain,train,train,train/RAIN/rgb/7/00000060_rgb.png,train/RAIN/nir/7/00000060_nir.png,train/RAIN/gtSeg/7/00000060_mask.json,2048,1536
rain_seq8_00000000,rain_seq8,rain,val,val,val/RAIN/rgb/8/00000000_rgb.png,val/RAIN/nir/8/00000000_nir.png,val/RAIN/gtSeg/8/00000000_mask.json,2048,1536
rain_seq8_00000001,rain_seq8,rain,val,val,val/RAIN/rgb/8/00000001_rgb.png,val/RAIN/nir/8/00000001_nir.png,val/RAIN/gtSeg/8/00000001_mask.json,2048,1536
rain_seq8_00000002,rain_seq8,rain,val,val,val/RAIN/rgb/8/00000002_rgb.png,val/RAIN/nir/8/00000002_nir.png,val/RAIN/gtSeg/8/00000002_mask.json,2048,1536
rain_seq8_00000003,rain_seq8,rain,val,val,val/RAIN/rgb/8/00000003_rgb.png,val/RAIN/nir/8/00000003_nir.png,val/RAIN/gtSeg/8/00000003_mask.json,2048,1536
rain_seq8_00000004,rain_seq8,rain,val,val,val/RAIN/rgb/8/00000004_rgb.png,val/RAIN/nir/8/00000004_nir.png,val/RAIN/gtSeg/8/00000004_mask.json,2048,1536
rain_seq8_00000005,rain_seq8,rain,val,val,val/RAIN/rgb/8/00000005_rgb.png,val/RAIN/nir/8/00000005_nir.png,val/RAIN/gtSeg/8/00000005_mask.json,2048,1536
rain_seq8_00000006,rain_seq8,rain,val,val,val/RAIN/rgb/8/00000006_rgb.png,val/RAIN/nir/8/00000006_nir.png,val/RAIN/gtSeg/8/00000006_mask.json,2048,1536
rain_seq9_00000000,rain_seq9,rain,train,train,train/RAIN/rgb/9/00000000_rgb.png,train/RAIN/nir/9/00000000_nir.png,train/RAIN/gtSeg/9/00000000_mask.json,2048,1536
rain_seq9_00000001,rain_seq9,rain,train,train,train/RAIN/rgb/9/00000001_rgb.png,train/RAIN/nir/9/00000001_nir.png,train/RAIN/gtSeg/9/00000001_mask.json,2048,1536
rain_seq10_00000000,rain_seq10,rain,train,test,train/RAIN/rgb/10/00000000_rgb.png,train/RAIN/nir/10/00000000_nir.png,train/RAIN/gtSeg/10/00000000_mask.json,2048,1536
rain_seq10_00000001,rain_seq10,rain,train,test,train/RAIN/rgb/10/00000001_rgb.png,train/RAIN/nir/10/00000001_nir.png,train/RAIN/gtSeg/10/00000001_mask.json,2048,1536
rain_seq10_00000002,rain_seq10,rain,train,test,train/RAIN/rgb/10/00000002_rgb.png,train/RAIN/nir/10/00000002_nir.png,train/RAIN/gtSeg/10/00000002_mask.json,2048,1536
rain_seq10_00000003,rain_seq10,rain,train,test,train/RAIN/rgb/10/00000003_rgb.png,train/RAIN/nir/10/00000003_nir.png,train/RAIN/gtSeg/10/00000003_mask.json,2048,1536
rain_seq10_00000004,rain_seq10,rain,train,test,train/RAIN/rgb/10/00000004_rgb.png,train/RAIN/nir/10/00000004_nir.png,train/RAIN/gtSeg/10/00000004_mask.json,2048,1536
rain_seq10_00000005,rain_seq10,rain,train,test,train/RAIN/rgb/10/00000005_rgb.png,train/RAIN/nir/10/00000005_nir.png,train/RAIN/gtSeg/10/00000005_mask.json,2048,1536
rain_seq10_00000006,rain_seq10,rain,train,test,train/RAIN/rgb/10/00000006_rgb.png,train/RAIN/nir/10/00000006_nir.png,train/RAIN/gtSeg/10/00000006_mask.json,2048,1536
rain_seq10_00000007,rain_seq10,rain,train,test,train/RAIN/rgb/10/00000007_rgb.png,train/RAIN/nir/10/00000007_nir.png,train/RAIN/gtSeg/10/00000007_mask.json,2048,1536
rain_seq10_00000008,rain_seq10,rain,train,test,train/RAIN/rgb/10/00000008_rgb.png,train/RAIN/nir/10/00000008_nir.png,train/RAIN/gtSeg/10/00000008_mask.json,2048,1536
rain_seq10_00000009,rain_seq10,rain,train,test,train/RAIN/rgb/10/00000009_rgb.png,train/RAIN/nir/10/00000009_nir.png,train/RAIN/gtSeg/10/00000009_mask.json,2048,1536
rain_seq10_00000010,rain_seq10,rain,train,test,train/RAIN/rgb/10/00000010_rgb.png,train/RAIN/nir/10/00000010_nir.png,train/RAIN/gtSeg/10/00000010_mask.json,2048,1536
rain_seq10_00000011,rain_seq10,rain,train,test,train/RAIN/rgb/10/00000011_rgb.png,train/RAIN/nir/10/00000011_nir.png,train/RAIN/gtSeg/10/00000011_mask.json,2048,1536
rain_seq10_00000012,rain_seq10,rain,train,test,train/RAIN/rgb/10/00000012_rgb.png,train/RAIN/nir/10/00000012_nir.png,train/RAIN/gtSeg/10/00000012_mask.json,2048,1536
rain_seq10_00000013,rain_seq10,rain,train,test,train/RAIN/rgb/10/00000013_rgb.png,train/RAIN/nir/10/00000013_nir.png,train/RAIN/gtSeg/10/00000013_mask.json,2048,1536
rain_seq10_00000014,rain_seq10,rain,train,test,train/RAIN/rgb/10/00000014_rgb.png,train/RAIN/nir/10/00000014_nir.png,train/RAIN/gtSeg/10/00000014_mask.json,2048,1536
rain_seq10_00000015,rain_seq10,rain,train,test,train/RAIN/rgb/10/00000015_rgb.png,train/RAIN/nir/10/00000015_nir.png,train/RAIN/gtSeg/10/00000015_mask.json,2048,1536
rain_seq10_00000016,rain_seq10,rain,train,test,train/RAIN/rgb/10/00000016_rgb.png,train/RAIN/nir/10/00000016_nir.png,train/RAIN/gtSeg/10/00000016_mask.json,2048,1536
rain_seq11_00000000,rain_seq11,rain,train,test,train/RAIN/rgb/11/00000000_rgb.png,train/RAIN/nir/11/00000000_nir.png,train/RAIN/gtSeg/11/00000000_mask.json,2048,1536
rain_seq11_00000001,rain_seq11,rain,train,test,train/RAIN/rgb/11/00000001_rgb.png,train/RAIN/nir/11/00000001_nir.png,train/RAIN/gtSeg/11/00000001_mask.json,2048,1536
rain_seq11_00000002,rain_seq11,rain,train,test,train/RAIN/rgb/11/00000002_rgb.png,train/RAIN/nir/11/00000002_nir.png,train/RAIN/gtSeg/11/00000002_mask.json,2048,1536
rain_seq11_00000003,rain_seq11,rain,train,test,train/RAIN/rgb/11/00000003_rgb.png,train/RAIN/nir/11/00000003_nir.png,train/RAIN/gtSeg/11/00000003_mask.json,2048,1536
rain_seq11_00000004,rain_seq11,rain,train,test,train/RAIN/rgb/11/00000004_rgb.png,train/RAIN/nir/11/00000004_nir.png,train/RAIN/gtSeg/11/00000004_mask.json,2048,1536
rain_seq11_00000005,rain_seq11,rain,train,test,train/RAIN/rgb/11/00000005_rgb.png,train/RAIN/nir/11/00000005_nir.png,train/RAIN/gtSeg/11/00000005_mask.json,2048,1536
rain_seq12_00000000,rain_seq12,rain,train,test,train/RAIN/rgb/12/00000000_rgb.png,train/RAIN/nir/12/00000000_nir.png,train/RAIN/gtSeg/12/00000000_mask.json,2048,1536
rain_seq12_00000001,rain_seq12,rain,train,test,train/RAIN/rgb/12/00000001_rgb.png,train/RAIN/nir/12/00000001_nir.png,train/RAIN/gtSeg/12/00000001_mask.json,2048,1536
rain_seq12_00000002,rain_seq12,rain,train,test,train/RAIN/rgb/12/00000002_rgb.png,train/RAIN/nir/12/00000002_nir.png,train/RAIN/gtSeg/12/00000002_mask.json,2048,1536
rain_seq12_00000003,rain_seq12,rain,train,test,train/RAIN/rgb/12/00000003_rgb.png,train/RAIN/nir/12/00000003_nir.png,train/RAIN/gtSeg/12/00000003_mask.json,2048,1536
rain_seq12_00000004,rain_seq12,rain,train,test,train/RAIN/rgb/12/00000004_rgb.png,train/RAIN/nir/12/00000004_nir.png,train/RAIN/gtSeg/12/00000004_mask.json,2048,1536
rain_seq12_00000005,rain_seq12,rain,train,test,train/RAIN/rgb/12/00000005_rgb.png,train/RAIN/nir/12/00000005_nir.png,train/RAIN/gtSeg/12/00000005_mask.json,2048,1536
rain_seq12_00000006,rain_seq12,rain,train,test,train/RAIN/rgb/12/00000006_rgb.png,train/RAIN/nir/12/00000006_nir.png,train/RAIN/gtSeg/12/00000006_mask.json,2048,1536
rain_seq12_00000007,rain_seq12,rain,train,test,train/RAIN/rgb/12/00000007_rgb.png,train/RAIN/nir/12/00000007_nir.png,train/RAIN/gtSeg/12/00000007_mask.json,2048,1536
rain_seq12_00000008,rain_seq12,rain,train,test,train/RAIN/rgb/12/00000008_rgb.png,train/RAIN/nir/12/00000008_nir.png,train/RAIN/gtSeg/12/00000008_mask.json,2048,1536
rain_seq12_00000009,rain_seq12,rain,train,test,train/RAIN/rgb/12/00000009_rgb.png,train/RAIN/nir/12/00000009_nir.png,train/RAIN/gtSeg/12/00000009_mask.json,2048,1536
rain_seq12_00000010,rain_seq12,rain,train,test,train/RAIN/rgb/12/00000010_rgb.png,train/RAIN/nir/12/00000010_nir.png,train/RAIN/gtSeg/12/00000010_mask.json,2048,1536
rain_seq12_00000011,rain_seq12,rain,train,test,train/RAIN/rgb/12/00000011_rgb.png,train/RAIN/nir/12/00000011_nir.png,train/RAIN/gtSeg/12/00000011_mask.json,2048,1536
rain_seq12_00000012,rain_seq12,rain,train,test,train/RAIN/rgb/12/00000012_rgb.png,train/RAIN/nir/12/00000012_nir.png,train/RAIN/gtSeg/12/00000012_mask.json,2048,1536
rain_seq12_00000013,rain_seq12,rain,train,test,train/RAIN/rgb/12/00000013_rgb.png,train/RAIN/nir/12/00000013_nir.png,train/RAIN/gtSeg/12/00000013_mask.json,2048,1536
rain_seq12_00000014,rain_seq12,rain,train,test,train/RAIN/rgb/12/00000014_rgb.png,train/RAIN/nir/12/00000014_nir.png,train/RAIN/gtSeg/12/00000014_mask.json,2048,1536
rain_seq13_00000000,rain_seq13,rain,train,train,train/RAIN/rgb/13/00000000_rgb.png,train/RAIN/nir/13/00000000_nir.png,train/RAIN/gtSeg/13/00000000_mask.json,2048,1536
rain_seq13_00000001,rain_seq13,rain,train,train,train/RAIN/rgb/13/00000001_rgb.png,train/RAIN/nir/13/00000001_nir.png,train/RAIN/gtSeg/13/00000001_mask.json,2048,1536
rain_seq13_00000002,rain_seq13,rain,train,train,train/RAIN/rgb/13/00000002_rgb.png,train/RAIN/nir/13/00000002_nir.png,train/RAIN/gtSeg/13/00000002_mask.json,2048,1536
rain_seq13_00000003,rain_seq13,rain,train,train,train/RAIN/rgb/13/00000003_rgb.png,train/RAIN/nir/13/00000003_nir.png,train/RAIN/gtSeg/13/00000003_mask.json,2048,1536
rain_seq13_00000004,rain_seq13,rain,train,train,train/RAIN/rgb/13/00000004_rgb.png,train/RAIN/nir/13/00000004_nir.png,train/RAIN/gtSeg/13/00000004_mask.json,2048,1536
rain_seq13_00000005,rain_seq13,rain,train,train,train/RAIN/rgb/13/00000005_rgb.png,train/RAIN/nir/13/00000005_nir.png,train/RAIN/gtSeg/13/00000005_mask.json,2048,1536
rain_seq13_00000006,rain_seq13,rain,train,train,train/RAIN/rgb/13/00000006_rgb.png,train/RAIN/nir/13/00000006_nir.png,train/RAIN/gtSeg/13/00000006_mask.json,2048,1536
rain_seq13_00000007,rain_seq13,rain,train,train,train/RAIN/rgb/13/00000007_rgb.png,train/RAIN/nir/13/00000007_nir.png,train/RAIN/gtSeg/13/00000007_mask.json,2048,1536
rain_seq13_00000008,rain_seq13,rain,train,train,train/RAIN/rgb/13/00000008_rgb.png,train/RAIN/nir/13/00000008_nir.png,train/RAIN/gtSeg/13/00000008_mask.json,2048,1536
rain_seq13_00000009,rain_seq13,rain,train,train,train/RAIN/rgb/13/00000009_rgb.png,train/RAIN/nir/13/00000009_nir.png,train/RAIN/gtSeg/13/00000009_mask.json,2048,1536
rain_seq13_00000010,rain_seq13,rain,train,train,train/RAIN/rgb/13/00000010_rgb.png,train/RAIN/nir/13/00000010_nir.png,train/RAIN/gtSeg/13/00000010_mask.json,2048,1536
rain_seq13_00000011,rain_seq13,rain,train,train,train/RAIN/rgb/13/00000011_rgb.png,train/RAIN/nir/13/00000011_nir.png,train/RAIN/gtSeg/13/00000011_mask.json,2048,1536
rain_seq13_00000012,rain_seq13,rain,train,train,train/RAIN/rgb/13/00000012_rgb.png,train/RAIN/nir/13/00000012_nir.png,train/RAIN/gtSeg/13/00000012_mask.json,2048,1536
rain_seq13_00000013,rain_seq13,rain,train,train,train/RAIN/rgb/13/00000013_rgb.png,train/RAIN/nir/13/00000013_nir.png,train/RAIN/gtSeg/13/00000013_mask.json,2048,1536
rain_seq13_00000014,rain_seq13,rain,train,train,train/RAIN/rgb/13/00000014_rgb.png,train/RAIN/nir/13/00000014_nir.png,train/RAIN/gtSeg/13/00000014_mask.json,2048,1536
rain_seq13_00000015,rain_seq13,rain,train,train,train/RAIN/rgb/13/00000015_rgb.png,train/RAIN/nir/13/00000015_nir.png,train/RAIN/gtSeg/13/00000015_mask.json,2048,1536
rain_seq13_00000016,rain_seq13,rain,train,train,train/RAIN/rgb/13/00000016_rgb.png,train/RAIN/nir/13/00000016_nir.png,train/RAIN/gtSeg/13/00000016_mask.json,2048,1536
rain_seq13_00000017,rain_seq13,rain,train,train,train/RAIN/rgb/13/00000017_rgb.png,train/RAIN/nir/13/00000017_nir.png,train/RAIN/gtSeg/13/00000017_mask.json,2048,1536
rain_seq14_00000000,rain_seq14,rain,train,test,train/RAIN/rgb/14/00000000_rgb.png,train/RAIN/nir/14/00000000_nir.png,train/RAIN/gtSeg/14/00000000_mask.json,2048,1536
rain_seq14_00000001,rain_seq14,rain,train,test,train/RAIN/rgb/14/00000001_rgb.png,train/RAIN/nir/14/00000001_nir.png,train/RAIN/gtSeg/14/00000001_mask.json,2048,1536
rain_seq14_00000002,rain_seq14,rain,train,test,train/RAIN/rgb/14/00000002_rgb.png,train/RAIN/nir/14/00000002_nir.png,train/RAIN/gtSeg/14/00000002_mask.json,2048,1536
rain_seq14_00000003,rain_seq14,rain,train,test,train/RAIN/rgb/14/00000003_rgb.png,train/RAIN/nir/14/00000003_nir.png,train/RAIN/gtSeg/14/00000003_mask.json,2048,1536
rain_seq15_00000000,rain_seq15,rain,train,val,train/RAIN/rgb/15/00000000_rgb.png,train/RAIN/nir/15/00000000_nir.png,train/RAIN/gtSeg/15/00000000_mask.json,2048,1536
rain_seq15_00000001,rain_seq15,rain,train,val,train/RAIN/rgb/15/00000001_rgb.png,train/RAIN/nir/15/00000001_nir.png,train/RAIN/gtSeg/15/00000001_mask.json,2048,1536
rain_seq15_00000002,rain_seq15,rain,train,val,train/RAIN/rgb/15/00000002_rgb.png,train/RAIN/nir/15/00000002_nir.png,train/RAIN/gtSeg/15/00000002_mask.json,2048,1536
rain_seq15_00000003,rain_seq15,rain,train,val,train/RAIN/rgb/15/00000003_rgb.png,train/RAIN/nir/15/00000003_nir.png,train/RAIN/gtSeg/15/00000003_mask.json,2048,1536
rain_seq15_00000004,rain_seq15,rain,train,val,train/RAIN/rgb/15/00000004_rgb.png,train/RAIN/nir/15/00000004_nir.png,train/RAIN/gtSeg/15/00000004_mask.json,2048,1536
rain_seq15_00000005,rain_seq15,rain,train,val,train/RAIN/rgb/15/00000005_rgb.png,train/RAIN/nir/15/00000005_nir.png,train/RAIN/gtSeg/15/00000005_mask.json,2048,1536
rain_seq15_00000006,rain_seq15,rain,train,val,train/RAIN/rgb/15/00000006_rgb.png,train/RAIN/nir/15/00000006_nir.png,train/RAIN/gtSeg/15/00000006_mask.json,2048,1536
rain_seq15_00000007,rain_seq15,rain,train,val,train/RAIN/rgb/15/00000007_rgb.png,train/RAIN/nir/15/00000007_nir.png,train/RAIN/gtSeg/15/00000007_mask.json,2048,1536
rain_seq15_00000008,rain_seq15,rain,train,val,train/RAIN/rgb/15/00000008_rgb.png,train/RAIN/nir/15/00000008_nir.png,train/RAIN/gtSeg/15/00000008_mask.json,2048,1536
rain_seq15_00000009,rain_seq15,rain,train,val,train/RAIN/rgb/15/00000009_rgb.png,train/RAIN/nir/15/00000009_nir.png,train/RAIN/gtSeg/15/00000009_mask.json,2048,1536
rain_seq15_00000010,rain_seq15,rain,train,val,train/RAIN/rgb/15/00000010_rgb.png,train/RAIN/nir/15/00000010_nir.png,train/RAIN/gtSeg/15/00000010_mask.json,2048,1536
rain_seq15_00000011,rain_seq15,rain,train,val,train/RAIN/rgb/15/00000011_rgb.png,train/RAIN/nir/15/00000011_nir.png,train/RAIN/gtSeg/15/00000011_mask.json,2048,1536
rain_seq15_00000012,rain_seq15,rain,train,val,train/RAIN/rgb/15/00000012_rgb.png,train/RAIN/nir/15/00000012_nir.png,train/RAIN/gtSeg/15/00000012_mask.json,2048,1536
rain_seq15_00000013,rain_seq15,rain,train,val,train/RAIN/rgb/15/00000013_rgb.png,train/RAIN/nir/15/00000013_nir.png,train/RAIN/gtSeg/15/00000013_mask.json,2048,1536
rain_seq15_00000014,rain_seq15,rain,train,val,train/RAIN/rgb/15/00000014_rgb.png,train/RAIN/nir/15/00000014_nir.png,train/RAIN/gtSeg/15/00000014_mask.json,2048,1536
rain_seq15_00000015,rain_seq15,rain,train,val,train/RAIN/rgb/15/00000015_rgb.png,train/RAIN/nir/15/00000015_nir.png,train/RAIN/gtSeg/15/00000015_mask.json,2048,1536
rain_seq15_00000016,rain_seq15,rain,train,val,train/RAIN/rgb/15/00000016_rgb.png,train/RAIN/nir/15/00000016_nir.png,train/RAIN/gtSeg/15/00000016_mask.json,2048,1536
rain_seq16_00000000,rain_seq16,rain,train,test,train/RAIN/rgb/16/00000000_rgb.png,train/RAIN/nir/16/00000000_nir.png,train/RAIN/gtSeg/16/00000000_mask.json,2048,1536
rain_seq16_00000001,rain_seq16,rain,train,test,train/RAIN/rgb/16/00000001_rgb.png,train/RAIN/nir/16/00000001_nir.png,train/RAIN/gtSeg/16/00000001_mask.json,2048,1536
rain_seq17_00000000,rain_seq17,rain,train,test,train/RAIN/rgb/17/00000000_rgb.png,train/RAIN/nir/17/00000000_nir.png,train/RAIN/gtSeg/17/00000000_mask.json,2048,1536
rain_seq17_00000001,rain_seq17,rain,train,test,train/RAIN/rgb/17/00000001_rgb.png,train/RAIN/nir/17/00000001_nir.png,train/RAIN/gtSeg/17/00000001_mask.json,2048,1536
rain_seq17_00000002,rain_seq17,rain,train,test,train/RAIN/rgb/17/00000002_rgb.png,train/RAIN/nir/17/00000002_nir.png,train/RAIN/gtSeg/17/00000002_mask.json,2048,1536
rain_seq17_00000003,rain_seq17,rain,train,test,train/RAIN/rgb/17/00000003_rgb.png,train/RAIN/nir/17/00000003_nir.png,train/RAIN/gtSeg/17/00000003_mask.json,2048,1536
rain_seq17_00000004,rain_seq17,rain,train,test,train/RAIN/rgb/17/00000004_rgb.png,train/RAIN/nir/17/00000004_nir.png,train/RAIN/gtSeg/17/00000004_mask.json,2048,1536
rain_seq17_00000005,rain_seq17,rain,train,test,train/RAIN/rgb/17/00000005_rgb.png,train/RAIN/nir/17/00000005_nir.png,train/RAIN/gtSeg/17/00000005_mask.json,2048,1536
rain_seq21_00000000,rain_seq21,rain,train,val,train/RAIN/rgb/21/00000000_rgb.png,train/RAIN/nir/21/00000000_nir.png,train/RAIN/gtSeg/21/00000000_mask.json,2048,1536
rain_seq21_00000001,rain_seq21,rain,train,val,train/RAIN/rgb/21/00000001_rgb.png,train/RAIN/nir/21/00000001_nir.png,train/RAIN/gtSeg/21/00000001_mask.json,2048,1536
rain_seq21_00000002,rain_seq21,rain,train,val,train/RAIN/rgb/21/00000002_rgb.png,train/RAIN/nir/21/00000002_nir.png,train/RAIN/gtSeg/21/00000002_mask.json,2048,1536
rain_seq21_00000003,rain_seq21,rain,train,val,train/RAIN/rgb/21/00000003_rgb.png,train/RAIN/nir/21/00000003_nir.png,train/RAIN/gtSeg/21/00000003_mask.json,2048,1536
rain_seq21_00000004,rain_seq21,rain,train,val,train/RAIN/rgb/21/00000004_rgb.png,train/RAIN/nir/21/00000004_nir.png,train/RAIN/gtSeg/21/00000004_mask.json,2048,1536
rain_seq21_00000005,rain_seq21,rain,train,val,train/RAIN/rgb/21/00000005_rgb.png,train/RAIN/nir/21/00000005_nir.png,train/RAIN/gtSeg/21/00000005_mask.json,2048,1536
rain_seq21_00000006,rain_seq21,rain,train,val,train/RAIN/rgb/21/00000006_rgb.png,train/RAIN/nir/21/00000006_nir.png,train/RAIN/gtSeg/21/00000006_mask.json,2048,1536
rain_seq21_00000007,rain_seq21,rain,train,val,train/RAIN/rgb/21/00000007_rgb.png,train/RAIN/nir/21/00000007_nir.png,train/RAIN/gtSeg/21/00000007_mask.json,2048,1536
rain_seq21_00000008,rain_seq21,rain,train,val,train/RAIN/rgb/21/00000008_rgb.png,train/RAIN/nir/21/00000008_nir.png,train/RAIN/gtSeg/21/00000008_mask.json,2048,1536
rain_seq21_00000009,rain_seq21,rain,train,val,train/RAIN/rgb/21/00000009_rgb.png,train/RAIN/nir/21/00000009_nir.png,train/RAIN/gtSeg/21/00000009_mask.json,2048,1536
rain_seq21_00000010,rain_seq21,rain,train,val,train/RAIN/rgb/21/00000010_rgb.png,train/RAIN/nir/21/00000010_nir.png,train/RAIN/gtSeg/21/00000010_mask.json,2048,1536
rain_seq21_00000011,rain_seq21,rain,train,val,train/RAIN/rgb/21/00000011_rgb.png,train/RAIN/nir/21/00000011_nir.png,train/RAIN/gtSeg/21/00000011_mask.json,2048,1536
rain_seq21_00000012,rain_seq21,rain,train,val,train/RAIN/rgb/21/00000012_rgb.png,train/RAIN/nir/21/00000012_nir.png,train/RAIN/gtSeg/21/00000012_mask.json,2048,1536
rain_seq21_00000013,rain_seq21,rain,train,val,train/RAIN/rgb/21/00000013_rgb.png,train/RAIN/nir/21/00000013_nir.png,train/RAIN/gtSeg/21/00000013_mask.json,2048,1536
rain_seq21_00000014,rain_seq21,rain,train,val,train/RAIN/rgb/21/00000014_rgb.png,train/RAIN/nir/21/00000014_nir.png,train/RAIN/gtSeg/21/00000014_mask.json,2048,1536
rain_seq21_00000015,rain_seq21,rain,train,val,train/RAIN/rgb/21/00000015_rgb.png,train/RAIN/nir/21/00000015_nir.png,train/RAIN/gtSeg/21/00000015_mask.json,2048,1536
rain_seq21_00000016,rain_seq21,rain,train,val,train/RAIN/rgb/21/00000016_rgb.png,train/RAIN/nir/21/00000016_nir.png,train/RAIN/gtSeg/21/00000016_mask.json,2048,1536
rain_seq21_00000017,rain_seq21,rain,train,val,train/RAIN/rgb/21/00000017_rgb.png,train/RAIN/nir/21/00000017_nir.png,train/RAIN/gtSeg/21/00000017_mask.json,2048,1536
rain_seq21_00000018,rain_seq21,rain,train,val,train/RAIN/rgb/21/00000018_rgb.png,train/RAIN/nir/21/00000018_nir.png,train/RAIN/gtSeg/21/00000018_mask.json,2048,1536
rain_seq21_00000019,rain_seq21,rain,train,val,train/RAIN/rgb/21/00000019_rgb.png,train/RAIN/nir/21/00000019_nir.png,train/RAIN/gtSeg/21/00000019_mask.json,2048,1536
rain_seq22_00000000,rain_seq22,rain,val,train,val/RAIN/rgb/22/00000000_rgb.png,val/RAIN/nir/22/00000000_nir.png,val/RAIN/gtSeg/22/00000000_mask.json,2048,1536
rain_seq22_00000001,rain_seq22,rain,val,train,val/RAIN/rgb/22/00000001_rgb.png,val/RAIN/nir/22/00000001_nir.png,val/RAIN/gtSeg/22/00000001_mask.json,2048,1536
rain_seq22_00000002,rain_seq22,rain,val,train,val/RAIN/rgb/22/00000002_rgb.png,val/RAIN/nir/22/00000002_nir.png,val/RAIN/gtSeg/22/00000002_mask.json,2048,1536
rain_seq22_00000003,rain_seq22,rain,val,train,val/RAIN/rgb/22/00000003_rgb.png,val/RAIN/nir/22/00000003_nir.png,val/RAIN/gtSeg/22/00000003_mask.json,2048,1536
rain_seq22_00000004,rain_seq22,rain,val,train,val/RAIN/rgb/22/00000004_rgb.png,val/RAIN/nir/22/00000004_nir.png,val/RAIN/gtSeg/22/00000004_mask.json,2048,1536
rain_seq22_00000005,rain_seq22,rain,val,train,val/RAIN/rgb/22/00000005_rgb.png,val/RAIN/nir/22/00000005_nir.png,val/RAIN/gtSeg/22/00000005_mask.json,2048,1536
rain_seq22_00000006,rain_seq22,rain,val,train,val/RAIN/rgb/22/00000006_rgb.png,val/RAIN/nir/22/00000006_nir.png,val/RAIN/gtSeg/22/00000006_mask.json,2048,1536
rain_seq22_00000007,rain_seq22,rain,val,train,val/RAIN/rgb/22/00000007_rgb.png,val/RAIN/nir/22/00000007_nir.png,val/RAIN/gtSeg/22/00000007_mask.json,2048,1536
rain_seq22_00000008,rain_seq22,rain,val,train,val/RAIN/rgb/22/00000008_rgb.png,val/RAIN/nir/22/00000008_nir.png,val/RAIN/gtSeg/22/00000008_mask.json,2048,1536
rain_seq22_00000009,rain_seq22,rain,val,train,val/RAIN/rgb/22/00000009_rgb.png,val/RAIN/nir/22/00000009_nir.png,val/RAIN/gtSeg/22/00000009_mask.json,2048,1536
rain_seq22_00000010,rain_seq22,rain,val,train,val/RAIN/rgb/22/00000010_rgb.png,val/RAIN/nir/22/00000010_nir.png,val/RAIN/gtSeg/22/00000010_mask.json,2048,1536
rain_seq22_00000011,rain_seq22,rain,val,train,val/RAIN/rgb/22/00000011_rgb.png,val/RAIN/nir/22/00000011_nir.png,val/RAIN/gtSeg/22/00000011_mask.json,2048,1536
rain_seq22_00000012,rain_seq22,rain,val,train,val/RAIN/rgb/22/00000012_rgb.png,val/RAIN/nir/22/00000012_nir.png,val/RAIN/gtSeg/22/00000012_mask.json,2048,1536
rain_seq22_00000013,rain_seq22,rain,val,train,val/RAIN/rgb/22/00000013_rgb.png,val/RAIN/nir/22/00000013_nir.png,val/RAIN/gtSeg/22/00000013_mask.json,2048,1536
rain_seq22_00000014,rain_seq22,rain,val,train,val/RAIN/rgb/22/00000014_rgb.png,val/RAIN/nir/22/00000014_nir.png,val/RAIN/gtSeg/22/00000014_mask.json,2048,1536
rain_seq23_00000000,rain_seq23,rain,train,val,train/RAIN/rgb/23/00000000_rgb.png,train/RAIN/nir/23/00000000_nir.png,train/RAIN/gtSeg/23/00000000_mask.json,2048,1536
rain_seq23_00000001,rain_seq23,rain,train,val,train/RAIN/rgb/23/00000001_rgb.png,train/RAIN/nir/23/00000001_nir.png,train/RAIN/gtSeg/23/00000001_mask.json,2048,1536
rain_seq23_00000002,rain_seq23,rain,train,val,train/RAIN/rgb/23/00000002_rgb.png,train/RAIN/nir/23/00000002_nir.png,train/RAIN/gtSeg/23/00000002_mask.json,2048,1536
rain_seq23_00000003,rain_seq23,rain,train,val,train/RAIN/rgb/23/00000003_rgb.png,train/RAIN/nir/23/00000003_nir.png,train/RAIN/gtSeg/23/00000003_mask.json,2048,1536
rain_seq23_00000004,rain_seq23,rain,train,val,train/RAIN/rgb/23/00000004_rgb.png,train/RAIN/nir/23/00000004_nir.png,train/RAIN/gtSeg/23/00000004_mask.json,2048,1536
rain_seq25_00000000,rain_seq25,rain,train,test,train/RAIN/rgb/25/00000000_rgb.png,train/RAIN/nir/25/00000000_nir.png,train/RAIN/gtSeg/25/00000000_mask.json,2048,1536
rain_seq25_00000001,rain_seq25,rain,train,test,train/RAIN/rgb/25/00000001_rgb.png,train/RAIN/nir/25/00000001_nir.png,train/RAIN/gtSeg/25/00000001_mask.json,2048,1536
rain_seq25_00000002,rain_seq25,rain,train,test,train/RAIN/rgb/25/00000002_rgb.png,train/RAIN/nir/25/00000002_nir.png,train/RAIN/gtSeg/25/00000002_mask.json,2048,1536
rain_seq25_00000003,rain_seq25,rain,train,test,train/RAIN/rgb/25/00000003_rgb.png,train/RAIN/nir/25/00000003_nir.png,train/RAIN/gtSeg/25/00000003_mask.json,2048,1536
rain_seq25_00000004,rain_seq25,rain,train,test,train/RAIN/rgb/25/00000004_rgb.png,train/RAIN/nir/25/00000004_nir.png,train/RAIN/gtSeg/25/00000004_mask.json,2048,1536
rain_seq25_00000005,rain_seq25,rain,train,test,train/RAIN/rgb/25/00000005_rgb.png,train/RAIN/nir/25/00000005_nir.png,train/RAIN/gtSeg/25/00000005_mask.json,2048,1536
rain_seq25_00000006,rain_seq25,rain,train,test,train/RAIN/rgb/25/00000006_rgb.png,train/RAIN/nir/25/00000006_nir.png,train/RAIN/gtSeg/25/00000006_mask.json,2048,1536
rain_seq25_00000007,rain_seq25,rain,train,test,train/RAIN/rgb/25/00000007_rgb.png,train/RAIN/nir/25/00000007_nir.png,train/RAIN/gtSeg/25/00000007_mask.json,2048,1536
rain_seq25_00000008,rain_seq25,rain,train,test,train/RAIN/rgb/25/00000008_rgb.png,train/RAIN/nir/25/00000008_nir.png,train/RAIN/gtSeg/25/00000008_mask.json,2048,1536
rain_seq25_00000009,rain_seq25,rain,train,test,train/RAIN/rgb/25/00000009_rgb.png,train/RAIN/nir/25/00000009_nir.png,train/RAIN/gtSeg/25/00000009_mask.json,2048,1536
rain_seq25_00000010,rain_seq25,rain,train,test,train/RAIN/rgb/25/00000010_rgb.png,train/RAIN/nir/25/00000010_nir.png,train/RAIN/gtSeg/25/00000010_mask.json,2048,1536
rain_seq25_00000011,rain_seq25,rain,train,test,train/RAIN/rgb/25/00000011_rgb.png,train/RAIN/nir/25/00000011_nir.png,train/RAIN/gtSeg/25/00000011_mask.json,2048,1536
rain_seq25_00000012,rain_seq25,rain,train,test,train/RAIN/rgb/25/00000012_rgb.png,train/RAIN/nir/25/00000012_nir.png,train/RAIN/gtSeg/25/00000012_mask.json,2048,1536
rain_seq25_00000013,rain_seq25,rain,train,test,train/RAIN/rgb/25/00000013_rgb.png,train/RAIN/nir/25/00000013_nir.png,train/RAIN/gtSeg/25/00000013_mask.json,2048,1536
rain_seq25_00000014,rain_seq25,rain,train,test,train/RAIN/rgb/25/00000014_rgb.png,train/RAIN/nir/25/00000014_nir.png,train/RAIN/gtSeg/25/00000014_mask.json,2048,1536
rain_seq25_00000015,rain_seq25,rain,train,test,train/RAIN/rgb/25/00000015_rgb.png,train/RAIN/nir/25/00000015_nir.png,train/RAIN/gtSeg/25/00000015_mask.json,2048,1536
rain_seq25_00000016,rain_seq25,rain,train,test,train/RAIN/rgb/25/00000016_rgb.png,train/RAIN/nir/25/00000016_nir.png,train/RAIN/gtSeg/25/00000016_mask.json,2048,1536
rain_seq25_00000017,rain_seq25,rain,train,test,train/RAIN/rgb/25/00000017_rgb.png,train/RAIN/nir/25/00000017_nir.png,train/RAIN/gtSeg/25/00000017_mask.json,2048,1536
rain_seq25_00000018,rain_seq25,rain,train,test,train/RAIN/rgb/25/00000018_rgb.png,train/RAIN/nir/25/00000018_nir.png,train/RAIN/gtSeg/25/00000018_mask.json,2048,1536
rain_seq25_00000019,rain_seq25,rain,train,test,train/RAIN/rgb/25/00000019_rgb.png,train/RAIN/nir/25/00000019_nir.png,train/RAIN/gtSeg/25/00000019_mask.json,2048,1536
rain_seq25_00000020,rain_seq25,rain,train,test,train/RAIN/rgb/25/00000020_rgb.png,train/RAIN/nir/25/00000020_nir.png,train/RAIN/gtSeg/25/00000020_mask.json,2048,1536
rain_seq25_00000021,rain_seq25,rain,train,test,train/RAIN/rgb/25/00000021_rgb.png,train/RAIN/nir/25/00000021_nir.png,train/RAIN/gtSeg/25/00000021_mask.json,2048,1536
rain_seq25_00000022,rain_seq25,rain,train,test,train/RAIN/rgb/25/00000022_rgb.png,train/RAIN/nir/25/00000022_nir.png,train/RAIN/gtSeg/25/00000022_mask.json,2048,1536
rain_seq25_00000023,rain_seq25,rain,train,test,train/RAIN/rgb/25/00000023_rgb.png,train/RAIN/nir/25/00000023_nir.png,train/RAIN/gtSeg/25/00000023_mask.json,2048,1536
rain_seq25_00000024,rain_seq25,rain,train,test,train/RAIN/rgb/25/00000024_rgb.png,train/RAIN/nir/25/00000024_nir.png,train/RAIN/gtSeg/25/00000024_mask.json,2048,1536
rain_seq25_00000025,rain_seq25,rain,train,test,train/RAIN/rgb/25/00000025_rgb.png,train/RAIN/nir/25/00000025_nir.png,train/RAIN/gtSeg/25/00000025_mask.json,2048,1536
rain_seq25_00000026,rain_seq25,rain,train,test,train/RAIN/rgb/25/00000026_rgb.png,train/RAIN/nir/25/00000026_nir.png,train/RAIN/gtSeg/25/00000026_mask.json,2048,1536
rain_seq25_00000027,rain_seq25,rain,train,test,train/RAIN/rgb/25/00000027_rgb.png,train/RAIN/nir/25/00000027_nir.png,train/RAIN/gtSeg/25/00000027_mask.json,2048,1536
rain_seq25_00000028,rain_seq25,rain,train,test,train/RAIN/rgb/25/00000028_rgb.png,train/RAIN/nir/25/00000028_nir.png,train/RAIN/gtSeg/25/00000028_mask.json,2048,1536
rain_seq25_00000029,rain_seq25,rain,train,test,train/RAIN/rgb/25/00000029_rgb.png,train/RAIN/nir/25/00000029_nir.png,train/RAIN/gtSeg/25/00000029_mask.json,2048,1536
rain_seq26_00000000,rain_seq26,rain,val,test,val/RAIN/rgb/26/00000000_rgb.png,val/RAIN/nir/26/00000000_nir.png,val/RAIN/gtSeg/26/00000000_mask.json,2048,1536
rain_seq26_00000001,rain_seq26,rain,val,test,val/RAIN/rgb/26/00000001_rgb.png,val/RAIN/nir/26/00000001_nir.png,val/RAIN/gtSeg/26/00000001_mask.json,2048,1536
rain_seq26_00000002,rain_seq26,rain,val,test,val/RAIN/rgb/26/00000002_rgb.png,val/RAIN/nir/26/00000002_nir.png,val/RAIN/gtSeg/26/00000002_mask.json,2048,1536
rain_seq26_00000003,rain_seq26,rain,val,test,val/RAIN/rgb/26/00000003_rgb.png,val/RAIN/nir/26/00000003_nir.png,val/RAIN/gtSeg/26/00000003_mask.json,2048,1536
rain_seq26_00000004,rain_seq26,rain,val,test,val/RAIN/rgb/26/00000004_rgb.png,val/RAIN/nir/26/00000004_nir.png,val/RAIN/gtSeg/26/00000004_mask.json,2048,1536
rain_seq26_00000005,rain_seq26,rain,val,test,val/RAIN/rgb/26/00000005_rgb.png,val/RAIN/nir/26/00000005_nir.png,val/RAIN/gtSeg/26/00000005_mask.json,2048,1536
rain_seq26_00000006,rain_seq26,rain,val,test,val/RAIN/rgb/26/00000006_rgb.png,val/RAIN/nir/26/00000006_nir.png,val/RAIN/gtSeg/26/00000006_mask.json,2048,1536
rain_seq26_00000007,rain_seq26,rain,val,test,val/RAIN/rgb/26/00000007_rgb.png,val/RAIN/nir/26/00000007_nir.png,val/RAIN/gtSeg/26/00000007_mask.json,2048,1536
rain_seq26_00000008,rain_seq26,rain,val,test,val/RAIN/rgb/26/00000008_rgb.png,val/RAIN/nir/26/00000008_nir.png,val/RAIN/gtSeg/26/00000008_mask.json,2048,1536
rain_seq26_00000009,rain_seq26,rain,val,test,val/RAIN/rgb/26/00000009_rgb.png,val/RAIN/nir/26/00000009_nir.png,val/RAIN/gtSeg/26/00000009_mask.json,2048,1536
rain_seq26_00000010,rain_seq26,rain,val,test,val/RAIN/rgb/26/00000010_rgb.png,val/RAIN/nir/26/00000010_nir.png,val/RAIN/gtSeg/26/00000010_mask.json,2048,1536
rain_seq26_00000011,rain_seq26,rain,val,test,val/RAIN/rgb/26/00000011_rgb.png,val/RAIN/nir/26/00000011_nir.png,val/RAIN/gtSeg/26/00000011_mask.json,2048,1536
rain_seq26_00000012,rain_seq26,rain,val,test,val/RAIN/rgb/26/00000012_rgb.png,val/RAIN/nir/26/00000012_nir.png,val/RAIN/gtSeg/26/00000012_mask.json,2048,1536
rain_seq26_00000013,rain_seq26,rain,val,test,val/RAIN/rgb/26/00000013_rgb.png,val/RAIN/nir/26/00000013_nir.png,val/RAIN/gtSeg/26/00000013_mask.json,2048,1536
rain_seq26_00000014,rain_seq26,rain,val,test,val/RAIN/rgb/26/00000014_rgb.png,val/RAIN/nir/26/00000014_nir.png,val/RAIN/gtSeg/26/00000014_mask.json,2048,1536
rain_seq26_00000015,rain_seq26,rain,val,test,val/RAIN/rgb/26/00000015_rgb.png,val/RAIN/nir/26/00000015_nir.png,val/RAIN/gtSeg/26/00000015_mask.json,2048,1536
rain_seq27_00000000,rain_seq27,rain,train,train,train/RAIN/rgb/27/00000000_rgb.png,train/RAIN/nir/27/00000000_nir.png,train/RAIN/gtSeg/27/00000000_mask.json,2048,1536
rain_seq27_00000001,rain_seq27,rain,train,train,train/RAIN/rgb/27/00000001_rgb.png,train/RAIN/nir/27/00000001_nir.png,train/RAIN/gtSeg/27/00000001_mask.json,2048,1536
rain_seq27_00000002,rain_seq27,rain,train,train,train/RAIN/rgb/27/00000002_rgb.png,train/RAIN/nir/27/00000002_nir.png,train/RAIN/gtSeg/27/00000002_mask.json,2048,1536
rain_seq27_00000003,rain_seq27,rain,train,train,train/RAIN/rgb/27/00000003_rgb.png,train/RAIN/nir/27/00000003_nir.png,train/RAIN/gtSeg/27/00000003_mask.json,2048,1536
rain_seq27_00000004,rain_seq27,rain,train,train,train/RAIN/rgb/27/00000004_rgb.png,train/RAIN/nir/27/00000004_nir.png,train/RAIN/gtSeg/27/00000004_mask.json,2048,1536
rain_seq27_00000005,rain_seq27,rain,train,train,train/RAIN/rgb/27/00000005_rgb.png,train/RAIN/nir/27/00000005_nir.png,train/RAIN/gtSeg/27/00000005_mask.json,2048,1536
rain_seq27_00000006,rain_seq27,rain,train,train,train/RAIN/rgb/27/00000006_rgb.png,train/RAIN/nir/27/00000006_nir.png,train/RAIN/gtSeg/27/00000006_mask.json,2048,1536
rain_seq27_00000007,rain_seq27,rain,train,train,train/RAIN/rgb/27/00000007_rgb.png,train/RAIN/nir/27/00000007_nir.png,train/RAIN/gtSeg/27/00000007_mask.json,2048,1536
rain_seq27_00000008,rain_seq27,rain,train,train,train/RAIN/rgb/27/00000008_rgb.png,train/RAIN/nir/27/00000008_nir.png,train/RAIN/gtSeg/27/00000008_mask.json,2048,1536
rain_seq27_00000009,rain_seq27,rain,train,train,train/RAIN/rgb/27/00000009_rgb.png,train/RAIN/nir/27/00000009_nir.png,train/RAIN/gtSeg/27/00000009_mask.json,2048,1536
rain_seq27_00000010,rain_seq27,rain,train,train,train/RAIN/rgb/27/00000010_rgb.png,train/RAIN/nir/27/00000010_nir.png,train/RAIN/gtSeg/27/00000010_mask.json,2048,1536
rain_seq27_00000011,rain_seq27,rain,train,train,train/RAIN/rgb/27/00000011_rgb.png,train/RAIN/nir/27/00000011_nir.png,train/RAIN/gtSeg/27/00000011_mask.json,2048,1536
rain_seq27_00000012,rain_seq27,rain,train,train,train/RAIN/rgb/27/00000012_rgb.png,train/RAIN/nir/27/00000012_nir.png,train/RAIN/gtSeg/27/00000012_mask.json,2048,1536
rain_seq27_00000013,rain_seq27,rain,train,train,train/RAIN/rgb/27/00000013_rgb.png,train/RAIN/nir/27/00000013_nir.png,train/RAIN/gtSeg/27/00000013_mask.json,2048,1536
rain_seq27_00000014,rain_seq27,rain,train,train,train/RAIN/rgb/27/00000014_rgb.png,train/RAIN/nir/27/00000014_nir.png,train/RAIN/gtSeg/27/00000014_mask.json,2048,1536
rain_seq27_00000015,rain_seq27,rain,train,train,train/RAIN/rgb/27/00000015_rgb.png,train/RAIN/nir/27/00000015_nir.png,train/RAIN/gtSeg/27/00000015_mask.json,2048,1536
rain_seq27_00000016,rain_seq27,rain,train,train,train/RAIN/rgb/27/00000016_rgb.png,train/RAIN/nir/27/00000016_nir.png,train/RAIN/gtSeg/27/00000016_mask.json,2048,1536
rain_seq27_00000017,rain_seq27,rain,train,train,train/RAIN/rgb/27/00000017_rgb.png,train/RAIN/nir/27/00000017_nir.png,train/RAIN/gtSeg/27/00000017_mask.json,2048,1536
rain_seq27_00000018,rain_seq27,rain,train,train,train/RAIN/rgb/27/00000018_rgb.png,train/RAIN/nir/27/00000018_nir.png,train/RAIN/gtSeg/27/00000018_mask.json,2048,1536
rain_seq27_00000019,rain_seq27,rain,train,train,train/RAIN/rgb/27/00000019_rgb.png,train/RAIN/nir/27/00000019_nir.png,train/RAIN/gtSeg/27/00000019_mask.json,2048,1536
rain_seq27_00000020,rain_seq27,rain,train,train,train/RAIN/rgb/27/00000020_rgb.png,train/RAIN/nir/27/00000020_nir.png,train/RAIN/gtSeg/27/00000020_mask.json,2048,1536
rain_seq27_00000021,rain_seq27,rain,train,train,train/RAIN/rgb/27/00000021_rgb.png,train/RAIN/nir/27/00000021_nir.png,train/RAIN/gtSeg/27/00000021_mask.json,2048,1536
rain_seq27_00000022,rain_seq27,rain,train,train,train/RAIN/rgb/27/00000022_rgb.png,train/RAIN/nir/27/00000022_nir.png,train/RAIN/gtSeg/27/00000022_mask.json,2048,1536
rain_seq27_00000023,rain_seq27,rain,train,train,train/RAIN/rgb/27/00000023_rgb.png,train/RAIN/nir/27/00000023_nir.png,train/RAIN/gtSeg/27/00000023_mask.json,2048,1536
rain_seq27_00000024,rain_seq27,rain,train,train,train/RAIN/rgb/27/00000024_rgb.png,train/RAIN/nir/27/00000024_nir.png,train/RAIN/gtSeg/27/00000024_mask.json,2048,1536
rain_seq27_00000025,rain_seq27,rain,train,train,train/RAIN/rgb/27/00000025_rgb.png,train/RAIN/nir/27/00000025_nir.png,train/RAIN/gtSeg/27/00000025_mask.json,2048,1536
rain_seq27_00000026,rain_seq27,rain,train,train,train/RAIN/rgb/27/00000026_rgb.png,train/RAIN/nir/27/00000026_nir.png,train/RAIN/gtSeg/27/00000026_mask.json,2048,1536
rain_seq27_00000027,rain_seq27,rain,train,train,train/RAIN/rgb/27/00000027_rgb.png,train/RAIN/nir/27/00000027_nir.png,train/RAIN/gtSeg/27/00000027_mask.json,2048,1536
rain_seq27_00000028,rain_seq27,rain,train,train,train/RAIN/rgb/27/00000028_rgb.png,train/RAIN/nir/27/00000028_nir.png,train/RAIN/gtSeg/27/00000028_mask.json,2048,1536
rain_seq27_00000029,rain_seq27,rain,train,train,train/RAIN/rgb/27/00000029_rgb.png,train/RAIN/nir/27/00000029_nir.png,train/RAIN/gtSeg/27/00000029_mask.json,2048,1536
rain_seq27_00000030,rain_seq27,rain,train,train,train/RAIN/rgb/27/00000030_rgb.png,train/RAIN/nir/27/00000030_nir.png,train/RAIN/gtSeg/27/00000030_mask.json,2048,1536
rain_seq27_00000031,rain_seq27,rain,train,train,train/RAIN/rgb/27/00000031_rgb.png,train/RAIN/nir/27/00000031_nir.png,train/RAIN/gtSeg/27/00000031_mask.json,2048,1536
rain_seq27_00000032,rain_seq27,rain,train,train,train/RAIN/rgb/27/00000032_rgb.png,train/RAIN/nir/27/00000032_nir.png,train/RAIN/gtSeg/27/00000032_mask.json,2048,1536
rain_seq27_00000033,rain_seq27,rain,train,train,train/RAIN/rgb/27/00000033_rgb.png,train/RAIN/nir/27/00000033_nir.png,train/RAIN/gtSeg/27/00000033_mask.json,2048,1536
rain_seq27_00000034,rain_seq27,rain,train,train,train/RAIN/rgb/27/00000034_rgb.png,train/RAIN/nir/27/00000034_nir.png,train/RAIN/gtSeg/27/00000034_mask.json,2048,1536
rain_seq27_00000035,rain_seq27,rain,train,train,train/RAIN/rgb/27/00000035_rgb.png,train/RAIN/nir/27/00000035_nir.png,train/RAIN/gtSeg/27/00000035_mask.json,2048,1536
rain_seq27_00000036,rain_seq27,rain,train,train,train/RAIN/rgb/27/00000036_rgb.png,train/RAIN/nir/27/00000036_nir.png,train/RAIN/gtSeg/27/00000036_mask.json,2048,1536
rain_seq27_00000037,rain_seq27,rain,train,train,train/RAIN/rgb/27/00000037_rgb.png,train/RAIN/nir/27/00000037_nir.png,train/RAIN/gtSeg/27/00000037_mask.json,2048,1536
rain_seq27_00000038,rain_seq27,rain,train,train,train/RAIN/rgb/27/00000038_rgb.png,train/RAIN/nir/27/00000038_nir.png,train/RAIN/gtSeg/27/00000038_mask.json,2048,1536
rain_seq27_00000039,rain_seq27,rain,train,train,train/RAIN/rgb/27/00000039_rgb.png,train/RAIN/nir/27/00000039_nir.png,train/RAIN/gtSeg/27/00000039_mask.json,2048,1536
rain_seq27_00000040,rain_seq27,rain,train,train,train/RAIN/rgb/27/00000040_rgb.png,train/RAIN/nir/27/00000040_nir.png,train/RAIN/gtSeg/27/00000040_mask.json,2048,1536
rain_seq27_00000041,rain_seq27,rain,train,train,train/RAIN/rgb/27/00000041_rgb.png,train/RAIN/nir/27/00000041_nir.png,train/RAIN/gtSeg/27/00000041_mask.json,2048,1536
rain_seq27_00000042,rain_seq27,rain,train,train,train/RAIN/rgb/27/00000042_rgb.png,train/RAIN/nir/27/00000042_nir.png,train/RAIN/gtSeg/27/00000042_mask.json,2048,1536
rain_seq27_00000043,rain_seq27,rain,train,train,train/RAIN/rgb/27/00000043_rgb.png,train/RAIN/nir/27/00000043_nir.png,train/RAIN/gtSeg/27/00000043_mask.json,2048,1536
rain_seq27_00000044,rain_seq27,rain,train,train,train/RAIN/rgb/27/00000044_rgb.png,train/RAIN/nir/27/00000044_nir.png,train/RAIN/gtSeg/27/00000044_mask.json,2048,1536
rain_seq27_00000045,rain_seq27,rain,train,train,train/RAIN/rgb/27/00000045_rgb.png,train/RAIN/nir/27/00000045_nir.png,train/RAIN/gtSeg/27/00000045_mask.json,2048,1536
rain_seq27_00000046,rain_seq27,rain,train,train,train/RAIN/rgb/27/00000046_rgb.png,train/RAIN/nir/27/00000046_nir.png,train/RAIN/gtSeg/27/00000046_mask.json,2048,1536
rain_seq27_00000047,rain_seq27,rain,train,train,train/RAIN/rgb/27/00000047_rgb.png,train/RAIN/nir/27/00000047_nir.png,train/RAIN/gtSeg/27/00000047_mask.json,2048,1536
rain_seq27_00000048,rain_seq27,rain,train,train,train/RAIN/rgb/27/00000048_rgb.png,train/RAIN/nir/27/00000048_nir.png,train/RAIN/gtSeg/27/00000048_mask.json,2048,1536
rain_seq27_00000049,rain_seq27,rain,train,train,train/RAIN/rgb/27/00000049_rgb.png,train/RAIN/nir/27/00000049_nir.png,train/RAIN/gtSeg/27/00000049_mask.json,2048,1536
rain_seq27_00000050,rain_seq27,rain,train,train,train/RAIN/rgb/27/00000050_rgb.png,train/RAIN/nir/27/00000050_nir.png,train/RAIN/gtSeg/27/00000050_mask.json,2048,1536
rain_seq27_00000051,rain_seq27,rain,train,train,train/RAIN/rgb/27/00000051_rgb.png,train/RAIN/nir/27/00000051_nir.png,train/RAIN/gtSeg/27/00000051_mask.json,2048,1536
rain_seq27_00000052,rain_seq27,rain,train,train,train/RAIN/rgb/27/00000052_rgb.png,train/RAIN/nir/27/00000052_nir.png,train/RAIN/gtSeg/27/00000052_mask.json,2048,1536
rain_seq27_00000053,rain_seq27,rain,train,train,train/RAIN/rgb/27/00000053_rgb.png,train/RAIN/nir/27/00000053_nir.png,train/RAIN/gtSeg/27/00000053_mask.json,2048,1536
rain_seq27_00000054,rain_seq27,rain,train,train,train/RAIN/rgb/27/00000054_rgb.png,train/RAIN/nir/27/00000054_nir.png,train/RAIN/gtSeg/27/00000054_mask.json,2048,1536
rain_seq27_00000055,rain_seq27,rain,train,train,train/RAIN/rgb/27/00000055_rgb.png,train/RAIN/nir/27/00000055_nir.png,train/RAIN/gtSeg/27/00000055_mask.json,2048,1536
rain_seq27_00000056,rain_seq27,rain,train,train,train/RAIN/rgb/27/00000056_rgb.png,train/RAIN/nir/27/00000056_nir.png,train/RAIN/gtSeg/27/00000056_mask.json,2048,1536
rain_seq27_00000057,rain_seq27,rain,train,train,train/RAIN/rgb/27/00000057_rgb.png,train/RAIN/nir/27/00000057_nir.png,train/RAIN/gtSeg/27/00000057_mask.json,2048,1536
rain_seq27_00000058,rain_seq27,rain,train,train,train/RAIN/rgb/27/00000058_rgb.png,train/RAIN/nir/27/00000058_nir.png,train/RAIN/gtSeg/27/00000058_mask.json,2048,1536
rain_seq27_00000059,rain_seq27,rain,train,train,train/RAIN/rgb/27/00000059_rgb.png,train/RAIN/nir/27/00000059_nir.png,train/RAIN/gtSeg/27/00000059_mask.json,2048,1536
rain_seq27_00000060,rain_seq27,rain,train,train,train/RAIN/rgb/27/00000060_rgb.png,train/RAIN/nir/27/00000060_nir.png,train/RAIN/gtSeg/27/00000060_mask.json,2048,1536
rain_seq27_00000061,rain_seq27,rain,train,train,train/RAIN/rgb/27/00000061_rgb.png,train/RAIN/nir/27/00000061_nir.png,train/RAIN/gtSeg/27/00000061_mask.json,2048,1536
rain_seq27_00000062,rain_seq27,rain,train,train,train/RAIN/rgb/27/00000062_rgb.png,train/RAIN/nir/27/00000062_nir.png,train/RAIN/gtSeg/27/00000062_mask.json,2048,1536
rain_seq27_00000063,rain_seq27,rain,train,train,train/RAIN/rgb/27/00000063_rgb.png,train/RAIN/nir/27/00000063_nir.png,train/RAIN/gtSeg/27/00000063_mask.json,2048,1536
rain_seq27_00000064,rain_seq27,rain,train,train,train/RAIN/rgb/27/00000064_rgb.png,train/RAIN/nir/27/00000064_nir.png,train/RAIN/gtSeg/27/00000064_mask.json,2048,1536
rain_seq27_00000065,rain_seq27,rain,train,train,train/RAIN/rgb/27/00000065_rgb.png,train/RAIN/nir/27/00000065_nir.png,train/RAIN/gtSeg/27/00000065_mask.json,2048,1536
rain_seq27_00000066,rain_seq27,rain,train,train,train/RAIN/rgb/27/00000066_rgb.png,train/RAIN/nir/27/00000066_nir.png,train/RAIN/gtSeg/27/00000066_mask.json,2048,1536
rain_seq27_00000067,rain_seq27,rain,train,train,train/RAIN/rgb/27/00000067_rgb.png,train/RAIN/nir/27/00000067_nir.png,train/RAIN/gtSeg/27/00000067_mask.json,2048,1536
rain_seq27_00000068,rain_seq27,rain,train,train,train/RAIN/rgb/27/00000068_rgb.png,train/RAIN/nir/27/00000068_nir.png,train/RAIN/gtSeg/27/00000068_mask.json,2048,1536
rain_seq27_00000069,rain_seq27,rain,train,train,train/RAIN/rgb/27/00000069_rgb.png,train/RAIN/nir/27/00000069_nir.png,train/RAIN/gtSeg/27/00000069_mask.json,2048,1536
rain_seq27_00000070,rain_seq27,rain,train,train,train/RAIN/rgb/27/00000070_rgb.png,train/RAIN/nir/27/00000070_nir.png,train/RAIN/gtSeg/27/00000070_mask.json,2048,1536
rain_seq27_00000071,rain_seq27,rain,train,train,train/RAIN/rgb/27/00000071_rgb.png,train/RAIN/nir/27/00000071_nir.png,train/RAIN/gtSeg/27/00000071_mask.json,2048,1536
rain_seq27_00000072,rain_seq27,rain,train,train,train/RAIN/rgb/27/00000072_rgb.png,train/RAIN/nir/27/00000072_nir.png,train/RAIN/gtSeg/27/00000072_mask.json,2048,1536
rain_seq27_00000073,rain_seq27,rain,train,train,train/RAIN/rgb/27/00000073_rgb.png,train/RAIN/nir/27/00000073_nir.png,train/RAIN/gtSeg/27/00000073_mask.json,2048,1536
rain_seq27_00000074,rain_seq27,rain,train,train,train/RAIN/rgb/27/00000074_rgb.png,train/RAIN/nir/27/00000074_nir.png,train/RAIN/gtSeg/27/00000074_mask.json,2048,1536
rain_seq27_00000075,rain_seq27,rain,train,train,train/RAIN/rgb/27/00000075_rgb.png,train/RAIN/nir/27/00000075_nir.png,train/RAIN/gtSeg/27/00000075_mask.json,2048,1536
rain_seq27_00000076,rain_seq27,rain,train,train,train/RAIN/rgb/27/00000076_rgb.png,train/RAIN/nir/27/00000076_nir.png,train/RAIN/gtSeg/27/00000076_mask.json,2048,1536
rain_seq27_00000077,rain_seq27,rain,train,train,train/RAIN/rgb/27/00000077_rgb.png,train/RAIN/nir/27/00000077_nir.png,train/RAIN/gtSeg/27/00000077_mask.json,2048,1536
rain_seq27_00000078,rain_seq27,rain,train,train,train/RAIN/rgb/27/00000078_rgb.png,train/RAIN/nir/27/00000078_nir.png,train/RAIN/gtSeg/27/00000078_mask.json,2048,1536
rain_seq27_00000079,rain_seq27,rain,train,train,train/RAIN/rgb/27/00000079_rgb.png,train/RAIN/nir/27/00000079_nir.png,train/RAIN/gtSeg/27/00000079_mask.json,2048,1536
rain_seq27_00000080,rain_seq27,rain,train,train,train/RAIN/rgb/27/00000080_rgb.png,train/RAIN/nir/27/00000080_nir.png,train/RAIN/gtSeg/27/00000080_mask.json,2048,1536
rain_seq27_00000081,rain_seq27,rain,train,train,train/RAIN/rgb/27/00000081_rgb.png,train/RAIN/nir/27/00000081_nir.png,train/RAIN/gtSeg/27/00000081_mask.json,2048,1536
rain_seq27_00000082,rain_seq27,rain,train,train,train/RAIN/rgb/27/00000082_rgb.png,train/RAIN/nir/27/00000082_nir.png,train/RAIN/gtSeg/27/00000082_mask.json,2048,1536
rain_seq27_00000083,rain_seq27,rain,train,train,train/RAIN/rgb/27/00000083_rgb.png,train/RAIN/nir/27/00000083_nir.png,train/RAIN/gtSeg/27/00000083_mask.json,2048,1536
rain_seq27_00000084,rain_seq27,rain,train,train,train/RAIN/rgb/27/00000084_rgb.png,train/RAIN/nir/27/00000084_nir.png,train/RAIN/gtSeg/27/00000084_mask.json,2048,1536
rain_seq27_00000085,rain_seq27,rain,train,train,train/RAIN/rgb/27/00000085_rgb.png,train/RAIN/nir/27/00000085_nir.png,train/RAIN/gtSeg/27/00000085_mask.json,2048,1536
rain_seq27_00000086,rain_seq27,rain,train,train,train/RAIN/rgb/27/00000086_rgb.png,train/RAIN/nir/27/00000086_nir.png,train/RAIN/gtSeg/27/00000086_mask.json,2048,1536
rain_seq27_00000087,rain_seq27,rain,train,train,train/RAIN/rgb/27/00000087_rgb.png,train/RAIN/nir/27/00000087_nir.png,train/RAIN/gtSeg/27/00000087_mask.json,2048,1536
rain_seq27_00000088,rain_seq27,rain,train,train,train/RAIN/rgb/27/00000088_rgb.png,train/RAIN/nir/27/00000088_nir.png,train/RAIN/gtSeg/27/00000088_mask.json,2048,1536
rain_seq27_00000089,rain_seq27,rain,train,train,train/RAIN/rgb/27/00000089_rgb.png,train/RAIN/nir/27/00000089_nir.png,train/RAIN/gtSeg/27/00000089_mask.json,2048,1536
rain_seq27_00000090,rain_seq27,rain,train,train,train/RAIN/rgb/27/00000090_rgb.png,train/RAIN/nir/27/00000090_nir.png,train/RAIN/gtSeg/27/00000090_mask.json,2048,1536
rain_seq27_00000091,rain_seq27,rain,train,train,train/RAIN/rgb/27/00000091_rgb.png,train/RAIN/nir/27/00000091_nir.png,train/RAIN/gtSeg/27/00000091_mask.json,2048,1536
rain_seq27_00000092,rain_seq27,rain,train,train,train/RAIN/rgb/27/00000092_rgb.png,train/RAIN/nir/27/00000092_nir.png,train/RAIN/gtSeg/27/00000092_mask.json,2048,1536
rain_seq27_00000093,rain_seq27,rain,train,train,train/RAIN/rgb/27/00000093_rgb.png,train/RAIN/nir/27/00000093_nir.png,train/RAIN/gtSeg/27/00000093_mask.json,2048,1536
rain_seq27_00000094,rain_seq27,rain,train,train,train/RAIN/rgb/27/00000094_rgb.png,train/RAIN/nir/27/00000094_nir.png,train/RAIN/gtSeg/27/00000094_mask.json,2048,1536
rain_seq27_00000095,rain_seq27,rain,train,train,train/RAIN/rgb/27/00000095_rgb.png,train/RAIN/nir/27/00000095_nir.png,train/RAIN/gtSeg/27/00000095_mask.json,2048,1536
rain_seq27_00000096,rain_seq27,rain,train,train,train/RAIN/rgb/27/00000096_rgb.png,train/RAIN/nir/27/00000096_nir.png,train/RAIN/gtSeg/27/00000096_mask.json,2048,1536
rain_seq27_00000097,rain_seq27,rain,train,train,train/RAIN/rgb/27/00000097_rgb.png,train/RAIN/nir/27/00000097_nir.png,train/RAIN/gtSeg/27/00000097_mask.json,2048,1536
rain_seq27_00000098,rain_seq27,rain,train,train,train/RAIN/rgb/27/00000098_rgb.png,train/RAIN/nir/27/00000098_nir.png,train/RAIN/gtSeg/27/00000098_mask.json,2048,1536
rain_seq27_00000099,rain_seq27,rain,train,train,train/RAIN/rgb/27/00000099_rgb.png,train/RAIN/nir/27/00000099_nir.png,train/RAIN/gtSeg/27/00000099_mask.json,2048,1536
rain_seq27_00000100,rain_seq27,rain,train,train,train/RAIN/rgb/27/00000100_rgb.png,train/RAIN/nir/27/00000100_nir.png,train/RAIN/gtSeg/27/00000100_mask.json,2048,1536
rain_seq27_00000101,rain_seq27,rain,train,train,train/RAIN/rgb/27/00000101_rgb.png,train/RAIN/nir/27/00000101_nir.png,train/RAIN/gtSeg/27/00000101_mask.json,2048,1536
rain_seq27_00000102,rain_seq27,rain,train,train,train/RAIN/rgb/27/00000102_rgb.png,train/RAIN/nir/27/00000102_nir.png,train/RAIN/gtSeg/27/00000102_mask.json,2048,1536
rain_seq27_00000103,rain_seq27,rain,train,train,train/RAIN/rgb/27/00000103_rgb.png,train/RAIN/nir/27/00000103_nir.png,train/RAIN/gtSeg/27/00000103_mask.json,2048,1536
rain_seq27_00000104,rain_seq27,rain,train,train,train/RAIN/rgb/27/00000104_rgb.png,train/RAIN/nir/27/00000104_nir.png,train/RAIN/gtSeg/27/00000104_mask.json,2048,1536
rain_seq27_00000105,rain_seq27,rain,train,train,train/RAIN/rgb/27/00000105_rgb.png,train/RAIN/nir/27/00000105_nir.png,train/RAIN/gtSeg/27/00000105_mask.json,2048,1536
rain_seq29_00000000,rain_seq29,rain,train,train,train/RAIN/rgb/29/00000000_rgb.png,train/RAIN/nir/29/00000000_nir.png,train/RAIN/gtSeg/29/00000000_mask.json,2048,1536
rain_seq29_00000001,rain_seq29,rain,train,train,train/RAIN/rgb/29/00000001_rgb.png,train/RAIN/nir/29/00000001_nir.png,train/RAIN/gtSeg/29/00000001_mask.json,2048,1536
rain_seq29_00000002,rain_seq29,rain,train,train,train/RAIN/rgb/29/00000002_rgb.png,train/RAIN/nir/29/00000002_nir.png,train/RAIN/gtSeg/29/00000002_mask.json,2048,1536
rain_seq29_00000003,rain_seq29,rain,train,train,train/RAIN/rgb/29/00000003_rgb.png,train/RAIN/nir/29/00000003_nir.png,train/RAIN/gtSeg/29/00000003_mask.json,2048,1536
rain_seq29_00000004,rain_seq29,rain,train,train,train/RAIN/rgb/29/00000004_rgb.png,train/RAIN/nir/29/00000004_nir.png,train/RAIN/gtSeg/29/00000004_mask.json,2048,1536
rain_seq29_00000005,rain_seq29,rain,train,train,train/RAIN/rgb/29/00000005_rgb.png,train/RAIN/nir/29/00000005_nir.png,train/RAIN/gtSeg/29/00000005_mask.json,2048,1536
rain_seq29_00000006,rain_seq29,rain,train,train,train/RAIN/rgb/29/00000006_rgb.png,train/RAIN/nir/29/00000006_nir.png,train/RAIN/gtSeg/29/00000006_mask.json,2048,1536
rain_seq29_00000007,rain_seq29,rain,train,train,train/RAIN/rgb/29/00000007_rgb.png,train/RAIN/nir/29/00000007_nir.png,train/RAIN/gtSeg/29/00000007_mask.json,2048,1536
rain_seq29_00000008,rain_seq29,rain,train,train,train/RAIN/rgb/29/00000008_rgb.png,train/RAIN/nir/29/00000008_nir.png,train/RAIN/gtSeg/29/00000008_mask.json,2048,1536
rain_seq29_00000009,rain_seq29,rain,train,train,train/RAIN/rgb/29/00000009_rgb.png,train/RAIN/nir/29/00000009_nir.png,train/RAIN/gtSeg/29/00000009_mask.json,2048,1536
rain_seq29_00000010,rain_seq29,rain,train,train,train/RAIN/rgb/29/00000010_rgb.png,train/RAIN/nir/29/00000010_nir.png,train/RAIN/gtSeg/29/00000010_mask.json,2048,1536
rain_seq29_00000011,rain_seq29,rain,train,train,train/RAIN/rgb/29/00000011_rgb.png,train/RAIN/nir/29/00000011_nir.png,train/RAIN/gtSeg/29/00000011_mask.json,2048,1536
rain_seq29_00000012,rain_seq29,rain,train,train,train/RAIN/rgb/29/00000012_rgb.png,train/RAIN/nir/29/00000012_nir.png,train/RAIN/gtSeg/29/00000012_mask.json,2048,1536
rain_seq29_00000013,rain_seq29,rain,train,train,train/RAIN/rgb/29/00000013_rgb.png,train/RAIN/nir/29/00000013_nir.png,train/RAIN/gtSeg/29/00000013_mask.json,2048,1536
rain_seq29_00000014,rain_seq29,rain,train,train,train/RAIN/rgb/29/00000014_rgb.png,train/RAIN/nir/29/00000014_nir.png,train/RAIN/gtSeg/29/00000014_mask.json,2048,1536
rain_seq29_00000015,rain_seq29,rain,train,train,train/RAIN/rgb/29/00000015_rgb.png,train/RAIN/nir/29/00000015_nir.png,train/RAIN/gtSeg/29/00000015_mask.json,2048,1536
rain_seq29_00000016,rain_seq29,rain,train,train,train/RAIN/rgb/29/00000016_rgb.png,train/RAIN/nir/29/00000016_nir.png,train/RAIN/gtSeg/29/00000016_mask.json,2048,1536
rain_seq29_00000017,rain_seq29,rain,train,train,train/RAIN/rgb/29/00000017_rgb.png,train/RAIN/nir/29/00000017_nir.png,train/RAIN/gtSeg/29/00000017_mask.json,2048,1536
rain_seq29_00000018,rain_seq29,rain,train,train,train/RAIN/rgb/29/00000018_rgb.png,train/RAIN/nir/29/00000018_nir.png,train/RAIN/gtSeg/29/00000018_mask.json,2048,1536
rain_seq29_00000019,rain_seq29,rain,train,train,train/RAIN/rgb/29/00000019_rgb.png,train/RAIN/nir/29/00000019_nir.png,train/RAIN/gtSeg/29/00000019_mask.json,2048,1536
rain_seq30_00000000,rain_seq30,rain,train,test,train/RAIN/rgb/30/00000000_rgb.png,train/RAIN/nir/30/00000000_nir.png,train/RAIN/gtSeg/30/00000000_mask.json,2048,1536
rain_seq30_00000001,rain_seq30,rain,train,test,train/RAIN/rgb/30/00000001_rgb.png,train/RAIN/nir/30/00000001_nir.png,train/RAIN/gtSeg/30/00000001_mask.json,2048,1536
rain_seq30_00000002,rain_seq30,rain,train,test,train/RAIN/rgb/30/00000002_rgb.png,train/RAIN/nir/30/00000002_nir.png,train/RAIN/gtSeg/30/00000002_mask.json,2048,1536
rain_seq30_00000003,rain_seq30,rain,train,test,train/RAIN/rgb/30/00000003_rgb.png,train/RAIN/nir/30/00000003_nir.png,train/RAIN/gtSeg/30/00000003_mask.json,2048,1536
rain_seq30_00000004,rain_seq30,rain,train,test,train/RAIN/rgb/30/00000004_rgb.png,train/RAIN/nir/30/00000004_nir.png,train/RAIN/gtSeg/30/00000004_mask.json,2048,1536
rain_seq30_00000005,rain_seq30,rain,train,test,train/RAIN/rgb/30/00000005_rgb.png,train/RAIN/nir/30/00000005_nir.png,train/RAIN/gtSeg/30/00000005_mask.json,2048,1536
rain_seq30_00000006,rain_seq30,rain,train,test,train/RAIN/rgb/30/00000006_rgb.png,train/RAIN/nir/30/00000006_nir.png,train/RAIN/gtSeg/30/00000006_mask.json,2048,1536
rain_seq30_00000007,rain_seq30,rain,train,test,train/RAIN/rgb/30/00000007_rgb.png,train/RAIN/nir/30/00000007_nir.png,train/RAIN/gtSeg/30/00000007_mask.json,2048,1536
rain_seq30_00000008,rain_seq30,rain,train,test,train/RAIN/rgb/30/00000008_rgb.png,train/RAIN/nir/30/00000008_nir.png,train/RAIN/gtSeg/30/00000008_mask.json,2048,1536
rain_seq30_00000009,rain_seq30,rain,train,test,train/RAIN/rgb/30/00000009_rgb.png,train/RAIN/nir/30/00000009_nir.png,train/RAIN/gtSeg/30/00000009_mask.json,2048,1536
rain_seq30_00000010,rain_seq30,rain,train,test,train/RAIN/rgb/30/00000010_rgb.png,train/RAIN/nir/30/00000010_nir.png,train/RAIN/gtSeg/30/00000010_mask.json,2048,1536
rain_seq30_00000011,rain_seq30,rain,train,test,train/RAIN/rgb/30/00000011_rgb.png,train/RAIN/nir/30/00000011_nir.png,train/RAIN/gtSeg/30/00000011_mask.json,2048,1536
rain_seq30_00000012,rain_seq30,rain,train,test,train/RAIN/rgb/30/00000012_rgb.png,train/RAIN/nir/30/00000012_nir.png,train/RAIN/gtSeg/30/00000012_mask.json,2048,1536
rain_seq30_00000013,rain_seq30,rain,train,test,train/RAIN/rgb/30/00000013_rgb.png,train/RAIN/nir/30/00000013_nir.png,train/RAIN/gtSeg/30/00000013_mask.json,2048,1536
rain_seq30_00000014,rain_seq30,rain,train,test,train/RAIN/rgb/30/00000014_rgb.png,train/RAIN/nir/30/00000014_nir.png,train/RAIN/gtSeg/30/00000014_mask.json,2048,1536
rain_seq30_00000015,rain_seq30,rain,train,test,train/RAIN/rgb/30/00000015_rgb.png,train/RAIN/nir/30/00000015_nir.png,train/RAIN/gtSeg/30/00000015_mask.json,2048,1536
rain_seq30_00000016,rain_seq30,rain,train,test,train/RAIN/rgb/30/00000016_rgb.png,train/RAIN/nir/30/00000016_nir.png,train/RAIN/gtSeg/30/00000016_mask.json,2048,1536
rain_seq30_00000017,rain_seq30,rain,train,test,train/RAIN/rgb/30/00000017_rgb.png,train/RAIN/nir/30/00000017_nir.png,train/RAIN/gtSeg/30/00000017_mask.json,2048,1536
rain_seq30_00000018,rain_seq30,rain,train,test,train/RAIN/rgb/30/00000018_rgb.png,train/RAIN/nir/30/00000018_nir.png,train/RAIN/gtSeg/30/00000018_mask.json,2048,1536
rain_seq30_00000019,rain_seq30,rain,train,test,train/RAIN/rgb/30/00000019_rgb.png,train/RAIN/nir/30/00000019_nir.png,train/RAIN/gtSeg/30/00000019_mask.json,2048,1536
rain_seq30_00000020,rain_seq30,rain,train,test,train/RAIN/rgb/30/00000020_rgb.png,train/RAIN/nir/30/00000020_nir.png,train/RAIN/gtSeg/30/00000020_mask.json,2048,1536
rain_seq30_00000021,rain_seq30,rain,train,test,train/RAIN/rgb/30/00000021_rgb.png,train/RAIN/nir/30/00000021_nir.png,train/RAIN/gtSeg/30/00000021_mask.json,2048,1536
rain_seq30_00000022,rain_seq30,rain,train,test,train/RAIN/rgb/30/00000022_rgb.png,train/RAIN/nir/30/00000022_nir.png,train/RAIN/gtSeg/30/00000022_mask.json,2048,1536
rain_seq30_00000023,rain_seq30,rain,train,test,train/RAIN/rgb/30/00000023_rgb.png,train/RAIN/nir/30/00000023_nir.png,train/RAIN/gtSeg/30/00000023_mask.json,2048,1536
rain_seq30_00000024,rain_seq30,rain,train,test,train/RAIN/rgb/30/00000024_rgb.png,train/RAIN/nir/30/00000024_nir.png,train/RAIN/gtSeg/30/00000024_mask.json,2048,1536
rain_seq30_00000025,rain_seq30,rain,train,test,train/RAIN/rgb/30/00000025_rgb.png,train/RAIN/nir/30/00000025_nir.png,train/RAIN/gtSeg/30/00000025_mask.json,2048,1536
rain_seq30_00000026,rain_seq30,rain,train,test,train/RAIN/rgb/30/00000026_rgb.png,train/RAIN/nir/30/00000026_nir.png,train/RAIN/gtSeg/30/00000026_mask.json,2048,1536
rain_seq30_00000027,rain_seq30,rain,train,test,train/RAIN/rgb/30/00000027_rgb.png,train/RAIN/nir/30/00000027_nir.png,train/RAIN/gtSeg/30/00000027_mask.json,2048,1536
rain_seq30_00000028,rain_seq30,rain,train,test,train/RAIN/rgb/30/00000028_rgb.png,train/RAIN/nir/30/00000028_nir.png,train/RAIN/gtSeg/30/00000028_mask.json,2048,1536
rain_seq30_00000029,rain_seq30,rain,train,test,train/RAIN/rgb/30/00000029_rgb.png,train/RAIN/nir/30/00000029_nir.png,train/RAIN/gtSeg/30/00000029_mask.json,2048,1536
rain_seq30_00000030,rain_seq30,rain,train,test,train/RAIN/rgb/30/00000030_rgb.png,train/RAIN/nir/30/00000030_nir.png,train/RAIN/gtSeg/30/00000030_mask.json,2048,1536
rain_seq30_00000031,rain_seq30,rain,train,test,train/RAIN/rgb/30/00000031_rgb.png,train/RAIN/nir/30/00000031_nir.png,train/RAIN/gtSeg/30/00000031_mask.json,2048,1536
rain_seq30_00000032,rain_seq30,rain,train,test,train/RAIN/rgb/30/00000032_rgb.png,train/RAIN/nir/30/00000032_nir.png,train/RAIN/gtSeg/30/00000032_mask.json,2048,1536
rain_seq30_00000033,rain_seq30,rain,train,test,train/RAIN/rgb/30/00000033_rgb.png,train/RAIN/nir/30/00000033_nir.png,train/RAIN/gtSeg/30/00000033_mask.json,2048,1536
rain_seq30_00000034,rain_seq30,rain,train,test,train/RAIN/rgb/30/00000034_rgb.png,train/RAIN/nir/30/00000034_nir.png,train/RAIN/gtSeg/30/00000034_mask.json,2048,1536
rain_seq30_00000035,rain_seq30,rain,train,test,train/RAIN/rgb/30/00000035_rgb.png,train/RAIN/nir/30/00000035_nir.png,train/RAIN/gtSeg/30/00000035_mask.json,2048,1536
rain_seq30_00000036,rain_seq30,rain,train,test,train/RAIN/rgb/30/00000036_rgb.png,train/RAIN/nir/30/00000036_nir.png,train/RAIN/gtSeg/30/00000036_mask.json,2048,1536
rain_seq30_00000037,rain_seq30,rain,train,test,train/RAIN/rgb/30/00000037_rgb.png,train/RAIN/nir/30/00000037_nir.png,train/RAIN/gtSeg/30/00000037_mask.json,2048,1536
rain_seq30_00000038,rain_seq30,rain,train,test,train/RAIN/rgb/30/00000038_rgb.png,train/RAIN/nir/30/00000038_nir.png,train/RAIN/gtSeg/30/00000038_mask.json,2048,1536
rain_seq30_00000039,rain_seq30,rain,train,test,train/RAIN/rgb/30/00000039_rgb.png,train/RAIN/nir/30/00000039_nir.png,train/RAIN/gtSeg/30/00000039_mask.json,2048,1536
rain_seq30_00000040,rain_seq30,rain,train,test,train/RAIN/rgb/30/00000040_rgb.png,train/RAIN/nir/30/00000040_nir.png,train/RAIN/gtSeg/30/00000040_mask.json,2048,1536
rain_seq30_00000041,rain_seq30,rain,train,test,train/RAIN/rgb/30/00000041_rgb.png,train/RAIN/nir/30/00000041_nir.png,train/RAIN/gtSeg/30/00000041_mask.json,2048,1536
rain_seq30_00000042,rain_seq30,rain,train,test,train/RAIN/rgb/30/00000042_rgb.png,train/RAIN/nir/30/00000042_nir.png,train/RAIN/gtSeg/30/00000042_mask.json,2048,1536
rain_seq30_00000043,rain_seq30,rain,train,test,train/RAIN/rgb/30/00000043_rgb.png,train/RAIN/nir/30/00000043_nir.png,train/RAIN/gtSeg/30/00000043_mask.json,2048,1536
rain_seq30_00000044,rain_seq30,rain,train,test,train/RAIN/rgb/30/00000044_rgb.png,train/RAIN/nir/30/00000044_nir.png,train/RAIN/gtSeg/30/00000044_mask.json,2048,1536
rain_seq30_00000045,rain_seq30,rain,train,test,train/RAIN/rgb/30/00000045_rgb.png,train/RAIN/nir/30/00000045_nir.png,train/RAIN/gtSeg/30/00000045_mask.json,2048,1536
rain_seq30_00000046,rain_seq30,rain,train,test,train/RAIN/rgb/30/00000046_rgb.png,train/RAIN/nir/30/00000046_nir.png,train/RAIN/gtSeg/30/00000046_mask.json,2048,1536
rain_seq30_00000047,rain_seq30,rain,train,test,train/RAIN/rgb/30/00000047_rgb.png,train/RAIN/nir/30/00000047_nir.png,train/RAIN/gtSeg/30/00000047_mask.json,2048,1536
rain_seq30_00000048,rain_seq30,rain,train,test,train/RAIN/rgb/30/00000048_rgb.png,train/RAIN/nir/30/00000048_nir.png,train/RAIN/gtSeg/30/00000048_mask.json,2048,1536
rain_seq30_00000049,rain_seq30,rain,train,test,train/RAIN/rgb/30/00000049_rgb.png,train/RAIN/nir/30/00000049_nir.png,train/RAIN/gtSeg/30/00000049_mask.json,2048,1536
rain_seq30_00000050,rain_seq30,rain,train,test,train/RAIN/rgb/30/00000050_rgb.png,train/RAIN/nir/30/00000050_nir.png,train/RAIN/gtSeg/30/00000050_mask.json,2048,1536
rain_seq30_00000051,rain_seq30,rain,train,test,train/RAIN/rgb/30/00000051_rgb.png,train/RAIN/nir/30/00000051_nir.png,train/RAIN/gtSeg/30/00000051_mask.json,2048,1536
rain_seq30_00000052,rain_seq30,rain,train,test,train/RAIN/rgb/30/00000052_rgb.png,train/RAIN/nir/30/00000052_nir.png,train/RAIN/gtSeg/30/00000052_mask.json,2048,1536
rain_seq30_00000053,rain_seq30,rain,train,test,train/RAIN/rgb/30/00000053_rgb.png,train/RAIN/nir/30/00000053_nir.png,train/RAIN/gtSeg/30/00000053_mask.json,2048,1536
rain_seq30_00000054,rain_seq30,rain,train,test,train/RAIN/rgb/30/00000054_rgb.png,train/RAIN/nir/30/00000054_nir.png,train/RAIN/gtSeg/30/00000054_mask.json,2048,1536
rain_seq30_00000055,rain_seq30,rain,train,test,train/RAIN/rgb/30/00000055_rgb.png,train/RAIN/nir/30/00000055_nir.png,train/RAIN/gtSeg/30/00000055_mask.json,2048,1536
rain_seq30_00000056,rain_seq30,rain,train,test,train/RAIN/rgb/30/00000056_rgb.png,train/RAIN/nir/30/00000056_nir.png,train/RAIN/gtSeg/30/00000056_mask.json,2048,1536
rain_seq30_00000057,rain_seq30,rain,train,test,train/RAIN/rgb/30/00000057_rgb.png,train/RAIN/nir/30/00000057_nir.png,train/RAIN/gtSeg/30/00000057_mask.json,2048,1536
rain_seq30_00000058,rain_seq30,rain,train,test,train/RAIN/rgb/30/00000058_rgb.png,train/RAIN/nir/30/00000058_nir.png,train/RAIN/gtSeg/30/00000058_mask.json,2048,1536
rain_seq30_00000059,rain_seq30,rain,train,test,train/RAIN/rgb/30/00000059_rgb.png,train/RAIN/nir/30/00000059_nir.png,train/RAIN/gtSeg/30/00000059_mask.json,2048,1536
rain_seq30_00000060,rain_seq30,rain,train,test,train/RAIN/rgb/30/00000060_rgb.png,train/RAIN/nir/30/00000060_nir.png,train/RAIN/gtSeg/30/00000060_mask.json,2048,1536
rain_seq30_00000061,rain_seq30,rain,train,test,train/RAIN/rgb/30/00000061_rgb.png,train/RAIN/nir/30/00000061_nir.png,train/RAIN/gtSeg/30/00000061_mask.json,2048,1536
rain_seq30_00000062,rain_seq30,rain,train,test,train/RAIN/rgb/30/00000062_rgb.png,train/RAIN/nir/30/00000062_nir.png,train/RAIN/gtSeg/30/00000062_mask.json,2048,1536
rain_seq30_00000063,rain_seq30,rain,train,test,train/RAIN/rgb/30/00000063_rgb.png,train/RAIN/nir/30/00000063_nir.png,train/RAIN/gtSeg/30/00000063_mask.json,2048,1536
rain_seq30_00000064,rain_seq30,rain,train,test,train/RAIN/rgb/30/00000064_rgb.png,train/RAIN/nir/30/00000064_nir.png,train/RAIN/gtSeg/30/00000064_mask.json,2048,1536
rain_seq30_00000065,rain_seq30,rain,train,test,train/RAIN/rgb/30/00000065_rgb.png,train/RAIN/nir/30/00000065_nir.png,train/RAIN/gtSeg/30/00000065_mask.json,2048,1536
rain_seq30_00000066,rain_seq30,rain,train,test,train/RAIN/rgb/30/00000066_rgb.png,train/RAIN/nir/30/00000066_nir.png,train/RAIN/gtSeg/30/00000066_mask.json,2048,1536
rain_seq30_00000067,rain_seq30,rain,train,test,train/RAIN/rgb/30/00000067_rgb.png,train/RAIN/nir/30/00000067_nir.png,train/RAIN/gtSeg/30/00000067_mask.json,2048,1536
rain_seq30_00000068,rain_seq30,rain,train,test,train/RAIN/rgb/30/00000068_rgb.png,train/RAIN/nir/30/00000068_nir.png,train/RAIN/gtSeg/30/00000068_mask.json,2048,1536
rain_seq30_00000069,rain_seq30,rain,train,test,train/RAIN/rgb/30/00000069_rgb.png,train/RAIN/nir/30/00000069_nir.png,train/RAIN/gtSeg/30/00000069_mask.json,2048,1536
rain_seq30_00000070,rain_seq30,rain,train,test,train/RAIN/rgb/30/00000070_rgb.png,train/RAIN/nir/30/00000070_nir.png,train/RAIN/gtSeg/30/00000070_mask.json,2048,1536
rain_seq30_00000071,rain_seq30,rain,train,test,train/RAIN/rgb/30/00000071_rgb.png,train/RAIN/nir/30/00000071_nir.png,train/RAIN/gtSeg/30/00000071_mask.json,2048,1536
rain_seq30_00000072,rain_seq30,rain,train,test,train/RAIN/rgb/30/00000072_rgb.png,train/RAIN/nir/30/00000072_nir.png,train/RAIN/gtSeg/30/00000072_mask.json,2048,1536
rain_seq30_00000073,rain_seq30,rain,train,test,train/RAIN/rgb/30/00000073_rgb.png,train/RAIN/nir/30/00000073_nir.png,train/RAIN/gtSeg/30/00000073_mask.json,2048,1536
rain_seq30_00000074,rain_seq30,rain,train,test,train/RAIN/rgb/30/00000074_rgb.png,train/RAIN/nir/30/00000074_nir.png,train/RAIN/gtSeg/30/00000074_mask.json,2048,1536
rain_seq30_00000075,rain_seq30,rain,train,test,train/RAIN/rgb/30/00000075_rgb.png,train/RAIN/nir/30/00000075_nir.png,train/RAIN/gtSeg/30/00000075_mask.json,2048,1536
rain_seq30_00000076,rain_seq30,rain,train,test,train/RAIN/rgb/30/00000076_rgb.png,train/RAIN/nir/30/00000076_nir.png,train/RAIN/gtSeg/30/00000076_mask.json,2048,1536
rain_seq30_00000077,rain_seq30,rain,train,test,train/RAIN/rgb/30/00000077_rgb.png,train/RAIN/nir/30/00000077_nir.png,train/RAIN/gtSeg/30/00000077_mask.json,2048,1536
rain_seq30_00000078,rain_seq30,rain,train,test,train/RAIN/rgb/30/00000078_rgb.png,train/RAIN/nir/30/00000078_nir.png,train/RAIN/gtSeg/30/00000078_mask.json,2048,1536
rain_seq30_00000079,rain_seq30,rain,train,test,train/RAIN/rgb/30/00000079_rgb.png,train/RAIN/nir/30/00000079_nir.png,train/RAIN/gtSeg/30/00000079_mask.json,2048,1536
rain_seq30_00000080,rain_seq30,rain,train,test,train/RAIN/rgb/30/00000080_rgb.png,train/RAIN/nir/30/00000080_nir.png,train/RAIN/gtSeg/30/00000080_mask.json,2048,1536
rain_seq30_00000081,rain_seq30,rain,train,test,train/RAIN/rgb/30/00000081_rgb.png,train/RAIN/nir/30/00000081_nir.png,train/RAIN/gtSeg/30/00000081_mask.json,2048,1536
rain_seq30_00000082,rain_seq30,rain,train,test,train/RAIN/rgb/30/00000082_rgb.png,train/RAIN/nir/30/00000082_nir.png,train/RAIN/gtSeg/30/00000082_mask.json,2048,1536
rain_seq30_00000083,rain_seq30,rain,train,test,train/RAIN/rgb/30/00000083_rgb.png,train/RAIN/nir/30/00000083_nir.png,train/RAIN/gtSeg/30/00000083_mask.json,2048,1536
rain_seq30_00000084,rain_seq30,rain,train,test,train/RAIN/rgb/30/00000084_rgb.png,train/RAIN/nir/30/00000084_nir.png,train/RAIN/gtSeg/30/00000084_mask.json,2048,1536
rain_seq30_00000085,rain_seq30,rain,train,test,train/RAIN/rgb/30/00000085_rgb.png,train/RAIN/nir/30/00000085_nir.png,train/RAIN/gtSeg/30/00000085_mask.json,2048,1536
rain_seq30_00000086,rain_seq30,rain,train,test,train/RAIN/rgb/30/00000086_rgb.png,train/RAIN/nir/30/00000086_nir.png,train/RAIN/gtSeg/30/00000086_mask.json,2048,1536
rain_seq30_00000087,rain_seq30,rain,train,test,train/RAIN/rgb/30/00000087_rgb.png,train/RAIN/nir/30/00000087_nir.png,train/RAIN/gtSeg/30/00000087_mask.json,2048,1536
rain_seq30_00000088,rain_seq30,rain,train,test,train/RAIN/rgb/30/00000088_rgb.png,train/RAIN/nir/30/00000088_nir.png,train/RAIN/gtSeg/30/00000088_mask.json,2048,1536
rain_seq30_00000089,rain_seq30,rain,train,test,train/RAIN/rgb/30/00000089_rgb.png,train/RAIN/nir/30/00000089_nir.png,train/RAIN/gtSeg/30/00000089_mask.json,2048,1536
rain_seq30_00000090,rain_seq30,rain,train,test,train/RAIN/rgb/30/00000090_rgb.png,train/RAIN/nir/30/00000090_nir.png,train/RAIN/gtSeg/30/00000090_mask.json,2048,1536
rain_seq30_00000091,rain_seq30,rain,train,test,train/RAIN/rgb/30/00000091_rgb.png,train/RAIN/nir/30/00000091_nir.png,train/RAIN/gtSeg/30/00000091_mask.json,2048,1536
rain_seq30_00000092,rain_seq30,rain,train,test,train/RAIN/rgb/30/00000092_rgb.png,train/RAIN/nir/30/00000092_nir.png,train/RAIN/gtSeg/30/00000092_mask.json,2048,1536
rain_seq30_00000093,rain_seq30,rain,train,test,train/RAIN/rgb/30/00000093_rgb.png,train/RAIN/nir/30/00000093_nir.png,train/RAIN/gtSeg/30/00000093_mask.json,2048,1536
rain_seq30_00000094,rain_seq30,rain,train,test,train/RAIN/rgb/30/00000094_rgb.png,train/RAIN/nir/30/00000094_nir.png,train/RAIN/gtSeg/30/00000094_mask.json,2048,1536
rain_seq30_00000095,rain_seq30,rain,train,test,train/RAIN/rgb/30/00000095_rgb.png,train/RAIN/nir/30/00000095_nir.png,train/RAIN/gtSeg/30/00000095_mask.json,2048,1536
rain_seq30_00000096,rain_seq30,rain,train,test,train/RAIN/rgb/30/00000096_rgb.png,train/RAIN/nir/30/00000096_nir.png,train/RAIN/gtSeg/30/00000096_mask.json,2048,1536
rain_seq30_00000097,rain_seq30,rain,train,test,train/RAIN/rgb/30/00000097_rgb.png,train/RAIN/nir/30/00000097_nir.png,train/RAIN/gtSeg/30/00000097_mask.json,2048,1536
rain_seq30_00000098,rain_seq30,rain,train,test,train/RAIN/rgb/30/00000098_rgb.png,train/RAIN/nir/30/00000098_nir.png,train/RAIN/gtSeg/30/00000098_mask.json,2048,1536
rain_seq30_00000099,rain_seq30,rain,train,test,train/RAIN/rgb/30/00000099_rgb.png,train/RAIN/nir/30/00000099_nir.png,train/RAIN/gtSeg/30/00000099_mask.json,2048,1536
rain_seq30_00000100,rain_seq30,rain,train,test,train/RAIN/rgb/30/00000100_rgb.png,train/RAIN/nir/30/00000100_nir.png,train/RAIN/gtSeg/30/00000100_mask.json,2048,1536
rain_seq30_00000101,rain_seq30,rain,train,test,train/RAIN/rgb/30/00000101_rgb.png,train/RAIN/nir/30/00000101_nir.png,train/RAIN/gtSeg/30/00000101_mask.json,2048,1536
rain_seq30_00000102,rain_seq30,rain,train,test,train/RAIN/rgb/30/00000102_rgb.png,train/RAIN/nir/30/00000102_nir.png,train/RAIN/gtSeg/30/00000102_mask.json,2048,1536
rain_seq30_00000103,rain_seq30,rain,train,test,train/RAIN/rgb/30/00000103_rgb.png,train/RAIN/nir/30/00000103_nir.png,train/RAIN/gtSeg/30/00000103_mask.json,2048,1536
rain_seq30_00000104,rain_seq30,rain,train,test,train/RAIN/rgb/30/00000104_rgb.png,train/RAIN/nir/30/00000104_nir.png,train/RAIN/gtSeg/30/00000104_mask.json,2048,1536
rain_seq30_00000105,rain_seq30,rain,train,test,train/RAIN/rgb/30/00000105_rgb.png,train/RAIN/nir/30/00000105_nir.png,train/RAIN/gtSeg/30/00000105_mask.json,2048,1536
rain_seq30_00000106,rain_seq30,rain,train,test,train/RAIN/rgb/30/00000106_rgb.png,train/RAIN/nir/30/00000106_nir.png,train/RAIN/gtSeg/30/00000106_mask.json,2048,1536
rain_seq30_00000107,rain_seq30,rain,train,test,train/RAIN/rgb/30/00000107_rgb.png,train/RAIN/nir/30/00000107_nir.png,train/RAIN/gtSeg/30/00000107_mask.json,2048,1536
rain_seq30_00000108,rain_seq30,rain,train,test,train/RAIN/rgb/30/00000108_rgb.png,train/RAIN/nir/30/00000108_nir.png,train/RAIN/gtSeg/30/00000108_mask.json,2048,1536
rain_seq30_00000109,rain_seq30,rain,train,test,train/RAIN/rgb/30/00000109_rgb.png,train/RAIN/nir/30/00000109_nir.png,train/RAIN/gtSeg/30/00000109_mask.json,2048,1536
rain_seq30_00000110,rain_seq30,rain,train,test,train/RAIN/rgb/30/00000110_rgb.png,train/RAIN/nir/30/00000110_nir.png,train/RAIN/gtSeg/30/00000110_mask.json,2048,1536
rain_seq30_00000111,rain_seq30,rain,train,test,train/RAIN/rgb/30/00000111_rgb.png,train/RAIN/nir/30/00000111_nir.png,train/RAIN/gtSeg/30/00000111_mask.json,2048,1536
rain_seq30_00000112,rain_seq30,rain,train,test,train/RAIN/rgb/30/00000112_rgb.png,train/RAIN/nir/30/00000112_nir.png,train/RAIN/gtSeg/30/00000112_mask.json,2048,1536
rain_seq30_00000113,rain_seq30,rain,train,test,train/RAIN/rgb/30/00000113_rgb.png,train/RAIN/nir/30/00000113_nir.png,train/RAIN/gtSeg/30/00000113_mask.json,2048,1536
rain_seq30_00000114,rain_seq30,rain,train,test,train/RAIN/rgb/30/00000114_rgb.png,train/RAIN/nir/30/00000114_nir.png,train/RAIN/gtSeg/30/00000114_mask.json,2048,1536
rain_seq30_00000115,rain_seq30,rain,train,test,train/RAIN/rgb/30/00000115_rgb.png,train/RAIN/nir/30/00000115_nir.png,train/RAIN/gtSeg/30/00000115_mask.json,2048,1536
rain_seq30_00000116,rain_seq30,rain,train,test,train/RAIN/rgb/30/00000116_rgb.png,train/RAIN/nir/30/00000116_nir.png,train/RAIN/gtSeg/30/00000116_mask.json,2048,1536
rain_seq30_00000117,rain_seq30,rain,train,test,train/RAIN/rgb/30/00000117_rgb.png,train/RAIN/nir/30/00000117_nir.png,train/RAIN/gtSeg/30/00000117_mask.json,2048,1536
rain_seq30_00000118,rain_seq30,rain,train,test,train/RAIN/rgb/30/00000118_rgb.png,train/RAIN/nir/30/00000118_nir.png,train/RAIN/gtSeg/30/00000118_mask.json,2048,1536
rain_seq30_00000119,rain_seq30,rain,train,test,train/RAIN/rgb/30/00000119_rgb.png,train/RAIN/nir/30/00000119_nir.png,train/RAIN/gtSeg/30/00000119_mask.json,2048,1536
rain_seq30_00000120,rain_seq30,rain,train,test,train/RAIN/rgb/30/00000120_rgb.png,train/RAIN/nir/30/00000120_nir.png,train/RAIN/gtSeg/30/00000120_mask.json,2048,1536
rain_seq30_00000121,rain_seq30,rain,train,test,train/RAIN/rgb/30/00000121_rgb.png,train/RAIN/nir/30/00000121_nir.png,train/RAIN/gtSeg/30/00000121_mask.json,2048,1536
rain_seq30_00000122,rain_seq30,rain,train,test,train/RAIN/rgb/30/00000122_rgb.png,train/RAIN/nir/30/00000122_nir.png,train/RAIN/gtSeg/30/00000122_mask.json,2048,1536
rain_seq30_00000123,rain_seq30,rain,train,test,train/RAIN/rgb/30/00000123_rgb.png,train/RAIN/nir/30/00000123_nir.png,train/RAIN/gtSeg/30/00000123_mask.json,2048,1536
rain_seq30_00000124,rain_seq30,rain,train,test,train/RAIN/rgb/30/00000124_rgb.png,train/RAIN/nir/30/00000124_nir.png,train/RAIN/gtSeg/30/00000124_mask.json,2048,1536
rain_seq30_00000125,rain_seq30,rain,train,test,train/RAIN/rgb/30/00000125_rgb.png,train/RAIN/nir/30/00000125_nir.png,train/RAIN/gtSeg/30/00000125_mask.json,2048,1536
rain_seq30_00000126,rain_seq30,rain,train,test,train/RAIN/rgb/30/00000126_rgb.png,train/RAIN/nir/30/00000126_nir.png,train/RAIN/gtSeg/30/00000126_mask.json,2048,1536
rain_seq30_00000127,rain_seq30,rain,train,test,train/RAIN/rgb/30/00000127_rgb.png,train/RAIN/nir/30/00000127_nir.png,train/RAIN/gtSeg/30/00000127_mask.json,2048,1536
rain_seq30_00000128,rain_seq30,rain,train,test,train/RAIN/rgb/30/00000128_rgb.png,train/RAIN/nir/30/00000128_nir.png,train/RAIN/gtSeg/30/00000128_mask.json,2048,1536
rain_seq30_00000129,rain_seq30,rain,train,test,train/RAIN/rgb/30/00000129_rgb.png,train/RAIN/nir/30/00000129_nir.png,train/RAIN/gtSeg/30/00000129_mask.json,2048,1536
rain_seq30_00000130,rain_seq30,rain,train,test,train/RAIN/rgb/30/00000130_rgb.png,train/RAIN/nir/30/00000130_nir.png,train/RAIN/gtSeg/30/00000130_mask.json,2048,1536
rain_seq30_00000131,rain_seq30,rain,train,test,train/RAIN/rgb/30/00000131_rgb.png,train/RAIN/nir/30/00000131_nir.png,train/RAIN/gtSeg/30/00000131_mask.json,2048,1536
rain_seq30_00000132,rain_seq30,rain,train,test,train/RAIN/rgb/30/00000132_rgb.png,train/RAIN/nir/30/00000132_nir.png,train/RAIN/gtSeg/30/00000132_mask.json,2048,1536
rain_seq30_00000133,rain_seq30,rain,train,test,train/RAIN/rgb/30/00000133_rgb.png,train/RAIN/nir/30/00000133_nir.png,train/RAIN/gtSeg/30/00000133_mask.json,2048,1536
rain_seq30_00000134,rain_seq30,rain,train,test,train/RAIN/rgb/30/00000134_rgb.png,train/RAIN/nir/30/00000134_nir.png,train/RAIN/gtSeg/30/00000134_mask.json,2048,1536
rain_seq30_00000135,rain_seq30,rain,train,test,train/RAIN/rgb/30/00000135_rgb.png,train/RAIN/nir/30/00000135_nir.png,train/RAIN/gtSeg/30/00000135_mask.json,2048,1536
rain_seq30_00000136,rain_seq30,rain,train,test,train/RAIN/rgb/30/00000136_rgb.png,train/RAIN/nir/30/00000136_nir.png,train/RAIN/gtSeg/30/00000136_mask.json,2048,1536
rain_seq30_00000137,rain_seq30,rain,train,test,train/RAIN/rgb/30/00000137_rgb.png,train/RAIN/nir/30/00000137_nir.png,train/RAIN/gtSeg/30/00000137_mask.json,2048,1536
rain_seq30_00000138,rain_seq30,rain,train,test,train/RAIN/rgb/30/00000138_rgb.png,train/RAIN/nir/30/00000138_nir.png,train/RAIN/gtSeg/30/00000138_mask.json,2048,1536
rain_seq30_00000139,rain_seq30,rain,train,test,train/RAIN/rgb/30/00000139_rgb.png,train/RAIN/nir/30/00000139_nir.png,train/RAIN/gtSeg/30/00000139_mask.json,2048,1536
rain_seq30_00000140,rain_seq30,rain,train,test,train/RAIN/rgb/30/00000140_rgb.png,train/RAIN/nir/30/00000140_nir.png,train/RAIN/gtSeg/30/00000140_mask.json,2048,1536
rain_seq30_00000141,rain_seq30,rain,train,test,train/RAIN/rgb/30/00000141_rgb.png,train/RAIN/nir/30/00000141_nir.png,train/RAIN/gtSeg/30/00000141_mask.json,2048,1536
rain_seq30_00000142,rain_seq30,rain,train,test,train/RAIN/rgb/30/00000142_rgb.png,train/RAIN/nir/30/00000142_nir.png,train/RAIN/gtSeg/30/00000142_mask.json,2048,1536
rain_seq30_00000143,rain_seq30,rain,train,test,train/RAIN/rgb/30/00000143_rgb.png,train/RAIN/nir/30/00000143_nir.png,train/RAIN/gtSeg/30/00000143_mask.json,2048,1536
rain_seq30_00000144,rain_seq30,rain,train,test,train/RAIN/rgb/30/00000144_rgb.png,train/RAIN/nir/30/00000144_nir.png,train/RAIN/gtSeg/30/00000144_mask.json,2048,1536
rain_seq30_00000145,rain_seq30,rain,train,test,train/RAIN/rgb/30/00000145_rgb.png,train/RAIN/nir/30/00000145_nir.png,train/RAIN/gtSeg/30/00000145_mask.json,2048,1536
rain_seq30_00000146,rain_seq30,rain,train,test,train/RAIN/rgb/30/00000146_rgb.png,train/RAIN/nir/30/00000146_nir.png,train/RAIN/gtSeg/30/00000146_mask.json,2048,1536
rain_seq30_00000147,rain_seq30,rain,train,test,train/RAIN/rgb/30/00000147_rgb.png,train/RAIN/nir/30/00000147_nir.png,train/RAIN/gtSeg/30/00000147_mask.json,2048,1536
rain_seq30_00000148,rain_seq30,rain,train,test,train/RAIN/rgb/30/00000148_rgb.png,train/RAIN/nir/30/00000148_nir.png,train/RAIN/gtSeg/30/00000148_mask.json,2048,1536
rain_seq30_00000149,rain_seq30,rain,train,test,train/RAIN/rgb/30/00000149_rgb.png,train/RAIN/nir/30/00000149_nir.png,train/RAIN/gtSeg/30/00000149_mask.json,2048,1536
rain_seq30_00000150,rain_seq30,rain,train,test,train/RAIN/rgb/30/00000150_rgb.png,train/RAIN/nir/30/00000150_nir.png,train/RAIN/gtSeg/30/00000150_mask.json,2048,1536
rain_seq30_00000151,rain_seq30,rain,train,test,train/RAIN/rgb/30/00000151_rgb.png,train/RAIN/nir/30/00000151_nir.png,train/RAIN/gtSeg/30/00000151_mask.json,2048,1536
rain_seq31_00000000,rain_seq31,rain,train,test,train/RAIN/rgb/31/00000000_rgb.png,train/RAIN/nir/31/00000000_nir.png,train/RAIN/gtSeg/31/00000000_mask.json,2048,1536
rain_seq31_00000001,rain_seq31,rain,train,test,train/RAIN/rgb/31/00000001_rgb.png,train/RAIN/nir/31/00000001_nir.png,train/RAIN/gtSeg/31/00000001_mask.json,2048,1536
rain_seq31_00000002,rain_seq31,rain,train,test,train/RAIN/rgb/31/00000002_rgb.png,train/RAIN/nir/31/00000002_nir.png,train/RAIN/gtSeg/31/00000002_mask.json,2048,1536
rain_seq31_00000003,rain_seq31,rain,train,test,train/RAIN/rgb/31/00000003_rgb.png,train/RAIN/nir/31/00000003_nir.png,train/RAIN/gtSeg/31/00000003_mask.json,2048,1536
rain_seq31_00000004,rain_seq31,rain,train,test,train/RAIN/rgb/31/00000004_rgb.png,train/RAIN/nir/31/00000004_nir.png,train/RAIN/gtSeg/31/00000004_mask.json,2048,1536
rain_seq31_00000005,rain_seq31,rain,train,test,train/RAIN/rgb/31/00000005_rgb.png,train/RAIN/nir/31/00000005_nir.png,train/RAIN/gtSeg/31/00000005_mask.json,2048,1536
rain_seq31_00000006,rain_seq31,rain,train,test,train/RAIN/rgb/31/00000006_rgb.png,train/RAIN/nir/31/00000006_nir.png,train/RAIN/gtSeg/31/00000006_mask.json,2048,1536
rain_seq31_00000007,rain_seq31,rain,train,test,train/RAIN/rgb/31/00000007_rgb.png,train/RAIN/nir/31/00000007_nir.png,train/RAIN/gtSeg/31/00000007_mask.json,2048,1536
rain_seq31_00000008,rain_seq31,rain,train,test,train/RAIN/rgb/31/00000008_rgb.png,train/RAIN/nir/31/00000008_nir.png,train/RAIN/gtSeg/31/00000008_mask.json,2048,1536
rain_seq31_00000009,rain_seq31,rain,train,test,train/RAIN/rgb/31/00000009_rgb.png,train/RAIN/nir/31/00000009_nir.png,train/RAIN/gtSeg/31/00000009_mask.json,2048,1536
rain_seq31_00000010,rain_seq31,rain,train,test,train/RAIN/rgb/31/00000010_rgb.png,train/RAIN/nir/31/00000010_nir.png,train/RAIN/gtSeg/31/00000010_mask.json,2048,1536
rain_seq31_00000011,rain_seq31,rain,train,test,train/RAIN/rgb/31/00000011_rgb.png,train/RAIN/nir/31/00000011_nir.png,train/RAIN/gtSeg/31/00000011_mask.json,2048,1536
rain_seq31_00000012,rain_seq31,rain,train,test,train/RAIN/rgb/31/00000012_rgb.png,train/RAIN/nir/31/00000012_nir.png,train/RAIN/gtSeg/31/00000012_mask.json,2048,1536
rain_seq31_00000013,rain_seq31,rain,train,test,train/RAIN/rgb/31/00000013_rgb.png,train/RAIN/nir/31/00000013_nir.png,train/RAIN/gtSeg/31/00000013_mask.json,2048,1536
rain_seq31_00000014,rain_seq31,rain,train,test,train/RAIN/rgb/31/00000014_rgb.png,train/RAIN/nir/31/00000014_nir.png,train/RAIN/gtSeg/31/00000014_mask.json,2048,1536
rain_seq31_00000015,rain_seq31,rain,train,test,train/RAIN/rgb/31/00000015_rgb.png,train/RAIN/nir/31/00000015_nir.png,train/RAIN/gtSeg/31/00000015_mask.json,2048,1536
rain_seq31_00000016,rain_seq31,rain,train,test,train/RAIN/rgb/31/00000016_rgb.png,train/RAIN/nir/31/00000016_nir.png,train/RAIN/gtSeg/31/00000016_mask.json,2048,1536
rain_seq31_00000017,rain_seq31,rain,train,test,train/RAIN/rgb/31/00000017_rgb.png,train/RAIN/nir/31/00000017_nir.png,train/RAIN/gtSeg/31/00000017_mask.json,2048,1536
rain_seq31_00000018,rain_seq31,rain,train,test,train/RAIN/rgb/31/00000018_rgb.png,train/RAIN/nir/31/00000018_nir.png,train/RAIN/gtSeg/31/00000018_mask.json,2048,1536
rain_seq31_00000019,rain_seq31,rain,train,test,train/RAIN/rgb/31/00000019_rgb.png,train/RAIN/nir/31/00000019_nir.png,train/RAIN/gtSeg/31/00000019_mask.json,2048,1536
rain_seq31_00000020,rain_seq31,rain,train,test,train/RAIN/rgb/31/00000020_rgb.png,train/RAIN/nir/31/00000020_nir.png,train/RAIN/gtSeg/31/00000020_mask.json,2048,1536
rain_seq31_00000021,rain_seq31,rain,train,test,train/RAIN/rgb/31/00000021_rgb.png,train/RAIN/nir/31/00000021_nir.png,train/RAIN/gtSeg/31/00000021_mask.json,2048,1536
rain_seq31_00000022,rain_seq31,rain,train,test,train/RAIN/rgb/31/00000022_rgb.png,train/RAIN/nir/31/00000022_nir.png,train/RAIN/gtSeg/31/00000022_mask.json,2048,1536
rain_seq31_00000023,rain_seq31,rain,train,test,train/RAIN/rgb/31/00000023_rgb.png,train/RAIN/nir/31/00000023_nir.png,train/RAIN/gtSeg/31/00000023_mask.json,2048,1536
rain_seq31_00000024,rain_seq31,rain,train,test,train/RAIN/rgb/31/00000024_rgb.png,train/RAIN/nir/31/00000024_nir.png,train/RAIN/gtSeg/31/00000024_mask.json,2048,1536
rain_seq31_00000025,rain_seq31,rain,train,test,train/RAIN/rgb/31/00000025_rgb.png,train/RAIN/nir/31/00000025_nir.png,train/RAIN/gtSeg/31/00000025_mask.json,2048,1536
rain_seq31_00000026,rain_seq31,rain,train,test,train/RAIN/rgb/31/00000026_rgb.png,train/RAIN/nir/31/00000026_nir.png,train/RAIN/gtSeg/31/00000026_mask.json,2048,1536
rain_seq31_00000027,rain_seq31,rain,train,test,train/RAIN/rgb/31/00000027_rgb.png,train/RAIN/nir/31/00000027_nir.png,train/RAIN/gtSeg/31/00000027_mask.json,2048,1536
rain_seq31_00000028,rain_seq31,rain,train,test,train/RAIN/rgb/31/00000028_rgb.png,train/RAIN/nir/31/00000028_nir.png,train/RAIN/gtSeg/31/00000028_mask.json,2048,1536
rain_seq31_00000029,rain_seq31,rain,train,test,train/RAIN/rgb/31/00000029_rgb.png,train/RAIN/nir/31/00000029_nir.png,train/RAIN/gtSeg/31/00000029_mask.json,2048,1536
rain_seq31_00000030,rain_seq31,rain,train,test,train/RAIN/rgb/31/00000030_rgb.png,train/RAIN/nir/31/00000030_nir.png,train/RAIN/gtSeg/31/00000030_mask.json,2048,1536
rain_seq31_00000031,rain_seq31,rain,train,test,train/RAIN/rgb/31/00000031_rgb.png,train/RAIN/nir/31/00000031_nir.png,train/RAIN/gtSeg/31/00000031_mask.json,2048,1536
rain_seq31_00000032,rain_seq31,rain,train,test,train/RAIN/rgb/31/00000032_rgb.png,train/RAIN/nir/31/00000032_nir.png,train/RAIN/gtSeg/31/00000032_mask.json,2048,1536
rain_seq31_00000033,rain_seq31,rain,train,test,train/RAIN/rgb/31/00000033_rgb.png,train/RAIN/nir/31/00000033_nir.png,train/RAIN/gtSeg/31/00000033_mask.json,2048,1536
rain_seq31_00000034,rain_seq31,rain,train,test,train/RAIN/rgb/31/00000034_rgb.png,train/RAIN/nir/31/00000034_nir.png,train/RAIN/gtSeg/31/00000034_mask.json,2048,1536
rain_seq31_00000035,rain_seq31,rain,train,test,train/RAIN/rgb/31/00000035_rgb.png,train/RAIN/nir/31/00000035_nir.png,train/RAIN/gtSeg/31/00000035_mask.json,2048,1536
rain_seq31_00000036,rain_seq31,rain,train,test,train/RAIN/rgb/31/00000036_rgb.png,train/RAIN/nir/31/00000036_nir.png,train/RAIN/gtSeg/31/00000036_mask.json,2048,1536
rain_seq31_00000037,rain_seq31,rain,train,test,train/RAIN/rgb/31/00000037_rgb.png,train/RAIN/nir/31/00000037_nir.png,train/RAIN/gtSeg/31/00000037_mask.json,2048,1536
rain_seq31_00000038,rain_seq31,rain,train,test,train/RAIN/rgb/31/00000038_rgb.png,train/RAIN/nir/31/00000038_nir.png,train/RAIN/gtSeg/31/00000038_mask.json,2048,1536
rain_seq31_00000039,rain_seq31,rain,train,test,train/RAIN/rgb/31/00000039_rgb.png,train/RAIN/nir/31/00000039_nir.png,train/RAIN/gtSeg/31/00000039_mask.json,2048,1536
rain_seq31_00000040,rain_seq31,rain,train,test,train/RAIN/rgb/31/00000040_rgb.png,train/RAIN/nir/31/00000040_nir.png,train/RAIN/gtSeg/31/00000040_mask.json,2048,1536
rain_seq31_00000041,rain_seq31,rain,train,test,train/RAIN/rgb/31/00000041_rgb.png,train/RAIN/nir/31/00000041_nir.png,train/RAIN/gtSeg/31/00000041_mask.json,2048,1536
rain_seq31_00000042,rain_seq31,rain,train,test,train/RAIN/rgb/31/00000042_rgb.png,train/RAIN/nir/31/00000042_nir.png,train/RAIN/gtSeg/31/00000042_mask.json,2048,1536
rain_seq31_00000043,rain_seq31,rain,train,test,train/RAIN/rgb/31/00000043_rgb.png,train/RAIN/nir/31/00000043_nir.png,train/RAIN/gtSeg/31/00000043_mask.json,2048,1536
rain_seq31_00000044,rain_seq31,rain,train,test,train/RAIN/rgb/31/00000044_rgb.png,train/RAIN/nir/31/00000044_nir.png,train/RAIN/gtSeg/31/00000044_mask.json,2048,1536
rain_seq31_00000045,rain_seq31,rain,train,test,train/RAIN/rgb/31/00000045_rgb.png,train/RAIN/nir/31/00000045_nir.png,train/RAIN/gtSeg/31/00000045_mask.json,2048,1536
rain_seq31_00000046,rain_seq31,rain,train,test,train/RAIN/rgb/31/00000046_rgb.png,train/RAIN/nir/31/00000046_nir.png,train/RAIN/gtSeg/31/00000046_mask.json,2048,1536
rain_seq31_00000047,rain_seq31,rain,train,test,train/RAIN/rgb/31/00000047_rgb.png,train/RAIN/nir/31/00000047_nir.png,train/RAIN/gtSeg/31/00000047_mask.json,2048,1536
rain_seq31_00000048,rain_seq31,rain,train,test,train/RAIN/rgb/31/00000048_rgb.png,train/RAIN/nir/31/00000048_nir.png,train/RAIN/gtSeg/31/00000048_mask.json,2048,1536
rain_seq31_00000049,rain_seq31,rain,train,test,train/RAIN/rgb/31/00000049_rgb.png,train/RAIN/nir/31/00000049_nir.png,train/RAIN/gtSeg/31/00000049_mask.json,2048,1536
rain_seq31_00000050,rain_seq31,rain,train,test,train/RAIN/rgb/31/00000050_rgb.png,train/RAIN/nir/31/00000050_nir.png,train/RAIN/gtSeg/31/00000050_mask.json,2048,1536
rain_seq31_00000051,rain_seq31,rain,train,test,train/RAIN/rgb/31/00000051_rgb.png,train/RAIN/nir/31/00000051_nir.png,train/RAIN/gtSeg/31/00000051_mask.json,2048,1536
rain_seq31_00000052,rain_seq31,rain,train,test,train/RAIN/rgb/31/00000052_rgb.png,train/RAIN/nir/31/00000052_nir.png,train/RAIN/gtSeg/31/00000052_mask.json,2048,1536
rain_seq31_00000053,rain_seq31,rain,train,test,train/RAIN/rgb/31/00000053_rgb.png,train/RAIN/nir/31/00000053_nir.png,train/RAIN/gtSeg/31/00000053_mask.json,2048,1536
rain_seq31_00000054,rain_seq31,rain,train,test,train/RAIN/rgb/31/00000054_rgb.png,train/RAIN/nir/31/00000054_nir.png,train/RAIN/gtSeg/31/00000054_mask.json,2048,1536
rain_seq31_00000055,rain_seq31,rain,train,test,train/RAIN/rgb/31/00000055_rgb.png,train/RAIN/nir/31/00000055_nir.png,train/RAIN/gtSeg/31/00000055_mask.json,2048,1536
rain_seq31_00000056,rain_seq31,rain,train,test,train/RAIN/rgb/31/00000056_rgb.png,train/RAIN/nir/31/00000056_nir.png,train/RAIN/gtSeg/31/00000056_mask.json,2048,1536
rain_seq31_00000057,rain_seq31,rain,train,test,train/RAIN/rgb/31/00000057_rgb.png,train/RAIN/nir/31/00000057_nir.png,train/RAIN/gtSeg/31/00000057_mask.json,2048,1536
rain_seq31_00000058,rain_seq31,rain,train,test,train/RAIN/rgb/31/00000058_rgb.png,train/RAIN/nir/31/00000058_nir.png,train/RAIN/gtSeg/31/00000058_mask.json,2048,1536
rain_seq31_00000059,rain_seq31,rain,train,test,train/RAIN/rgb/31/00000059_rgb.png,train/RAIN/nir/31/00000059_nir.png,train/RAIN/gtSeg/31/00000059_mask.json,2048,1536
rain_seq31_00000060,rain_seq31,rain,train,test,train/RAIN/rgb/31/00000060_rgb.png,train/RAIN/nir/31/00000060_nir.png,train/RAIN/gtSeg/31/00000060_mask.json,2048,1536
rain_seq31_00000061,rain_seq31,rain,train,test,train/RAIN/rgb/31/00000061_rgb.png,train/RAIN/nir/31/00000061_nir.png,train/RAIN/gtSeg/31/00000061_mask.json,2048,1536
rain_seq31_00000062,rain_seq31,rain,train,test,train/RAIN/rgb/31/00000062_rgb.png,train/RAIN/nir/31/00000062_nir.png,train/RAIN/gtSeg/31/00000062_mask.json,2048,1536
rain_seq32_00000000,rain_seq32,rain,train,test,train/RAIN/rgb/32/00000000_rgb.png,train/RAIN/nir/32/00000000_nir.png,train/RAIN/gtSeg/32/00000000_mask.json,2048,1536
rain_seq32_00000001,rain_seq32,rain,train,test,train/RAIN/rgb/32/00000001_rgb.png,train/RAIN/nir/32/00000001_nir.png,train/RAIN/gtSeg/32/00000001_mask.json,2048,1536
rain_seq33_00000000,rain_seq33,rain,train,val,train/RAIN/rgb/33/00000000_rgb.png,train/RAIN/nir/33/00000000_nir.png,train/RAIN/gtSeg/33/00000000_mask.json,2048,1536
rain_seq33_00000001,rain_seq33,rain,train,val,train/RAIN/rgb/33/00000001_rgb.png,train/RAIN/nir/33/00000001_nir.png,train/RAIN/gtSeg/33/00000001_mask.json,2048,1536
rain_seq34_00000000,rain_seq34,rain,train,test,train/RAIN/rgb/34/00000000_rgb.png,train/RAIN/nir/34/00000000_nir.png,train/RAIN/gtSeg/34/00000000_mask.json,2048,1536
rain_seq34_00000001,rain_seq34,rain,train,test,train/RAIN/rgb/34/00000001_rgb.png,train/RAIN/nir/34/00000001_nir.png,train/RAIN/gtSeg/34/00000001_mask.json,2048,1536
rain_seq34_00000002,rain_seq34,rain,train,test,train/RAIN/rgb/34/00000002_rgb.png,train/RAIN/nir/34/00000002_nir.png,train/RAIN/gtSeg/34/00000002_mask.json,2048,1536
rain_seq34_00000003,rain_seq34,rain,train,test,train/RAIN/rgb/34/00000003_rgb.png,train/RAIN/nir/34/00000003_nir.png,train/RAIN/gtSeg/34/00000003_mask.json,2048,1536
rain_seq34_00000004,rain_seq34,rain,train,test,train/RAIN/rgb/34/00000004_rgb.png,train/RAIN/nir/34/00000004_nir.png,train/RAIN/gtSeg/34/00000004_mask.json,2048,1536
rain_seq34_00000005,rain_seq34,rain,train,test,train/RAIN/rgb/34/00000005_rgb.png,train/RAIN/nir/34/00000005_nir.png,train/RAIN/gtSeg/34/00000005_mask.json,2048,1536
rain_seq34_00000006,rain_seq34,rain,train,test,train/RAIN/rgb/34/00000006_rgb.png,train/RAIN/nir/34/00000006_nir.png,train/RAIN/gtSeg/34/00000006_mask.json,2048,1536
rain_seq34_00000007,rain_seq34,rain,train,test,train/RAIN/rgb/34/00000007_rgb.png,train/RAIN/nir/34/00000007_nir.png,train/RAIN/gtSeg/34/00000007_mask.json,2048,1536
rain_seq34_00000008,rain_seq34,rain,train,test,train/RAIN/rgb/34/00000008_rgb.png,train/RAIN/nir/34/00000008_nir.png,train/RAIN/gtSeg/34/00000008_mask.json,2048,1536
rain_seq34_00000009,rain_seq34,rain,train,test,train/RAIN/rgb/34/00000009_rgb.png,train/RAIN/nir/34/00000009_nir.png,train/RAIN/gtSeg/34/00000009_mask.json,2048,1536
rain_seq34_00000010,rain_seq34,rain,train,test,train/RAIN/rgb/34/00000010_rgb.png,train/RAIN/nir/34/00000010_nir.png,train/RAIN/gtSeg/34/00000010_mask.json,2048,1536
rain_seq34_00000011,rain_seq34,rain,train,test,train/RAIN/rgb/34/00000011_rgb.png,train/RAIN/nir/34/00000011_nir.png,train/RAIN/gtSeg/34/00000011_mask.json,2048,1536
rain_seq34_00000012,rain_seq34,rain,train,test,train/RAIN/rgb/34/00000012_rgb.png,train/RAIN/nir/34/00000012_nir.png,train/RAIN/gtSeg/34/00000012_mask.json,2048,1536
rain_seq34_00000013,rain_seq34,rain,train,test,train/RAIN/rgb/34/00000013_rgb.png,train/RAIN/nir/34/00000013_nir.png,train/RAIN/gtSeg/34/00000013_mask.json,2048,1536
rain_seq34_00000014,rain_seq34,rain,train,test,train/RAIN/rgb/34/00000014_rgb.png,train/RAIN/nir/34/00000014_nir.png,train/RAIN/gtSeg/34/00000014_mask.json,2048,1536
rain_seq34_00000015,rain_seq34,rain,train,test,train/RAIN/rgb/34/00000015_rgb.png,train/RAIN/nir/34/00000015_nir.png,train/RAIN/gtSeg/34/00000015_mask.json,2048,1536
rain_seq34_00000016,rain_seq34,rain,train,test,train/RAIN/rgb/34/00000016_rgb.png,train/RAIN/nir/34/00000016_nir.png,train/RAIN/gtSeg/34/00000016_mask.json,2048,1536
rain_seq34_00000017,rain_seq34,rain,train,test,train/RAIN/rgb/34/00000017_rgb.png,train/RAIN/nir/34/00000017_nir.png,train/RAIN/gtSeg/34/00000017_mask.json,2048,1536
rain_seq35_00000000,rain_seq35,rain,train,val,train/RAIN/rgb/35/00000000_rgb.png,train/RAIN/nir/35/00000000_nir.png,train/RAIN/gtSeg/35/00000000_mask.json,2048,1536
rain_seq35_00000001,rain_seq35,rain,train,val,train/RAIN/rgb/35/00000001_rgb.png,train/RAIN/nir/35/00000001_nir.png,train/RAIN/gtSeg/35/00000001_mask.json,2048,1536
rain_seq35_00000002,rain_seq35,rain,train,val,train/RAIN/rgb/35/00000002_rgb.png,train/RAIN/nir/35/00000002_nir.png,train/RAIN/gtSeg/35/00000002_mask.json,2048,1536
rain_seq35_00000003,rain_seq35,rain,train,val,train/RAIN/rgb/35/00000003_rgb.png,train/RAIN/nir/35/00000003_nir.png,train/RAIN/gtSeg/35/00000003_mask.json,2048,1536
rain_seq35_00000004,rain_seq35,rain,train,val,train/RAIN/rgb/35/00000004_rgb.png,train/RAIN/nir/35/00000004_nir.png,train/RAIN/gtSeg/35/00000004_mask.json,2048,1536
rain_seq35_00000005,rain_seq35,rain,train,val,train/RAIN/rgb/35/00000005_rgb.png,train/RAIN/nir/35/00000005_nir.png,train/RAIN/gtSeg/35/00000005_mask.json,2048,1536
rain_seq35_00000006,rain_seq35,rain,train,val,train/RAIN/rgb/35/00000006_rgb.png,train/RAIN/nir/35/00000006_nir.png,train/RAIN/gtSeg/35/00000006_mask.json,2048,1536
rain_seq35_00000007,rain_seq35,rain,train,val,train/RAIN/rgb/35/00000007_rgb.png,train/RAIN/nir/35/00000007_nir.png,train/RAIN/gtSeg/35/00000007_mask.json,2048,1536
rain_seq35_00000008,rain_seq35,rain,train,val,train/RAIN/rgb/35/00000008_rgb.png,train/RAIN/nir/35/00000008_nir.png,train/RAIN/gtSeg/35/00000008_mask.json,2048,1536
rain_seq35_00000009,rain_seq35,rain,train,val,train/RAIN/rgb/35/00000009_rgb.png,train/RAIN/nir/35/00000009_nir.png,train/RAIN/gtSeg/35/00000009_mask.json,2048,1536
rain_seq35_00000010,rain_seq35,rain,train,val,train/RAIN/rgb/35/00000010_rgb.png,train/RAIN/nir/35/00000010_nir.png,train/RAIN/gtSeg/35/00000010_mask.json,2048,1536
rain_seq35_00000011,rain_seq35,rain,train,val,train/RAIN/rgb/35/00000011_rgb.png,train/RAIN/nir/35/00000011_nir.png,train/RAIN/gtSeg/35/00000011_mask.json,2048,1536
rain_seq35_00000012,rain_seq35,rain,train,val,train/RAIN/rgb/35/00000012_rgb.png,train/RAIN/nir/35/00000012_nir.png,train/RAIN/gtSeg/35/00000012_mask.json,2048,1536
rain_seq35_00000013,rain_seq35,rain,train,val,train/RAIN/rgb/35/00000013_rgb.png,train/RAIN/nir/35/00000013_nir.png,train/RAIN/gtSeg/35/00000013_mask.json,2048,1536
rain_seq35_00000014,rain_seq35,rain,train,val,train/RAIN/rgb/35/00000014_rgb.png,train/RAIN/nir/35/00000014_nir.png,train/RAIN/gtSeg/35/00000014_mask.json,2048,1536
rain_seq35_00000015,rain_seq35,rain,train,val,train/RAIN/rgb/35/00000015_rgb.png,train/RAIN/nir/35/00000015_nir.png,train/RAIN/gtSeg/35/00000015_mask.json,2048,1536
rain_seq35_00000016,rain_seq35,rain,train,val,train/RAIN/rgb/35/00000016_rgb.png,train/RAIN/nir/35/00000016_nir.png,train/RAIN/gtSeg/35/00000016_mask.json,2048,1536
rain_seq35_00000017,rain_seq35,rain,train,val,train/RAIN/rgb/35/00000017_rgb.png,train/RAIN/nir/35/00000017_nir.png,train/RAIN/gtSeg/35/00000017_mask.json,2048,1536
rain_seq35_00000018,rain_seq35,rain,train,val,train/RAIN/rgb/35/00000018_rgb.png,train/RAIN/nir/35/00000018_nir.png,train/RAIN/gtSeg/35/00000018_mask.json,2048,1536
rain_seq35_00000019,rain_seq35,rain,train,val,train/RAIN/rgb/35/00000019_rgb.png,train/RAIN/nir/35/00000019_nir.png,train/RAIN/gtSeg/35/00000019_mask.json,2048,1536
rain_seq35_00000020,rain_seq35,rain,train,val,train/RAIN/rgb/35/00000020_rgb.png,train/RAIN/nir/35/00000020_nir.png,train/RAIN/gtSeg/35/00000020_mask.json,2048,1536
rain_seq35_00000021,rain_seq35,rain,train,val,train/RAIN/rgb/35/00000021_rgb.png,train/RAIN/nir/35/00000021_nir.png,train/RAIN/gtSeg/35/00000021_mask.json,2048,1536
rain_seq35_00000022,rain_seq35,rain,train,val,train/RAIN/rgb/35/00000022_rgb.png,train/RAIN/nir/35/00000022_nir.png,train/RAIN/gtSeg/35/00000022_mask.json,2048,1536
rain_seq35_00000023,rain_seq35,rain,train,val,train/RAIN/rgb/35/00000023_rgb.png,train/RAIN/nir/35/00000023_nir.png,train/RAIN/gtSeg/35/00000023_mask.json,2048,1536
rain_seq35_00000024,rain_seq35,rain,train,val,train/RAIN/rgb/35/00000024_rgb.png,train/RAIN/nir/35/00000024_nir.png,train/RAIN/gtSeg/35/00000024_mask.json,2048,1536
rain_seq35_00000025,rain_seq35,rain,train,val,train/RAIN/rgb/35/00000025_rgb.png,train/RAIN/nir/35/00000025_nir.png,train/RAIN/gtSeg/35/00000025_mask.json,2048,1536
rain_seq35_00000026,rain_seq35,rain,train,val,train/RAIN/rgb/35/00000026_rgb.png,train/RAIN/nir/35/00000026_nir.png,train/RAIN/gtSeg/35/00000026_mask.json,2048,1536
rain_seq35_00000027,rain_seq35,rain,train,val,train/RAIN/rgb/35/00000027_rgb.png,train/RAIN/nir/35/00000027_nir.png,train/RAIN/gtSeg/35/00000027_mask.json,2048,1536
rain_seq35_00000028,rain_seq35,rain,train,val,train/RAIN/rgb/35/00000028_rgb.png,train/RAIN/nir/35/00000028_nir.png,train/RAIN/gtSeg/35/00000028_mask.json,2048,1536
rain_seq35_00000029,rain_seq35,rain,train,val,train/RAIN/rgb/35/00000029_rgb.png,train/RAIN/nir/35/00000029_nir.png,train/RAIN/gtSeg/35/00000029_mask.json,2048,1536
rain_seq35_00000030,rain_seq35,rain,train,val,train/RAIN/rgb/35/00000030_rgb.png,train/RAIN/nir/35/00000030_nir.png,train/RAIN/gtSeg/35/00000030_mask.json,2048,1536
rain_seq35_00000031,rain_seq35,rain,train,val,train/RAIN/rgb/35/00000031_rgb.png,train/RAIN/nir/35/00000031_nir.png,train/RAIN/gtSeg/35/00000031_mask.json,2048,1536
rain_seq35_00000032,rain_seq35,rain,train,val,train/RAIN/rgb/35/00000032_rgb.png,train/RAIN/nir/35/00000032_nir.png,train/RAIN/gtSeg/35/00000032_mask.json,2048,1536
rain_seq35_00000033,rain_seq35,rain,train,val,train/RAIN/rgb/35/00000033_rgb.png,train/RAIN/nir/35/00000033_nir.png,train/RAIN/gtSeg/35/00000033_mask.json,2048,1536
rain_seq35_00000034,rain_seq35,rain,train,val,train/RAIN/rgb/35/00000034_rgb.png,train/RAIN/nir/35/00000034_nir.png,train/RAIN/gtSeg/35/00000034_mask.json,2048,1536
rain_seq35_00000035,rain_seq35,rain,train,val,train/RAIN/rgb/35/00000035_rgb.png,train/RAIN/nir/35/00000035_nir.png,train/RAIN/gtSeg/35/00000035_mask.json,2048,1536
rain_seq35_00000036,rain_seq35,rain,train,val,train/RAIN/rgb/35/00000036_rgb.png,train/RAIN/nir/35/00000036_nir.png,train/RAIN/gtSeg/35/00000036_mask.json,2048,1536
rain_seq35_00000037,rain_seq35,rain,train,val,train/RAIN/rgb/35/00000037_rgb.png,train/RAIN/nir/35/00000037_nir.png,train/RAIN/gtSeg/35/00000037_mask.json,2048,1536
rain_seq35_00000038,rain_seq35,rain,train,val,train/RAIN/rgb/35/00000038_rgb.png,train/RAIN/nir/35/00000038_nir.png,train/RAIN/gtSeg/35/00000038_mask.json,2048,1536
rain_seq35_00000039,rain_seq35,rain,train,val,train/RAIN/rgb/35/00000039_rgb.png,train/RAIN/nir/35/00000039_nir.png,train/RAIN/gtSeg/35/00000039_mask.json,2048,1536
rain_seq35_00000040,rain_seq35,rain,train,val,train/RAIN/rgb/35/00000040_rgb.png,train/RAIN/nir/35/00000040_nir.png,train/RAIN/gtSeg/35/00000040_mask.json,2048,1536
rain_seq35_00000041,rain_seq35,rain,train,val,train/RAIN/rgb/35/00000041_rgb.png,train/RAIN/nir/35/00000041_nir.png,train/RAIN/gtSeg/35/00000041_mask.json,2048,1536
rain_seq35_00000042,rain_seq35,rain,train,val,train/RAIN/rgb/35/00000042_rgb.png,train/RAIN/nir/35/00000042_nir.png,train/RAIN/gtSeg/35/00000042_mask.json,2048,1536
rain_seq35_00000043,rain_seq35,rain,train,val,train/RAIN/rgb/35/00000043_rgb.png,train/RAIN/nir/35/00000043_nir.png,train/RAIN/gtSeg/35/00000043_mask.json,2048,1536
rain_seq35_00000044,rain_seq35,rain,train,val,train/RAIN/rgb/35/00000044_rgb.png,train/RAIN/nir/35/00000044_nir.png,train/RAIN/gtSeg/35/00000044_mask.json,2048,1536
rain_seq35_00000045,rain_seq35,rain,train,val,train/RAIN/rgb/35/00000045_rgb.png,train/RAIN/nir/35/00000045_nir.png,train/RAIN/gtSeg/35/00000045_mask.json,2048,1536
rain_seq35_00000046,rain_seq35,rain,train,val,train/RAIN/rgb/35/00000046_rgb.png,train/RAIN/nir/35/00000046_nir.png,train/RAIN/gtSeg/35/00000046_mask.json,2048,1536
rain_seq35_00000047,rain_seq35,rain,train,val,train/RAIN/rgb/35/00000047_rgb.png,train/RAIN/nir/35/00000047_nir.png,train/RAIN/gtSeg/35/00000047_mask.json,2048,1536
rain_seq35_00000048,rain_seq35,rain,train,val,train/RAIN/rgb/35/00000048_rgb.png,train/RAIN/nir/35/00000048_nir.png,train/RAIN/gtSeg/35/00000048_mask.json,2048,1536
rain_seq35_00000049,rain_seq35,rain,train,val,train/RAIN/rgb/35/00000049_rgb.png,train/RAIN/nir/35/00000049_nir.png,train/RAIN/gtSeg/35/00000049_mask.json,2048,1536
rain_seq35_00000050,rain_seq35,rain,train,val,train/RAIN/rgb/35/00000050_rgb.png,train/RAIN/nir/35/00000050_nir.png,train/RAIN/gtSeg/35/00000050_mask.json,2048,1536
rain_seq35_00000051,rain_seq35,rain,train,val,train/RAIN/rgb/35/00000051_rgb.png,train/RAIN/nir/35/00000051_nir.png,train/RAIN/gtSeg/35/00000051_mask.json,2048,1536
rain_seq35_00000052,rain_seq35,rain,train,val,train/RAIN/rgb/35/00000052_rgb.png,train/RAIN/nir/35/00000052_nir.png,train/RAIN/gtSeg/35/00000052_mask.json,2048,1536
rain_seq35_00000053,rain_seq35,rain,train,val,train/RAIN/rgb/35/00000053_rgb.png,train/RAIN/nir/35/00000053_nir.png,train/RAIN/gtSeg/35/00000053_mask.json,2048,1536
rain_seq35_00000054,rain_seq35,rain,train,val,train/RAIN/rgb/35/00000054_rgb.png,train/RAIN/nir/35/00000054_nir.png,train/RAIN/gtSeg/35/00000054_mask.json,2048,1536
rain_seq35_00000055,rain_seq35,rain,train,val,train/RAIN/rgb/35/00000055_rgb.png,train/RAIN/nir/35/00000055_nir.png,train/RAIN/gtSeg/35/00000055_mask.json,2048,1536
rain_seq38_00000000,rain_seq38,rain,train,test,train/RAIN/rgb/38/00000000_rgb.png,train/RAIN/nir/38/00000000_nir.png,train/RAIN/gtSeg/38/00000000_mask.json,2048,1536
rain_seq38_00000001,rain_seq38,rain,train,test,train/RAIN/rgb/38/00000001_rgb.png,train/RAIN/nir/38/00000001_nir.png,train/RAIN/gtSeg/38/00000001_mask.json,2048,1536
rain_seq38_00000002,rain_seq38,rain,train,test,train/RAIN/rgb/38/00000002_rgb.png,train/RAIN/nir/38/00000002_nir.png,train/RAIN/gtSeg/38/00000002_mask.json,2048,1536
rain_seq38_00000003,rain_seq38,rain,train,test,train/RAIN/rgb/38/00000003_rgb.png,train/RAIN/nir/38/00000003_nir.png,train/RAIN/gtSeg/38/00000003_mask.json,2048,1536
rain_seq38_00000004,rain_seq38,rain,train,test,train/RAIN/rgb/38/00000004_rgb.png,train/RAIN/nir/38/00000004_nir.png,train/RAIN/gtSeg/38/00000004_mask.json,2048,1536
rain_seq38_00000005,rain_seq38,rain,train,test,train/RAIN/rgb/38/00000005_rgb.png,train/RAIN/nir/38/00000005_nir.png,train/RAIN/gtSeg/38/00000005_mask.json,2048,1536
rain_seq38_00000006,rain_seq38,rain,train,test,train/RAIN/rgb/38/00000006_rgb.png,train/RAIN/nir/38/00000006_nir.png,train/RAIN/gtSeg/38/00000006_mask.json,2048,1536
rain_seq40_00000000,rain_seq40,rain,train,train,train/RAIN/rgb/40/00000000_rgb.png,train/RAIN/nir/40/00000000_nir.png,train/RAIN/gtSeg/40/00000000_mask.json,2048,1536
rain_seq40_00000001,rain_seq40,rain,train,train,train/RAIN/rgb/40/00000001_rgb.png,train/RAIN/nir/40/00000001_nir.png,train/RAIN/gtSeg/40/00000001_mask.json,2048,1536
rain_seq40_00000002,rain_seq40,rain,train,train,train/RAIN/rgb/40/00000002_rgb.png,train/RAIN/nir/40/00000002_nir.png,train/RAIN/gtSeg/40/00000002_mask.json,2048,1536
rain_seq40_00000003,rain_seq40,rain,train,train,train/RAIN/rgb/40/00000003_rgb.png,train/RAIN/nir/40/00000003_nir.png,train/RAIN/gtSeg/40/00000003_mask.json,2048,1536
rain_seq40_00000004,rain_seq40,rain,train,train,train/RAIN/rgb/40/00000004_rgb.png,train/RAIN/nir/40/00000004_nir.png,train/RAIN/gtSeg/40/00000004_mask.json,2048,1536
rain_seq40_00000005,rain_seq40,rain,train,train,train/RAIN/rgb/40/00000005_rgb.png,train/RAIN/nir/40/00000005_nir.png,train/RAIN/gtSeg/40/00000005_mask.json,2048,1536
rain_seq40_00000006,rain_seq40,rain,train,train,train/RAIN/rgb/40/00000006_rgb.png,train/RAIN/nir/40/00000006_nir.png,train/RAIN/gtSeg/40/00000006_mask.json,2048,1536
rain_seq40_00000007,rain_seq40,rain,train,train,train/RAIN/rgb/40/00000007_rgb.png,train/RAIN/nir/40/00000007_nir.png,train/RAIN/gtSeg/40/00000007_mask.json,2048,1536
rain_seq40_00000008,rain_seq40,rain,train,train,train/RAIN/rgb/40/00000008_rgb.png,train/RAIN/nir/40/00000008_nir.png,train/RAIN/gtSeg/40/00000008_mask.json,2048,1536
rain_seq40_00000009,rain_seq40,rain,train,train,train/RAIN/rgb/40/00000009_rgb.png,train/RAIN/nir/40/00000009_nir.png,train/RAIN/gtSeg/40/00000009_mask.json,2048,1536
rain_seq40_00000010,rain_seq40,rain,train,train,train/RAIN/rgb/40/00000010_rgb.png,train/RAIN/nir/40/00000010_nir.png,train/RAIN/gtSeg/40/00000010_mask.json,2048,1536
rain_seq40_00000011,rain_seq40,rain,train,train,train/RAIN/rgb/40/00000011_rgb.png,train/RAIN/nir/40/00000011_nir.png,train/RAIN/gtSeg/40/00000011_mask.json,2048,1536
rain_seq40_00000012,rain_seq40,rain,train,train,train/RAIN/rgb/40/00000012_rgb.png,train/RAIN/nir/40/00000012_nir.png,train/RAIN/gtSeg/40/00000012_mask.json,2048,1536
rain_seq40_00000013,rain_seq40,rain,train,train,train/RAIN/rgb/40/00000013_rgb.png,train/RAIN/nir/40/00000013_nir.png,train/RAIN/gtSeg/40/00000013_mask.json,2048,1536
rain_seq40_00000014,rain_seq40,rain,train,train,train/RAIN/rgb/40/00000014_rgb.png,train/RAIN/nir/40/00000014_nir.png,train/RAIN/gtSeg/40/00000014_mask.json,2048,1536
rain_seq40_00000015,rain_seq40,rain,train,train,train/RAIN/rgb/40/00000015_rgb.png,train/RAIN/nir/40/00000015_nir.png,train/RAIN/gtSeg/40/00000015_mask.json,2048,1536
rain_seq40_00000016,rain_seq40,rain,train,train,train/RAIN/rgb/40/00000016_rgb.png,train/RAIN/nir/40/00000016_nir.png,train/RAIN/gtSeg/40/00000016_mask.json,2048,1536
rain_seq40_00000017,rain_seq40,rain,train,train,train/RAIN/rgb/40/00000017_rgb.png,train/RAIN/nir/40/00000017_nir.png,train/RAIN/gtSeg/40/00000017_mask.json,2048,1536
rain_seq40_00000018,rain_seq40,rain,train,train,train/RAIN/rgb/40/00000018_rgb.png,train/RAIN/nir/40/00000018_nir.png,train/RAIN/gtSeg/40/00000018_mask.json,2048,1536
rain_seq40_00000019,rain_seq40,rain,train,train,train/RAIN/rgb/40/00000019_rgb.png,train/RAIN/nir/40/00000019_nir.png,train/RAIN/gtSeg/40/00000019_mask.json,2048,1536
rain_seq40_00000020,rain_seq40,rain,train,train,train/RAIN/rgb/40/00000020_rgb.png,train/RAIN/nir/40/00000020_nir.png,train/RAIN/gtSeg/40/00000020_mask.json,2048,1536
rain_seq40_00000021,rain_seq40,rain,train,train,train/RAIN/rgb/40/00000021_rgb.png,train/RAIN/nir/40/00000021_nir.png,train/RAIN/gtSeg/40/00000021_mask.json,2048,1536
rain_seq40_00000022,rain_seq40,rain,train,train,train/RAIN/rgb/40/00000022_rgb.png,train/RAIN/nir/40/00000022_nir.png,train/RAIN/gtSeg/40/00000022_mask.json,2048,1536
rain_seq40_00000023,rain_seq40,rain,train,train,train/RAIN/rgb/40/00000023_rgb.png,train/RAIN/nir/40/00000023_nir.png,train/RAIN/gtSeg/40/00000023_mask.json,2048,1536
rain_seq40_00000024,rain_seq40,rain,train,train,train/RAIN/rgb/40/00000024_rgb.png,train/RAIN/nir/40/00000024_nir.png,train/RAIN/gtSeg/40/00000024_mask.json,2048,1536
rain_seq40_00000025,rain_seq40,rain,train,train,train/RAIN/rgb/40/00000025_rgb.png,train/RAIN/nir/40/00000025_nir.png,train/RAIN/gtSeg/40/00000025_mask.json,2048,1536
rain_seq40_00000026,rain_seq40,rain,train,train,train/RAIN/rgb/40/00000026_rgb.png,train/RAIN/nir/40/00000026_nir.png,train/RAIN/gtSeg/40/00000026_mask.json,2048,1536
rain_seq40_00000027,rain_seq40,rain,train,train,train/RAIN/rgb/40/00000027_rgb.png,train/RAIN/nir/40/00000027_nir.png,train/RAIN/gtSeg/40/00000027_mask.json,2048,1536
rain_seq40_00000028,rain_seq40,rain,train,train,train/RAIN/rgb/40/00000028_rgb.png,train/RAIN/nir/40/00000028_nir.png,train/RAIN/gtSeg/40/00000028_mask.json,2048,1536
rain_seq40_00000029,rain_seq40,rain,train,train,train/RAIN/rgb/40/00000029_rgb.png,train/RAIN/nir/40/00000029_nir.png,train/RAIN/gtSeg/40/00000029_mask.json,2048,1536
rain_seq40_00000030,rain_seq40,rain,train,train,train/RAIN/rgb/40/00000030_rgb.png,train/RAIN/nir/40/00000030_nir.png,train/RAIN/gtSeg/40/00000030_mask.json,2048,1536
rain_seq40_00000031,rain_seq40,rain,train,train,train/RAIN/rgb/40/00000031_rgb.png,train/RAIN/nir/40/00000031_nir.png,train/RAIN/gtSeg/40/00000031_mask.json,2048,1536
rain_seq40_00000032,rain_seq40,rain,train,train,train/RAIN/rgb/40/00000032_rgb.png,train/RAIN/nir/40/00000032_nir.png,train/RAIN/gtSeg/40/00000032_mask.json,2048,1536
rain_seq40_00000033,rain_seq40,rain,train,train,train/RAIN/rgb/40/00000033_rgb.png,train/RAIN/nir/40/00000033_nir.png,train/RAIN/gtSeg/40/00000033_mask.json,2048,1536
rain_seq40_00000034,rain_seq40,rain,train,train,train/RAIN/rgb/40/00000034_rgb.png,train/RAIN/nir/40/00000034_nir.png,train/RAIN/gtSeg/40/00000034_mask.json,2048,1536
rain_seq40_00000035,rain_seq40,rain,train,train,train/RAIN/rgb/40/00000035_rgb.png,train/RAIN/nir/40/00000035_nir.png,train/RAIN/gtSeg/40/00000035_mask.json,2048,1536
rain_seq40_00000036,rain_seq40,rain,train,train,train/RAIN/rgb/40/00000036_rgb.png,train/RAIN/nir/40/00000036_nir.png,train/RAIN/gtSeg/40/00000036_mask.json,2048,1536
rain_seq40_00000037,rain_seq40,rain,train,train,train/RAIN/rgb/40/00000037_rgb.png,train/RAIN/nir/40/00000037_nir.png,train/RAIN/gtSeg/40/00000037_mask.json,2048,1536
rain_seq40_00000038,rain_seq40,rain,train,train,train/RAIN/rgb/40/00000038_rgb.png,train/RAIN/nir/40/00000038_nir.png,train/RAIN/gtSeg/40/00000038_mask.json,2048,1536
rain_seq40_00000039,rain_seq40,rain,train,train,train/RAIN/rgb/40/00000039_rgb.png,train/RAIN/nir/40/00000039_nir.png,train/RAIN/gtSeg/40/00000039_mask.json,2048,1536
rain_seq40_00000040,rain_seq40,rain,train,train,train/RAIN/rgb/40/00000040_rgb.png,train/RAIN/nir/40/00000040_nir.png,train/RAIN/gtSeg/40/00000040_mask.json,2048,1536
rain_seq40_00000041,rain_seq40,rain,train,train,train/RAIN/rgb/40/00000041_rgb.png,train/RAIN/nir/40/00000041_nir.png,train/RAIN/gtSeg/40/00000041_mask.json,2048,1536
rain_seq40_00000042,rain_seq40,rain,train,train,train/RAIN/rgb/40/00000042_rgb.png,train/RAIN/nir/40/00000042_nir.png,train/RAIN/gtSeg/40/00000042_mask.json,2048,1536
rain_seq40_00000043,rain_seq40,rain,train,train,train/RAIN/rgb/40/00000043_rgb.png,train/RAIN/nir/40/00000043_nir.png,train/RAIN/gtSeg/40/00000043_mask.json,2048,1536
rain_seq40_00000044,rain_seq40,rain,train,train,train/RAIN/rgb/40/00000044_rgb.png,train/RAIN/nir/40/00000044_nir.png,train/RAIN/gtSeg/40/00000044_mask.json,2048,1536
rain_seq40_00000045,rain_seq40,rain,train,train,train/RAIN/rgb/40/00000045_rgb.png,train/RAIN/nir/40/00000045_nir.png,train/RAIN/gtSeg/40/00000045_mask.json,2048,1536
rain_seq40_00000046,rain_seq40,rain,train,train,train/RAIN/rgb/40/00000046_rgb.png,train/RAIN/nir/40/00000046_nir.png,train/RAIN/gtSeg/40/00000046_mask.json,2048,1536
rain_seq40_00000047,rain_seq40,rain,train,train,train/RAIN/rgb/40/00000047_rgb.png,train/RAIN/nir/40/00000047_nir.png,train/RAIN/gtSeg/40/00000047_mask.json,2048,1536
rain_seq40_00000048,rain_seq40,rain,train,train,train/RAIN/rgb/40/00000048_rgb.png,train/RAIN/nir/40/00000048_nir.png,train/RAIN/gtSeg/40/00000048_mask.json,2048,1536
rain_seq40_00000049,rain_seq40,rain,train,train,train/RAIN/rgb/40/00000049_rgb.png,train/RAIN/nir/40/00000049_nir.png,train/RAIN/gtSeg/40/00000049_mask.json,2048,1536
rain_seq40_00000050,rain_seq40,rain,train,train,train/RAIN/rgb/40/00000050_rgb.png,train/RAIN/nir/40/00000050_nir.png,train/RAIN/gtSeg/40/00000050_mask.json,2048,1536
rain_seq40_00000051,rain_seq40,rain,train,train,train/RAIN/rgb/40/00000051_rgb.png,train/RAIN/nir/40/00000051_nir.png,train/RAIN/gtSeg/40/00000051_mask.json,2048,1536
rain_seq40_00000052,rain_seq40,rain,train,train,train/RAIN/rgb/40/00000052_rgb.png,train/RAIN/nir/40/00000052_nir.png,train/RAIN/gtSeg/40/00000052_mask.json,2048,1536
rain_seq40_00000053,rain_seq40,rain,train,train,train/RAIN/rgb/40/00000053_rgb.png,train/RAIN/nir/40/00000053_nir.png,train/RAIN/gtSeg/40/00000053_mask.json,2048,1536
rain_seq40_00000054,rain_seq40,rain,train,train,train/RAIN/rgb/40/00000054_rgb.png,train/RAIN/nir/40/00000054_nir.png,train/RAIN/gtSeg/40/00000054_mask.json,2048,1536
rain_seq40_00000055,rain_seq40,rain,train,train,train/RAIN/rgb/40/00000055_rgb.png,train/RAIN/nir/40/00000055_nir.png,train/RAIN/gtSeg/40/00000055_mask.json,2048,1536
rain_seq40_00000056,rain_seq40,rain,train,train,train/RAIN/rgb/40/00000056_rgb.png,train/RAIN/nir/40/00000056_nir.png,train/RAIN/gtSeg/40/00000056_mask.json,2048,1536
rain_seq40_00000057,rain_seq40,rain,train,train,train/RAIN/rgb/40/00000057_rgb.png,train/RAIN/nir/40/00000057_nir.png,train/RAIN/gtSeg/40/00000057_mask.json,2048,1536
rain_seq40_00000058,rain_seq40,rain,train,train,train/RAIN/rgb/40/00000058_rgb.png,train/RAIN/nir/40/00000058_nir.png,train/RAIN/gtSeg/40/00000058_mask.json,2048,1536
rain_seq40_00000059,rain_seq40,rain,train,train,train/RAIN/rgb/40/00000059_rgb.png,train/RAIN/nir/40/00000059_nir.png,train/RAIN/gtSeg/40/00000059_mask.json,2048,1536
rain_seq40_00000060,rain_seq40,rain,train,train,train/RAIN/rgb/40/00000060_rgb.png,train/RAIN/nir/40/00000060_nir.png,train/RAIN/gtSeg/40/00000060_mask.json,2048,1536
rain_seq40_00000061,rain_seq40,rain,train,train,train/RAIN/rgb/40/00000061_rgb.png,train/RAIN/nir/40/00000061_nir.png,train/RAIN/gtSeg/40/00000061_mask.json,2048,1536
rain_seq40_00000062,rain_seq40,rain,train,train,train/RAIN/rgb/40/00000062_rgb.png,train/RAIN/nir/40/00000062_nir.png,train/RAIN/gtSeg/40/00000062_mask.json,2048,1536
rain_seq40_00000063,rain_seq40,rain,train,train,train/RAIN/rgb/40/00000063_rgb.png,train/RAIN/nir/40/00000063_nir.png,train/RAIN/gtSeg/40/00000063_mask.json,2048,1536
rain_seq40_00000064,rain_seq40,rain,train,train,train/RAIN/rgb/40/00000064_rgb.png,train/RAIN/nir/40/00000064_nir.png,train/RAIN/gtSeg/40/00000064_mask.json,2048,1536
rain_seq40_00000065,rain_seq40,rain,train,train,train/RAIN/rgb/40/00000065_rgb.png,train/RAIN/nir/40/00000065_nir.png,train/RAIN/gtSeg/40/00000065_mask.json,2048,1536
rain_seq40_00000066,rain_seq40,rain,train,train,train/RAIN/rgb/40/00000066_rgb.png,train/RAIN/nir/40/00000066_nir.png,train/RAIN/gtSeg/40/00000066_mask.json,2048,1536
rain_seq40_00000067,rain_seq40,rain,train,train,train/RAIN/rgb/40/00000067_rgb.png,train/RAIN/nir/40/00000067_nir.png,train/RAIN/gtSeg/40/00000067_mask.json,2048,1536
rain_seq40_00000068,rain_seq40,rain,train,train,train/RAIN/rgb/40/00000068_rgb.png,train/RAIN/nir/40/00000068_nir.png,train/RAIN/gtSeg/40/00000068_mask.json,2048,1536
rain_seq40_00000069,rain_seq40,rain,train,train,train/RAIN/rgb/40/00000069_rgb.png,train/RAIN/nir/40/00000069_nir.png,train/RAIN/gtSeg/40/00000069_mask.json,2048,1536
rain_seq40_00000070,rain_seq40,rain,train,train,train/RAIN/rgb/40/00000070_rgb.png,train/RAIN/nir/40/00000070_nir.png,train/RAIN/gtSeg/40/00000070_mask.json,2048,1536
rain_seq40_00000071,rain_seq40,rain,train,train,train/RAIN/rgb/40/00000071_rgb.png,train/RAIN/nir/40/00000071_nir.png,train/RAIN/gtSeg/40/00000071_mask.json,2048,1536
rain_seq40_00000072,rain_seq40,rain,train,train,train/RAIN/rgb/40/00000072_rgb.png,train/RAIN/nir/40/00000072_nir.png,train/RAIN/gtSeg/40/00000072_mask.json,2048,1536
rain_seq40_00000073,rain_seq40,rain,train,train,train/RAIN/rgb/40/00000073_rgb.png,train/RAIN/nir/40/00000073_nir.png,train/RAIN/gtSeg/40/00000073_mask.json,2048,1536
rain_seq40_00000074,rain_seq40,rain,train,train,train/RAIN/rgb/40/00000074_rgb.png,train/RAIN/nir/40/00000074_nir.png,train/RAIN/gtSeg/40/00000074_mask.json,2048,1536
rain_seq40_00000075,rain_seq40,rain,train,train,train/RAIN/rgb/40/00000075_rgb.png,train/RAIN/nir/40/00000075_nir.png,train/RAIN/gtSeg/40/00000075_mask.json,2048,1536
rain_seq40_00000076,rain_seq40,rain,train,train,train/RAIN/rgb/40/00000076_rgb.png,train/RAIN/nir/40/00000076_nir.png,train/RAIN/gtSeg/40/00000076_mask.json,2048,1536
rain_seq40_00000077,rain_seq40,rain,train,train,train/RAIN/rgb/40/00000077_rgb.png,train/RAIN/nir/40/00000077_nir.png,train/RAIN/gtSeg/40/00000077_mask.json,2048,1536
rain_seq40_00000078,rain_seq40,rain,train,train,train/RAIN/rgb/40/00000078_rgb.png,train/RAIN/nir/40/00000078_nir.png,train/RAIN/gtSeg/40/00000078_mask.json,2048,1536
rain_seq40_00000079,rain_seq40,rain,train,train,train/RAIN/rgb/40/00000079_rgb.png,train/RAIN/nir/40/00000079_nir.png,train/RAIN/gtSeg/40/00000079_mask.json,2048,1536
rain_seq40_00000080,rain_seq40,rain,train,train,train/RAIN/rgb/40/00000080_rgb.png,train/RAIN/nir/40/00000080_nir.png,train/RAIN/gtSeg/40/00000080_mask.json,2048,1536
rain_seq40_00000081,rain_seq40,rain,train,train,train/RAIN/rgb/40/00000081_rgb.png,train/RAIN/nir/40/00000081_nir.png,train/RAIN/gtSeg/40/00000081_mask.json,2048,1536
rain_seq40_00000082,rain_seq40,rain,train,train,train/RAIN/rgb/40/00000082_rgb.png,train/RAIN/nir/40/00000082_nir.png,train/RAIN/gtSeg/40/00000082_mask.json,2048,1536
rain_seq40_00000083,rain_seq40,rain,train,train,train/RAIN/rgb/40/00000083_rgb.png,train/RAIN/nir/40/00000083_nir.png,train/RAIN/gtSeg/40/00000083_mask.json,2048,1536
rain_seq40_00000084,rain_seq40,rain,train,train,train/RAIN/rgb/40/00000084_rgb.png,train/RAIN/nir/40/00000084_nir.png,train/RAIN/gtSeg/40/00000084_mask.json,2048,1536
rain_seq40_00000085,rain_seq40,rain,train,train,train/RAIN/rgb/40/00000085_rgb.png,train/RAIN/nir/40/00000085_nir.png,train/RAIN/gtSeg/40/00000085_mask.json,2048,1536
rain_seq41_00000000,rain_seq41,rain,val,train,val/RAIN/rgb/41/00000000_rgb.png,val/RAIN/nir/41/00000000_nir.png,val/RAIN/gtSeg/41/00000000_mask.json,2048,1536
rain_seq41_00000001,rain_seq41,rain,val,train,val/RAIN/rgb/41/00000001_rgb.png,val/RAIN/nir/41/00000001_nir.png,val/RAIN/gtSeg/41/00000001_mask.json,2048,1536
rain_seq41_00000002,rain_seq41,rain,val,train,val/RAIN/rgb/41/00000002_rgb.png,val/RAIN/nir/41/00000002_nir.png,val/RAIN/gtSeg/41/00000002_mask.json,2048,1536
rain_seq41_00000003,rain_seq41,rain,val,train,val/RAIN/rgb/41/00000003_rgb.png,val/RAIN/nir/41/00000003_nir.png,val/RAIN/gtSeg/41/00000003_mask.json,2048,1536
rain_seq41_00000004,rain_seq41,rain,val,train,val/RAIN/rgb/41/00000004_rgb.png,val/RAIN/nir/41/00000004_nir.png,val/RAIN/gtSeg/41/00000004_mask.json,2048,1536
rain_seq41_00000005,rain_seq41,rain,val,train,val/RAIN/rgb/41/00000005_rgb.png,val/RAIN/nir/41/00000005_nir.png,val/RAIN/gtSeg/41/00000005_mask.json,2048,1536
rain_seq41_00000006,rain_seq41,rain,val,train,val/RAIN/rgb/41/00000006_rgb.png,val/RAIN/nir/41/00000006_nir.png,val/RAIN/gtSeg/41/00000006_mask.json,2048,1536
rain_seq41_00000007,rain_seq41,rain,val,train,val/RAIN/rgb/41/00000007_rgb.png,val/RAIN/nir/41/00000007_nir.png,val/RAIN/gtSeg/41/00000007_mask.json,2048,1536
rain_seq41_00000008,rain_seq41,rain,val,train,val/RAIN/rgb/41/00000008_rgb.png,val/RAIN/nir/41/00000008_nir.png,val/RAIN/gtSeg/41/00000008_mask.json,2048,1536
rain_seq41_00000009,rain_seq41,rain,val,train,val/RAIN/rgb/41/00000009_rgb.png,val/RAIN/nir/41/00000009_nir.png,val/RAIN/gtSeg/41/00000009_mask.json,2048,1536
rain_seq41_00000010,rain_seq41,rain,val,train,val/RAIN/rgb/41/00000010_rgb.png,val/RAIN/nir/41/00000010_nir.png,val/RAIN/gtSeg/41/00000010_mask.json,2048,1536
rain_seq41_00000011,rain_seq41,rain,val,train,val/RAIN/rgb/41/00000011_rgb.png,val/RAIN/nir/41/00000011_nir.png,val/RAIN/gtSeg/41/00000011_mask.json,2048,1536
rain_seq41_00000012,rain_seq41,rain,val,train,val/RAIN/rgb/41/00000012_rgb.png,val/RAIN/nir/41/00000012_nir.png,val/RAIN/gtSeg/41/00000012_mask.json,2048,1536
rain_seq41_00000013,rain_seq41,rain,val,train,val/RAIN/rgb/41/00000013_rgb.png,val/RAIN/nir/41/00000013_nir.png,val/RAIN/gtSeg/41/00000013_mask.json,2048,1536
rain_seq41_00000014,rain_seq41,rain,val,train,val/RAIN/rgb/41/00000014_rgb.png,val/RAIN/nir/41/00000014_nir.png,val/RAIN/gtSeg/41/00000014_mask.json,2048,1536
rain_seq41_00000015,rain_seq41,rain,val,train,val/RAIN/rgb/41/00000015_rgb.png,val/RAIN/nir/41/00000015_nir.png,val/RAIN/gtSeg/41/00000015_mask.json,2048,1536
rain_seq41_00000016,rain_seq41,rain,val,train,val/RAIN/rgb/41/00000016_rgb.png,val/RAIN/nir/41/00000016_nir.png,val/RAIN/gtSeg/41/00000016_mask.json,2048,1536
rain_seq41_00000017,rain_seq41,rain,val,train,val/RAIN/rgb/41/00000017_rgb.png,val/RAIN/nir/41/00000017_nir.png,val/RAIN/gtSeg/41/00000017_mask.json,2048,1536
rain_seq41_00000018,rain_seq41,rain,val,train,val/RAIN/rgb/41/00000018_rgb.png,val/RAIN/nir/41/00000018_nir.png,val/RAIN/gtSeg/41/00000018_mask.json,2048,1536
rain_seq41_00000019,rain_seq41,rain,val,train,val/RAIN/rgb/41/00000019_rgb.png,val/RAIN/nir/41/00000019_nir.png,val/RAIN/gtSeg/41/00000019_mask.json,2048,1536
rain_seq41_00000020,rain_seq41,rain,val,train,val/RAIN/rgb/41/00000020_rgb.png,val/RAIN/nir/41/00000020_nir.png,val/RAIN/gtSeg/41/00000020_mask.json,2048,1536
rain_seq41_00000021,rain_seq41,rain,val,train,val/RAIN/rgb/41/00000021_rgb.png,val/RAIN/nir/41/00000021_nir.png,val/RAIN/gtSeg/41/00000021_mask.json,2048,1536
rain_seq41_00000022,rain_seq41,rain,val,train,val/RAIN/rgb/41/00000022_rgb.png,val/RAIN/nir/41/00000022_nir.png,val/RAIN/gtSeg/41/00000022_mask.json,2048,1536
rain_seq41_00000023,rain_seq41,rain,val,train,val/RAIN/rgb/41/00000023_rgb.png,val/RAIN/nir/41/00000023_nir.png,val/RAIN/gtSeg/41/00000023_mask.json,2048,1536
rain_seq41_00000024,rain_seq41,rain,val,train,val/RAIN/rgb/41/00000024_rgb.png,val/RAIN/nir/41/00000024_nir.png,val/RAIN/gtSeg/41/00000024_mask.json,2048,1536
rain_seq41_00000025,rain_seq41,rain,val,train,val/RAIN/rgb/41/00000025_rgb.png,val/RAIN/nir/41/00000025_nir.png,val/RAIN/gtSeg/41/00000025_mask.json,2048,1536
rain_seq41_00000026,rain_seq41,rain,val,train,val/RAIN/rgb/41/00000026_rgb.png,val/RAIN/nir/41/00000026_nir.png,val/RAIN/gtSeg/41/00000026_mask.json,2048,1536
rain_seq41_00000027,rain_seq41,rain,val,train,val/RAIN/rgb/41/00000027_rgb.png,val/RAIN/nir/41/00000027_nir.png,val/RAIN/gtSeg/41/00000027_mask.json,2048,1536
rain_seq41_00000028,rain_seq41,rain,val,train,val/RAIN/rgb/41/00000028_rgb.png,val/RAIN/nir/41/00000028_nir.png,val/RAIN/gtSeg/41/00000028_mask.json,2048,1536
rain_seq41_00000029,rain_seq41,rain,val,train,val/RAIN/rgb/41/00000029_rgb.png,val/RAIN/nir/41/00000029_nir.png,val/RAIN/gtSeg/41/00000029_mask.json,2048,1536
rain_seq41_00000030,rain_seq41,rain,val,train,val/RAIN/rgb/41/00000030_rgb.png,val/RAIN/nir/41/00000030_nir.png,val/RAIN/gtSeg/41/00000030_mask.json,2048,1536
rain_seq41_00000031,rain_seq41,rain,val,train,val/RAIN/rgb/41/00000031_rgb.png,val/RAIN/nir/41/00000031_nir.png,val/RAIN/gtSeg/41/00000031_mask.json,2048,1536
rain_seq41_00000032,rain_seq41,rain,val,train,val/RAIN/rgb/41/00000032_rgb.png,val/RAIN/nir/41/00000032_nir.png,val/RAIN/gtSeg/41/00000032_mask.json,2048,1536
rain_seq41_00000033,rain_seq41,rain,val,train,val/RAIN/rgb/41/00000033_rgb.png,val/RAIN/nir/41/00000033_nir.png,val/RAIN/gtSeg/41/00000033_mask.json,2048,1536
rain_seq41_00000034,rain_seq41,rain,val,train,val/RAIN/rgb/41/00000034_rgb.png,val/RAIN/nir/41/00000034_nir.png,val/RAIN/gtSeg/41/00000034_mask.json,2048,1536
rain_seq41_00000035,rain_seq41,rain,val,train,val/RAIN/rgb/41/00000035_rgb.png,val/RAIN/nir/41/00000035_nir.png,val/RAIN/gtSeg/41/00000035_mask.json,2048,1536
rain_seq41_00000036,rain_seq41,rain,val,train,val/RAIN/rgb/41/00000036_rgb.png,val/RAIN/nir/41/00000036_nir.png,val/RAIN/gtSeg/41/00000036_mask.json,2048,1536
rain_seq41_00000037,rain_seq41,rain,val,train,val/RAIN/rgb/41/00000037_rgb.png,val/RAIN/nir/41/00000037_nir.png,val/RAIN/gtSeg/41/00000037_mask.json,2048,1536
rain_seq41_00000038,rain_seq41,rain,val,train,val/RAIN/rgb/41/00000038_rgb.png,val/RAIN/nir/41/00000038_nir.png,val/RAIN/gtSeg/41/00000038_mask.json,2048,1536
rain_seq41_00000039,rain_seq41,rain,val,train,val/RAIN/rgb/41/00000039_rgb.png,val/RAIN/nir/41/00000039_nir.png,val/RAIN/gtSeg/41/00000039_mask.json,2048,1536
rain_seq41_00000040,rain_seq41,rain,val,train,val/RAIN/rgb/41/00000040_rgb.png,val/RAIN/nir/41/00000040_nir.png,val/RAIN/gtSeg/41/00000040_mask.json,2048,1536
rain_seq41_00000041,rain_seq41,rain,val,train,val/RAIN/rgb/41/00000041_rgb.png,val/RAIN/nir/41/00000041_nir.png,val/RAIN/gtSeg/41/00000041_mask.json,2048,1536
rain_seq41_00000042,rain_seq41,rain,val,train,val/RAIN/rgb/41/00000042_rgb.png,val/RAIN/nir/41/00000042_nir.png,val/RAIN/gtSeg/41/00000042_mask.json,2048,1536
rain_seq41_00000043,rain_seq41,rain,val,train,val/RAIN/rgb/41/00000043_rgb.png,val/RAIN/nir/41/00000043_nir.png,val/RAIN/gtSeg/41/00000043_mask.json,2048,1536
rain_seq41_00000044,rain_seq41,rain,val,train,val/RAIN/rgb/41/00000044_rgb.png,val/RAIN/nir/41/00000044_nir.png,val/RAIN/gtSeg/41/00000044_mask.json,2048,1536
rain_seq41_00000045,rain_seq41,rain,val,train,val/RAIN/rgb/41/00000045_rgb.png,val/RAIN/nir/41/00000045_nir.png,val/RAIN/gtSeg/41/00000045_mask.json,2048,1536
rain_seq41_00000046,rain_seq41,rain,val,train,val/RAIN/rgb/41/00000046_rgb.png,val/RAIN/nir/41/00000046_nir.png,val/RAIN/gtSeg/41/00000046_mask.json,2048,1536
rain_seq41_00000047,rain_seq41,rain,val,train,val/RAIN/rgb/41/00000047_rgb.png,val/RAIN/nir/41/00000047_nir.png,val/RAIN/gtSeg/41/00000047_mask.json,2048,1536
rain_seq41_00000048,rain_seq41,rain,val,train,val/RAIN/rgb/41/00000048_rgb.png,val/RAIN/nir/41/00000048_nir.png,val/RAIN/gtSeg/41/00000048_mask.json,2048,1536
rain_seq41_00000049,rain_seq41,rain,val,train,val/RAIN/rgb/41/00000049_rgb.png,val/RAIN/nir/41/00000049_nir.png,val/RAIN/gtSeg/41/00000049_mask.json,2048,1536
rain_seq41_00000050,rain_seq41,rain,val,train,val/RAIN/rgb/41/00000050_rgb.png,val/RAIN/nir/41/00000050_nir.png,val/RAIN/gtSeg/41/00000050_mask.json,2048,1536
rain_seq41_00000051,rain_seq41,rain,val,train,val/RAIN/rgb/41/00000051_rgb.png,val/RAIN/nir/41/00000051_nir.png,val/RAIN/gtSeg/41/00000051_mask.json,2048,1536
rain_seq41_00000052,rain_seq41,rain,val,train,val/RAIN/rgb/41/00000052_rgb.png,val/RAIN/nir/41/00000052_nir.png,val/RAIN/gtSeg/41/00000052_mask.json,2048,1536
rain_seq41_00000053,rain_seq41,rain,val,train,val/RAIN/rgb/41/00000053_rgb.png,val/RAIN/nir/41/00000053_nir.png,val/RAIN/gtSeg/41/00000053_mask.json,2048,1536
rain_seq41_00000054,rain_seq41,rain,val,train,val/RAIN/rgb/41/00000054_rgb.png,val/RAIN/nir/41/00000054_nir.png,val/RAIN/gtSeg/41/00000054_mask.json,2048,1536
rain_seq41_00000055,rain_seq41,rain,val,train,val/RAIN/rgb/41/00000055_rgb.png,val/RAIN/nir/41/00000055_nir.png,val/RAIN/gtSeg/41/00000055_mask.json,2048,1536
rain_seq41_00000056,rain_seq41,rain,val,train,val/RAIN/rgb/41/00000056_rgb.png,val/RAIN/nir/41/00000056_nir.png,val/RAIN/gtSeg/41/00000056_mask.json,2048,1536
rain_seq41_00000057,rain_seq41,rain,val,train,val/RAIN/rgb/41/00000057_rgb.png,val/RAIN/nir/41/00000057_nir.png,val/RAIN/gtSeg/41/00000057_mask.json,2048,1536
rain_seq41_00000058,rain_seq41,rain,val,train,val/RAIN/rgb/41/00000058_rgb.png,val/RAIN/nir/41/00000058_nir.png,val/RAIN/gtSeg/41/00000058_mask.json,2048,1536
rain_seq41_00000059,rain_seq41,rain,val,train,val/RAIN/rgb/41/00000059_rgb.png,val/RAIN/nir/41/00000059_nir.png,val/RAIN/gtSeg/41/00000059_mask.json,2048,1536
rain_seq41_00000060,rain_seq41,rain,val,train,val/RAIN/rgb/41/00000060_rgb.png,val/RAIN/nir/41/00000060_nir.png,val/RAIN/gtSeg/41/00000060_mask.json,2048,1536
rain_seq41_00000061,rain_seq41,rain,val,train,val/RAIN/rgb/41/00000061_rgb.png,val/RAIN/nir/41/00000061_nir.png,val/RAIN/gtSeg/41/00000061_mask.json,2048,1536
rain_seq41_00000062,rain_seq41,rain,val,train,val/RAIN/rgb/41/00000062_rgb.png,val/RAIN/nir/41/00000062_nir.png,val/RAIN/gtSeg/41/00000062_mask.json,2048,1536
rain_seq41_00000063,rain_seq41,rain,val,train,val/RAIN/rgb/41/00000063_rgb.png,val/RAIN/nir/41/00000063_nir.png,val/RAIN/gtSeg/41/00000063_mask.json,2048,1536
rain_seq41_00000064,rain_seq41,rain,val,train,val/RAIN/rgb/41/00000064_rgb.png,val/RAIN/nir/41/00000064_nir.png,val/RAIN/gtSeg/41/00000064_mask.json,2048,1536
rain_seq41_00000065,rain_seq41,rain,val,train,val/RAIN/rgb/41/00000065_rgb.png,val/RAIN/nir/41/00000065_nir.png,val/RAIN/gtSeg/41/00000065_mask.json,2048,1536
rain_seq41_00000066,rain_seq41,rain,val,train,val/RAIN/rgb/41/00000066_rgb.png,val/RAIN/nir/41/00000066_nir.png,val/RAIN/gtSeg/41/00000066_mask.json,2048,1536
rain_seq41_00000067,rain_seq41,rain,val,train,val/RAIN/rgb/41/00000067_rgb.png,val/RAIN/nir/41/00000067_nir.png,val/RAIN/gtSeg/41/00000067_mask.json,2048,1536
rain_seq41_00000068,rain_seq41,rain,val,train,val/RAIN/rgb/41/00000068_rgb.png,val/RAIN/nir/41/00000068_nir.png,val/RAIN/gtSeg/41/00000068_mask.json,2048,1536
rain_seq41_00000069,rain_seq41,rain,val,train,val/RAIN/rgb/41/00000069_rgb.png,val/RAIN/nir/41/00000069_nir.png,val/RAIN/gtSeg/41/00000069_mask.json,2048,1536
rain_seq41_00000070,rain_seq41,rain,val,train,val/RAIN/rgb/41/00000070_rgb.png,val/RAIN/nir/41/00000070_nir.png,val/RAIN/gtSeg/41/00000070_mask.json,2048,1536
rain_seq41_00000071,rain_seq41,rain,val,train,val/RAIN/rgb/41/00000071_rgb.png,val/RAIN/nir/41/00000071_nir.png,val/RAIN/gtSeg/41/00000071_mask.json,2048,1536
rain_seq41_00000072,rain_seq41,rain,val,train,val/RAIN/rgb/41/00000072_rgb.png,val/RAIN/nir/41/00000072_nir.png,val/RAIN/gtSeg/41/00000072_mask.json,2048,1536
rain_seq41_00000073,rain_seq41,rain,val,train,val/RAIN/rgb/41/00000073_rgb.png,val/RAIN/nir/41/00000073_nir.png,val/RAIN/gtSeg/41/00000073_mask.json,2048,1536
rain_seq41_00000074,rain_seq41,rain,val,train,val/RAIN/rgb/41/00000074_rgb.png,val/RAIN/nir/41/00000074_nir.png,val/RAIN/gtSeg/41/00000074_mask.json,2048,1536
rain_seq41_00000075,rain_seq41,rain,val,train,val/RAIN/rgb/41/00000075_rgb.png,val/RAIN/nir/41/00000075_nir.png,val/RAIN/gtSeg/41/00000075_mask.json,2048,1536
rain_seq41_00000076,rain_seq41,rain,val,train,val/RAIN/rgb/41/00000076_rgb.png,val/RAIN/nir/41/00000076_nir.png,val/RAIN/gtSeg/41/00000076_mask.json,2048,1536
rain_seq41_00000077,rain_seq41,rain,val,train,val/RAIN/rgb/41/00000077_rgb.png,val/RAIN/nir/41/00000077_nir.png,val/RAIN/gtSeg/41/00000077_mask.json,2048,1536
rain_seq41_00000078,rain_seq41,rain,val,train,val/RAIN/rgb/41/00000078_rgb.png,val/RAIN/nir/41/00000078_nir.png,val/RAIN/gtSeg/41/00000078_mask.json,2048,1536
rain_seq41_00000079,rain_seq41,rain,val,train,val/RAIN/rgb/41/00000079_rgb.png,val/RAIN/nir/41/00000079_nir.png,val/RAIN/gtSeg/41/00000079_mask.json,2048,1536
rain_seq41_00000080,rain_seq41,rain,val,train,val/RAIN/rgb/41/00000080_rgb.png,val/RAIN/nir/41/00000080_nir.png,val/RAIN/gtSeg/41/00000080_mask.json,2048,1536
rain_seq41_00000081,rain_seq41,rain,val,train,val/RAIN/rgb/41/00000081_rgb.png,val/RAIN/nir/41/00000081_nir.png,val/RAIN/gtSeg/41/00000081_mask.json,2048,1536
rain_seq42_00000000,rain_seq42,rain,train,train,train/RAIN/rgb/42/00000000_rgb.png,train/RAIN/nir/42/00000000_nir.png,train/RAIN/gtSeg/42/00000000_mask.json,2048,1536
rain_seq42_00000001,rain_seq42,rain,train,train,train/RAIN/rgb/42/00000001_rgb.png,train/RAIN/nir/42/00000001_nir.png,train/RAIN/gtSeg/42/00000001_mask.json,2048,1536
rain_seq42_00000002,rain_seq42,rain,train,train,train/RAIN/rgb/42/00000002_rgb.png,train/RAIN/nir/42/00000002_nir.png,train/RAIN/gtSeg/42/00000002_mask.json,2048,1536
rain_seq42_00000003,rain_seq42,rain,train,train,train/RAIN/rgb/42/00000003_rgb.png,train/RAIN/nir/42/00000003_nir.png,train/RAIN/gtSeg/42/00000003_mask.json,2048,1536
rain_seq42_00000004,rain_seq42,rain,train,train,train/RAIN/rgb/42/00000004_rgb.png,train/RAIN/nir/42/00000004_nir.png,train/RAIN/gtSeg/42/00000004_mask.json,2048,1536
rain_seq42_00000005,rain_seq42,rain,train,train,train/RAIN/rgb/42/00000005_rgb.png,train/RAIN/nir/42/00000005_nir.png,train/RAIN/gtSeg/42/00000005_mask.json,2048,1536
rain_seq42_00000006,rain_seq42,rain,train,train,train/RAIN/rgb/42/00000006_rgb.png,train/RAIN/nir/42/00000006_nir.png,train/RAIN/gtSeg/42/00000006_mask.json,2048,1536
rain_seq42_00000007,rain_seq42,rain,train,train,train/RAIN/rgb/42/00000007_rgb.png,train/RAIN/nir/42/00000007_nir.png,train/RAIN/gtSeg/42/00000007_mask.json,2048,1536
rain_seq42_00000008,rain_seq42,rain,train,train,train/RAIN/rgb/42/00000008_rgb.png,train/RAIN/nir/42/00000008_nir.png,train/RAIN/gtSeg/42/00000008_mask.json,2048,1536
rain_seq42_00000009,rain_seq42,rain,train,train,train/RAIN/rgb/42/00000009_rgb.png,train/RAIN/nir/42/00000009_nir.png,train/RAIN/gtSeg/42/00000009_mask.json,2048,1536
rain_seq42_00000010,rain_seq42,rain,train,train,train/RAIN/rgb/42/00000010_rgb.png,train/RAIN/nir/42/00000010_nir.png,train/RAIN/gtSeg/42/00000010_mask.json,2048,1536
rain_seq42_00000011,rain_seq42,rain,train,train,train/RAIN/rgb/42/00000011_rgb.png,train/RAIN/nir/42/00000011_nir.png,train/RAIN/gtSeg/42/00000011_mask.json,2048,1536
rain_seq42_00000012,rain_seq42,rain,train,train,train/RAIN/rgb/42/00000012_rgb.png,train/RAIN/nir/42/00000012_nir.png,train/RAIN/gtSeg/42/00000012_mask.json,2048,1536
rain_seq42_00000013,rain_seq42,rain,train,train,train/RAIN/rgb/42/00000013_rgb.png,train/RAIN/nir/42/00000013_nir.png,train/RAIN/gtSeg/42/00000013_mask.json,2048,1536
rain_seq42_00000014,rain_seq42,rain,train,train,train/RAIN/rgb/42/00000014_rgb.png,train/RAIN/nir/42/00000014_nir.png,train/RAIN/gtSeg/42/00000014_mask.json,2048,1536
rain_seq42_00000015,rain_seq42,rain,train,train,train/RAIN/rgb/42/00000015_rgb.png,train/RAIN/nir/42/00000015_nir.png,train/RAIN/gtSeg/42/00000015_mask.json,2048,1536
rain_seq42_00000016,rain_seq42,rain,train,train,train/RAIN/rgb/42/00000016_rgb.png,train/RAIN/nir/42/00000016_nir.png,train/RAIN/gtSeg/42/00000016_mask.json,2048,1536
rain_seq42_00000017,rain_seq42,rain,train,train,train/RAIN/rgb/42/00000017_rgb.png,train/RAIN/nir/42/00000017_nir.png,train/RAIN/gtSeg/42/00000017_mask.json,2048,1536
rain_seq42_00000018,rain_seq42,rain,train,train,train/RAIN/rgb/42/00000018_rgb.png,train/RAIN/nir/42/00000018_nir.png,train/RAIN/gtSeg/42/00000018_mask.json,2048,1536
rain_seq42_00000019,rain_seq42,rain,train,train,train/RAIN/rgb/42/00000019_rgb.png,train/RAIN/nir/42/00000019_nir.png,train/RAIN/gtSeg/42/00000019_mask.json,2048,1536
rain_seq42_00000020,rain_seq42,rain,train,train,train/RAIN/rgb/42/00000020_rgb.png,train/RAIN/nir/42/00000020_nir.png,train/RAIN/gtSeg/42/00000020_mask.json,2048,1536
rain_seq42_00000021,rain_seq42,rain,train,train,train/RAIN/rgb/42/00000021_rgb.png,train/RAIN/nir/42/00000021_nir.png,train/RAIN/gtSeg/42/00000021_mask.json,2048,1536
rain_seq42_00000022,rain_seq42,rain,train,train,train/RAIN/rgb/42/00000022_rgb.png,train/RAIN/nir/42/00000022_nir.png,train/RAIN/gtSeg/42/00000022_mask.json,2048,1536
rain_seq42_00000023,rain_seq42,rain,train,train,train/RAIN/rgb/42/00000023_rgb.png,train/RAIN/nir/42/00000023_nir.png,train/RAIN/gtSeg/42/00000023_mask.json,2048,1536
rain_seq42_00000024,rain_seq42,rain,train,train,train/RAIN/rgb/42/00000024_rgb.png,train/RAIN/nir/42/00000024_nir.png,train/RAIN/gtSeg/42/00000024_mask.json,2048,1536
rain_seq42_00000025,rain_seq42,rain,train,train,train/RAIN/rgb/42/00000025_rgb.png,train/RAIN/nir/42/00000025_nir.png,train/RAIN/gtSeg/42/00000025_mask.json,2048,1536
rain_seq42_00000026,rain_seq42,rain,train,train,train/RAIN/rgb/42/00000026_rgb.png,train/RAIN/nir/42/00000026_nir.png,train/RAIN/gtSeg/42/00000026_mask.json,2048,1536
rain_seq42_00000027,rain_seq42,rain,train,train,train/RAIN/rgb/42/00000027_rgb.png,train/RAIN/nir/42/00000027_nir.png,train/RAIN/gtSeg/42/00000027_mask.json,2048,1536
rain_seq42_00000028,rain_seq42,rain,train,train,train/RAIN/rgb/42/00000028_rgb.png,train/RAIN/nir/42/00000028_nir.png,train/RAIN/gtSeg/42/00000028_mask.json,2048,1536
rain_seq42_00000029,rain_seq42,rain,train,train,train/RAIN/rgb/42/00000029_rgb.png,train/RAIN/nir/42/00000029_nir.png,train/RAIN/gtSeg/42/00000029_mask.json,2048,1536
rain_seq42_00000030,rain_seq42,rain,train,train,train/RAIN/rgb/42/00000030_rgb.png,train/RAIN/nir/42/00000030_nir.png,train/RAIN/gtSeg/42/00000030_mask.json,2048,1536
rain_seq42_00000031,rain_seq42,rain,train,train,train/RAIN/rgb/42/00000031_rgb.png,train/RAIN/nir/42/00000031_nir.png,train/RAIN/gtSeg/42/00000031_mask.json,2048,1536
rain_seq42_00000032,rain_seq42,rain,train,train,train/RAIN/rgb/42/00000032_rgb.png,train/RAIN/nir/42/00000032_nir.png,train/RAIN/gtSeg/42/00000032_mask.json,2048,1536
rain_seq42_00000033,rain_seq42,rain,train,train,train/RAIN/rgb/42/00000033_rgb.png,train/RAIN/nir/42/00000033_nir.png,train/RAIN/gtSeg/42/00000033_mask.json,2048,1536
rain_seq42_00000034,rain_seq42,rain,train,train,train/RAIN/rgb/42/00000034_rgb.png,train/RAIN/nir/42/00000034_nir.png,train/RAIN/gtSeg/42/00000034_mask.json,2048,1536
rain_seq42_00000035,rain_seq42,rain,train,train,train/RAIN/rgb/42/00000035_rgb.png,train/RAIN/nir/42/00000035_nir.png,train/RAIN/gtSeg/42/00000035_mask.json,2048,1536
rain_seq42_00000036,rain_seq42,rain,train,train,train/RAIN/rgb/42/00000036_rgb.png,train/RAIN/nir/42/00000036_nir.png,train/RAIN/gtSeg/42/00000036_mask.json,2048,1536
rain_seq42_00000037,rain_seq42,rain,train,train,train/RAIN/rgb/42/00000037_rgb.png,train/RAIN/nir/42/00000037_nir.png,train/RAIN/gtSeg/42/00000037_mask.json,2048,1536
rain_seq42_00000038,rain_seq42,rain,train,train,train/RAIN/rgb/42/00000038_rgb.png,train/RAIN/nir/42/00000038_nir.png,train/RAIN/gtSeg/42/00000038_mask.json,2048,1536
rain_seq42_00000039,rain_seq42,rain,train,train,train/RAIN/rgb/42/00000039_rgb.png,train/RAIN/nir/42/00000039_nir.png,train/RAIN/gtSeg/42/00000039_mask.json,2048,1536
rain_seq42_00000040,rain_seq42,rain,train,train,train/RAIN/rgb/42/00000040_rgb.png,train/RAIN/nir/42/00000040_nir.png,train/RAIN/gtSeg/42/00000040_mask.json,2048,1536
rain_seq42_00000041,rain_seq42,rain,train,train,train/RAIN/rgb/42/00000041_rgb.png,train/RAIN/nir/42/00000041_nir.png,train/RAIN/gtSeg/42/00000041_mask.json,2048,1536
rain_seq42_00000042,rain_seq42,rain,train,train,train/RAIN/rgb/42/00000042_rgb.png,train/RAIN/nir/42/00000042_nir.png,train/RAIN/gtSeg/42/00000042_mask.json,2048,1536
rain_seq42_00000043,rain_seq42,rain,train,train,train/RAIN/rgb/42/00000043_rgb.png,train/RAIN/nir/42/00000043_nir.png,train/RAIN/gtSeg/42/00000043_mask.json,2048,1536
rain_seq42_00000044,rain_seq42,rain,train,train,train/RAIN/rgb/42/00000044_rgb.png,train/RAIN/nir/42/00000044_nir.png,train/RAIN/gtSeg/42/00000044_mask.json,2048,1536
rain_seq42_00000045,rain_seq42,rain,train,train,train/RAIN/rgb/42/00000045_rgb.png,train/RAIN/nir/42/00000045_nir.png,train/RAIN/gtSeg/42/00000045_mask.json,2048,1536
rain_seq42_00000046,rain_seq42,rain,train,train,train/RAIN/rgb/42/00000046_rgb.png,train/RAIN/nir/42/00000046_nir.png,train/RAIN/gtSeg/42/00000046_mask.json,2048,1536
rain_seq42_00000047,rain_seq42,rain,train,train,train/RAIN/rgb/42/00000047_rgb.png,train/RAIN/nir/42/00000047_nir.png,train/RAIN/gtSeg/42/00000047_mask.json,2048,1536
rain_seq42_00000048,rain_seq42,rain,train,train,train/RAIN/rgb/42/00000048_rgb.png,train/RAIN/nir/42/00000048_nir.png,train/RAIN/gtSeg/42/00000048_mask.json,2048,1536
rain_seq42_00000049,rain_seq42,rain,train,train,train/RAIN/rgb/42/00000049_rgb.png,train/RAIN/nir/42/00000049_nir.png,train/RAIN/gtSeg/42/00000049_mask.json,2048,1536
rain_seq42_00000050,rain_seq42,rain,train,train,train/RAIN/rgb/42/00000050_rgb.png,train/RAIN/nir/42/00000050_nir.png,train/RAIN/gtSeg/42/00000050_mask.json,2048,1536
rain_seq42_00000051,rain_seq42,rain,train,train,train/RAIN/rgb/42/00000051_rgb.png,train/RAIN/nir/42/00000051_nir.png,train/RAIN/gtSeg/42/00000051_mask.json,2048,1536
rain_seq42_00000052,rain_seq42,rain,train,train,train/RAIN/rgb/42/00000052_rgb.png,train/RAIN/nir/42/00000052_nir.png,train/RAIN/gtSeg/42/00000052_mask.json,2048,1536
rain_seq42_00000053,rain_seq42,rain,train,train,train/RAIN/rgb/42/00000053_rgb.png,train/RAIN/nir/42/00000053_nir.png,train/RAIN/gtSeg/42/00000053_mask.json,2048,1536
rain_seq42_00000054,rain_seq42,rain,train,train,train/RAIN/rgb/42/00000054_rgb.png,train/RAIN/nir/42/00000054_nir.png,train/RAIN/gtSeg/42/00000054_mask.json,2048,1536
rain_seq42_00000055,rain_seq42,rain,train,train,train/RAIN/rgb/42/00000055_rgb.png,train/RAIN/nir/42/00000055_nir.png,train/RAIN/gtSeg/42/00000055_mask.json,2048,1536
rain_seq42_00000056,rain_seq42,rain,train,train,train/RAIN/rgb/42/00000056_rgb.png,train/RAIN/nir/42/00000056_nir.png,train/RAIN/gtSeg/42/00000056_mask.json,2048,1536
rain_seq42_00000057,rain_seq42,rain,train,train,train/RAIN/rgb/42/00000057_rgb.png,train/RAIN/nir/42/00000057_nir.png,train/RAIN/gtSeg/42/00000057_mask.json,2048,1536
rain_seq42_00000058,rain_seq42,rain,train,train,train/RAIN/rgb/42/00000058_rgb.png,train/RAIN/nir/42/00000058_nir.png,train/RAIN/gtSeg/42/00000058_mask.json,2048,1536
rain_seq42_00000059,rain_seq42,rain,train,train,train/RAIN/rgb/42/00000059_rgb.png,train/RAIN/nir/42/00000059_nir.png,train/RAIN/gtSeg/42/00000059_mask.json,2048,1536
rain_seq42_00000060,rain_seq42,rain,train,train,train/RAIN/rgb/42/00000060_rgb.png,train/RAIN/nir/42/00000060_nir.png,train/RAIN/gtSeg/42/00000060_mask.json,2048,1536
rain_seq42_00000061,rain_seq42,rain,train,train,train/RAIN/rgb/42/00000061_rgb.png,train/RAIN/nir/42/00000061_nir.png,train/RAIN/gtSeg/42/00000061_mask.json,2048,1536
rain_seq42_00000062,rain_seq42,rain,train,train,train/RAIN/rgb/42/00000062_rgb.png,train/RAIN/nir/42/00000062_nir.png,train/RAIN/gtSeg/42/00000062_mask.json,2048,1536
rain_seq42_00000063,rain_seq42,rain,train,train,train/RAIN/rgb/42/00000063_rgb.png,train/RAIN/nir/42/00000063_nir.png,train/RAIN/gtSeg/42/00000063_mask.json,2048,1536
rain_seq42_00000064,rain_seq42,rain,train,train,train/RAIN/rgb/42/00000064_rgb.png,train/RAIN/nir/42/00000064_nir.png,train/RAIN/gtSeg/42/00000064_mask.json,2048,1536
rain_seq42_00000065,rain_seq42,rain,train,train,train/RAIN/rgb/42/00000065_rgb.png,train/RAIN/nir/42/00000065_nir.png,train/RAIN/gtSeg/42/00000065_mask.json,2048,1536
rain_seq42_00000066,rain_seq42,rain,train,train,train/RAIN/rgb/42/00000066_rgb.png,train/RAIN/nir/42/00000066_nir.png,train/RAIN/gtSeg/42/00000066_mask.json,2048,1536
rain_seq42_00000067,rain_seq42,rain,train,train,train/RAIN/rgb/42/00000067_rgb.png,train/RAIN/nir/42/00000067_nir.png,train/RAIN/gtSeg/42/00000067_mask.json,2048,1536
rain_seq43_00000000,rain_seq43,rain,train,val,train/RAIN/rgb/43/00000000_rgb.png,train/RAIN/nir/43/00000000_nir.png,train/RAIN/gtSeg/43/00000000_mask.json,2048,1536
rain_seq43_00000001,rain_seq43,rain,train,val,train/RAIN/rgb/43/00000001_rgb.png,train/RAIN/nir/43/00000001_nir.png,train/RAIN/gtSeg/43/00000001_mask.json,2048,1536
rain_seq43_00000002,rain_seq43,rain,train,val,train/RAIN/rgb/43/00000002_rgb.png,train/RAIN/nir/43/00000002_nir.png,train/RAIN/gtSeg/43/00000002_mask.json,2048,1536
rain_seq43_00000003,rain_seq43,rain,train,val,train/RAIN/rgb/43/00000003_rgb.png,train/RAIN/nir/43/00000003_nir.png,train/RAIN/gtSeg/43/00000003_mask.json,2048,1536
rain_seq43_00000004,rain_seq43,rain,train,val,train/RAIN/rgb/43/00000004_rgb.png,train/RAIN/nir/43/00000004_nir.png,train/RAIN/gtSeg/43/00000004_mask.json,2048,1536
rain_seq43_00000005,rain_seq43,rain,train,val,train/RAIN/rgb/43/00000005_rgb.png,train/RAIN/nir/43/00000005_nir.png,train/RAIN/gtSeg/43/00000005_mask.json,2048,1536
rain_seq43_00000006,rain_seq43,rain,train,val,train/RAIN/rgb/43/00000006_rgb.png,train/RAIN/nir/43/00000006_nir.png,train/RAIN/gtSeg/43/00000006_mask.json,2048,1536
rain_seq43_00000007,rain_seq43,rain,train,val,train/RAIN/rgb/43/00000007_rgb.png,train/RAIN/nir/43/00000007_nir.png,train/RAIN/gtSeg/43/00000007_mask.json,2048,1536
rain_seq43_00000008,rain_seq43,rain,train,val,train/RAIN/rgb/43/00000008_rgb.png,train/RAIN/nir/43/00000008_nir.png,train/RAIN/gtSeg/43/00000008_mask.json,2048,1536
rain_seq43_00000009,rain_seq43,rain,train,val,train/RAIN/rgb/43/00000009_rgb.png,train/RAIN/nir/43/00000009_nir.png,train/RAIN/gtSeg/43/00000009_mask.json,2048,1536
rain_seq43_00000010,rain_seq43,rain,train,val,train/RAIN/rgb/43/00000010_rgb.png,train/RAIN/nir/43/00000010_nir.png,train/RAIN/gtSeg/43/00000010_mask.json,2048,1536
rain_seq43_00000011,rain_seq43,rain,train,val,train/RAIN/rgb/43/00000011_rgb.png,train/RAIN/nir/43/00000011_nir.png,train/RAIN/gtSeg/43/00000011_mask.json,2048,1536
rain_seq43_00000012,rain_seq43,rain,train,val,train/RAIN/rgb/43/00000012_rgb.png,train/RAIN/nir/43/00000012_nir.png,train/RAIN/gtSeg/43/00000012_mask.json,2048,1536
rain_seq43_00000013,rain_seq43,rain,train,val,train/RAIN/rgb/43/00000013_rgb.png,train/RAIN/nir/43/00000013_nir.png,train/RAIN/gtSeg/43/00000013_mask.json,2048,1536
rain_seq43_00000014,rain_seq43,rain,train,val,train/RAIN/rgb/43/00000014_rgb.png,train/RAIN/nir/43/00000014_nir.png,train/RAIN/gtSeg/43/00000014_mask.json,2048,1536
rain_seq43_00000015,rain_seq43,rain,train,val,train/RAIN/rgb/43/00000015_rgb.png,train/RAIN/nir/43/00000015_nir.png,train/RAIN/gtSeg/43/00000015_mask.json,2048,1536
rain_seq43_00000016,rain_seq43,rain,train,val,train/RAIN/rgb/43/00000016_rgb.png,train/RAIN/nir/43/00000016_nir.png,train/RAIN/gtSeg/43/00000016_mask.json,2048,1536
rain_seq43_00000017,rain_seq43,rain,train,val,train/RAIN/rgb/43/00000017_rgb.png,train/RAIN/nir/43/00000017_nir.png,train/RAIN/gtSeg/43/00000017_mask.json,2048,1536
rain_seq43_00000018,rain_seq43,rain,train,val,train/RAIN/rgb/43/00000018_rgb.png,train/RAIN/nir/43/00000018_nir.png,train/RAIN/gtSeg/43/00000018_mask.json,2048,1536
rain_seq43_00000019,rain_seq43,rain,train,val,train/RAIN/rgb/43/00000019_rgb.png,train/RAIN/nir/43/00000019_nir.png,train/RAIN/gtSeg/43/00000019_mask.json,2048,1536
rain_seq43_00000020,rain_seq43,rain,train,val,train/RAIN/rgb/43/00000020_rgb.png,train/RAIN/nir/43/00000020_nir.png,train/RAIN/gtSeg/43/00000020_mask.json,2048,1536
rain_seq43_00000021,rain_seq43,rain,train,val,train/RAIN/rgb/43/00000021_rgb.png,train/RAIN/nir/43/00000021_nir.png,train/RAIN/gtSeg/43/00000021_mask.json,2048,1536
rain_seq43_00000022,rain_seq43,rain,train,val,train/RAIN/rgb/43/00000022_rgb.png,train/RAIN/nir/43/00000022_nir.png,train/RAIN/gtSeg/43/00000022_mask.json,2048,1536
rain_seq43_00000023,rain_seq43,rain,train,val,train/RAIN/rgb/43/00000023_rgb.png,train/RAIN/nir/43/00000023_nir.png,train/RAIN/gtSeg/43/00000023_mask.json,2048,1536
rain_seq43_00000024,rain_seq43,rain,train,val,train/RAIN/rgb/43/00000024_rgb.png,train/RAIN/nir/43/00000024_nir.png,train/RAIN/gtSeg/43/00000024_mask.json,2048,1536
rain_seq43_00000025,rain_seq43,rain,train,val,train/RAIN/rgb/43/00000025_rgb.png,train/RAIN/nir/43/00000025_nir.png,train/RAIN/gtSeg/43/00000025_mask.json,2048,1536
rain_seq43_00000026,rain_seq43,rain,train,val,train/RAIN/rgb/43/00000026_rgb.png,train/RAIN/nir/43/00000026_nir.png,train/RAIN/gtSeg/43/00000026_mask.json,2048,1536
rain_seq43_00000027,rain_seq43,rain,train,val,train/RAIN/rgb/43/00000027_rgb.png,train/RAIN/nir/43/00000027_nir.png,train/RAIN/gtSeg/43/00000027_mask.json,2048,1536
rain_seq43_00000028,rain_seq43,rain,train,val,train/RAIN/rgb/43/00000028_rgb.png,train/RAIN/nir/43/00000028_nir.png,train/RAIN/gtSeg/43/00000028_mask.json,2048,1536
rain_seq43_00000029,rain_seq43,rain,train,val,train/RAIN/rgb/43/00000029_rgb.png,train/RAIN/nir/43/00000029_nir.png,train/RAIN/gtSeg/43/00000029_mask.json,2048,1536
rain_seq43_00000030,rain_seq43,rain,train,val,train/RAIN/rgb/43/00000030_rgb.png,train/RAIN/nir/43/00000030_nir.png,train/RAIN/gtSeg/43/00000030_mask.json,2048,1536
rain_seq43_00000031,rain_seq43,rain,train,val,train/RAIN/rgb/43/00000031_rgb.png,train/RAIN/nir/43/00000031_nir.png,train/RAIN/gtSeg/43/00000031_mask.json,2048,1536
rain_seq43_00000032,rain_seq43,rain,train,val,train/RAIN/rgb/43/00000032_rgb.png,train/RAIN/nir/43/00000032_nir.png,train/RAIN/gtSeg/43/00000032_mask.json,2048,1536
rain_seq43_00000033,rain_seq43,rain,train,val,train/RAIN/rgb/43/00000033_rgb.png,train/RAIN/nir/43/00000033_nir.png,train/RAIN/gtSeg/43/00000033_mask.json,2048,1536
rain_seq43_00000034,rain_seq43,rain,train,val,train/RAIN/rgb/43/00000034_rgb.png,train/RAIN/nir/43/00000034_nir.png,train/RAIN/gtSeg/43/00000034_mask.json,2048,1536
rain_seq43_00000035,rain_seq43,rain,train,val,train/RAIN/rgb/43/00000035_rgb.png,train/RAIN/nir/43/00000035_nir.png,train/RAIN/gtSeg/43/00000035_mask.json,2048,1536
rain_seq43_00000036,rain_seq43,rain,train,val,train/RAIN/rgb/43/00000036_rgb.png,train/RAIN/nir/43/00000036_nir.png,train/RAIN/gtSeg/43/00000036_mask.json,2048,1536
rain_seq43_00000037,rain_seq43,rain,train,val,train/RAIN/rgb/43/00000037_rgb.png,train/RAIN/nir/43/00000037_nir.png,train/RAIN/gtSeg/43/00000037_mask.json,2048,1536
rain_seq43_00000038,rain_seq43,rain,train,val,train/RAIN/rgb/43/00000038_rgb.png,train/RAIN/nir/43/00000038_nir.png,train/RAIN/gtSeg/43/00000038_mask.json,2048,1536
rain_seq43_00000039,rain_seq43,rain,train,val,train/RAIN/rgb/43/00000039_rgb.png,train/RAIN/nir/43/00000039_nir.png,train/RAIN/gtSeg/43/00000039_mask.json,2048,1536
rain_seq43_00000040,rain_seq43,rain,train,val,train/RAIN/rgb/43/00000040_rgb.png,train/RAIN/nir/43/00000040_nir.png,train/RAIN/gtSeg/43/00000040_mask.json,2048,1536
rain_seq43_00000041,rain_seq43,rain,train,val,train/RAIN/rgb/43/00000041_rgb.png,train/RAIN/nir/43/00000041_nir.png,train/RAIN/gtSeg/43/00000041_mask.json,2048,1536
rain_seq43_00000042,rain_seq43,rain,train,val,train/RAIN/rgb/43/00000042_rgb.png,train/RAIN/nir/43/00000042_nir.png,train/RAIN/gtSeg/43/00000042_mask.json,2048,1536
rain_seq43_00000043,rain_seq43,rain,train,val,train/RAIN/rgb/43/00000043_rgb.png,train/RAIN/nir/43/00000043_nir.png,train/RAIN/gtSeg/43/00000043_mask.json,2048,1536
rain_seq43_00000044,rain_seq43,rain,train,val,train/RAIN/rgb/43/00000044_rgb.png,train/RAIN/nir/43/00000044_nir.png,train/RAIN/gtSeg/43/00000044_mask.json,2048,1536
rain_seq43_00000045,rain_seq43,rain,train,val,train/RAIN/rgb/43/00000045_rgb.png,train/RAIN/nir/43/00000045_nir.png,train/RAIN/gtSeg/43/00000045_mask.json,2048,1536
rain_seq43_00000046,rain_seq43,rain,train,val,train/RAIN/rgb/43/00000046_rgb.png,train/RAIN/nir/43/00000046_nir.png,train/RAIN/gtSeg/43/00000046_mask.json,2048,1536
rain_seq43_00000047,rain_seq43,rain,train,val,train/RAIN/rgb/43/00000047_rgb.png,train/RAIN/nir/43/00000047_nir.png,train/RAIN/gtSeg/43/00000047_mask.json,2048,1536
rain_seq43_00000048,rain_seq43,rain,train,val,train/RAIN/rgb/43/00000048_rgb.png,train/RAIN/nir/43/00000048_nir.png,train/RAIN/gtSeg/43/00000048_mask.json,2048,1536
rain_seq43_00000049,rain_seq43,rain,train,val,train/RAIN/rgb/43/00000049_rgb.png,train/RAIN/nir/43/00000049_nir.png,train/RAIN/gtSeg/43/00000049_mask.json,2048,1536
rain_seq43_00000050,rain_seq43,rain,train,val,train/RAIN/rgb/43/00000050_rgb.png,train/RAIN/nir/43/00000050_nir.png,train/RAIN/gtSeg/43/00000050_mask.json,2048,1536
rain_seq43_00000051,rain_seq43,rain,train,val,train/RAIN/rgb/43/00000051_rgb.png,train/RAIN/nir/43/00000051_nir.png,train/RAIN/gtSeg/43/00000051_mask.json,2048,1536
rain_seq43_00000052,rain_seq43,rain,train,val,train/RAIN/rgb/43/00000052_rgb.png,train/RAIN/nir/43/00000052_nir.png,train/RAIN/gtSeg/43/00000052_mask.json,2048,1536
rain_seq43_00000053,rain_seq43,rain,train,val,train/RAIN/rgb/43/00000053_rgb.png,train/RAIN/nir/43/00000053_nir.png,train/RAIN/gtSeg/43/00000053_mask.json,2048,1536
rain_seq43_00000054,rain_seq43,rain,train,val,train/RAIN/rgb/43/00000054_rgb.png,train/RAIN/nir/43/00000054_nir.png,train/RAIN/gtSeg/43/00000054_mask.json,2048,1536
rain_seq43_00000055,rain_seq43,rain,train,val,train/RAIN/rgb/43/00000055_rgb.png,train/RAIN/nir/43/00000055_nir.png,train/RAIN/gtSeg/43/00000055_mask.json,2048,1536
rain_seq43_00000056,rain_seq43,rain,train,val,train/RAIN/rgb/43/00000056_rgb.png,train/RAIN/nir/43/00000056_nir.png,train/RAIN/gtSeg/43/00000056_mask.json,2048,1536
rain_seq43_00000057,rain_seq43,rain,train,val,train/RAIN/rgb/43/00000057_rgb.png,train/RAIN/nir/43/00000057_nir.png,train/RAIN/gtSeg/43/00000057_mask.json,2048,1536
rain_seq45_00000000,rain_seq45,rain,train,train,train/RAIN/rgb/45/00000000_rgb.png,train/RAIN/nir/45/00000000_nir.png,train/RAIN/gtSeg/45/00000000_mask.json,2048,1536
rain_seq45_00000001,rain_seq45,rain,train,train,train/RAIN/rgb/45/00000001_rgb.png,train/RAIN/nir/45/00000001_nir.png,train/RAIN/gtSeg/45/00000001_mask.json,2048,1536
rain_seq45_00000002,rain_seq45,rain,train,train,train/RAIN/rgb/45/00000002_rgb.png,train/RAIN/nir/45/00000002_nir.png,train/RAIN/gtSeg/45/00000002_mask.json,2048,1536
rain_seq45_00000003,rain_seq45,rain,train,train,train/RAIN/rgb/45/00000003_rgb.png,train/RAIN/nir/45/00000003_nir.png,train/RAIN/gtSeg/45/00000003_mask.json,2048,1536
rain_seq45_00000004,rain_seq45,rain,train,train,train/RAIN/rgb/45/00000004_rgb.png,train/RAIN/nir/45/00000004_nir.png,train/RAIN/gtSeg/45/00000004_mask.json,2048,1536
rain_seq45_00000005,rain_seq45,rain,train,train,train/RAIN/rgb/45/00000005_rgb.png,train/RAIN/nir/45/00000005_nir.png,train/RAIN/gtSeg/45/00000005_mask.json,2048,1536
rain_seq45_00000006,rain_seq45,rain,train,train,train/RAIN/rgb/45/00000006_rgb.png,train/RAIN/nir/45/00000006_nir.png,train/RAIN/gtSeg/45/00000006_mask.json,2048,1536
rain_seq45_00000007,rain_seq45,rain,train,train,train/RAIN/rgb/45/00000007_rgb.png,train/RAIN/nir/45/00000007_nir.png,train/RAIN/gtSeg/45/00000007_mask.json,2048,1536
rain_seq45_00000008,rain_seq45,rain,train,train,train/RAIN/rgb/45/00000008_rgb.png,train/RAIN/nir/45/00000008_nir.png,train/RAIN/gtSeg/45/00000008_mask.json,2048,1536
rain_seq45_00000009,rain_seq45,rain,train,train,train/RAIN/rgb/45/00000009_rgb.png,train/RAIN/nir/45/00000009_nir.png,train/RAIN/gtSeg/45/00000009_mask.json,2048,1536
rain_seq45_00000010,rain_seq45,rain,train,train,train/RAIN/rgb/45/00000010_rgb.png,train/RAIN/nir/45/00000010_nir.png,train/RAIN/gtSeg/45/00000010_mask.json,2048,1536
rain_seq45_00000011,rain_seq45,rain,train,train,train/RAIN/rgb/45/00000011_rgb.png,train/RAIN/nir/45/00000011_nir.png,train/RAIN/gtSeg/45/00000011_mask.json,2048,1536
rain_seq45_00000012,rain_seq45,rain,train,train,train/RAIN/rgb/45/00000012_rgb.png,train/RAIN/nir/45/00000012_nir.png,train/RAIN/gtSeg/45/00000012_mask.json,2048,1536
rain_seq45_00000013,rain_seq45,rain,train,train,train/RAIN/rgb/45/00000013_rgb.png,train/RAIN/nir/45/00000013_nir.png,train/RAIN/gtSeg/45/00000013_mask.json,2048,1536
rain_seq45_00000014,rain_seq45,rain,train,train,train/RAIN/rgb/45/00000014_rgb.png,train/RAIN/nir/45/00000014_nir.png,train/RAIN/gtSeg/45/00000014_mask.json,2048,1536
rain_seq45_00000015,rain_seq45,rain,train,train,train/RAIN/rgb/45/00000015_rgb.png,train/RAIN/nir/45/00000015_nir.png,train/RAIN/gtSeg/45/00000015_mask.json,2048,1536
rain_seq45_00000016,rain_seq45,rain,train,train,train/RAIN/rgb/45/00000016_rgb.png,train/RAIN/nir/45/00000016_nir.png,train/RAIN/gtSeg/45/00000016_mask.json,2048,1536
rain_seq45_00000017,rain_seq45,rain,train,train,train/RAIN/rgb/45/00000017_rgb.png,train/RAIN/nir/45/00000017_nir.png,train/RAIN/gtSeg/45/00000017_mask.json,2048,1536
rain_seq45_00000018,rain_seq45,rain,train,train,train/RAIN/rgb/45/00000018_rgb.png,train/RAIN/nir/45/00000018_nir.png,train/RAIN/gtSeg/45/00000018_mask.json,2048,1536
rain_seq45_00000019,rain_seq45,rain,train,train,train/RAIN/rgb/45/00000019_rgb.png,train/RAIN/nir/45/00000019_nir.png,train/RAIN/gtSeg/45/00000019_mask.json,2048,1536
rain_seq45_00000020,rain_seq45,rain,train,train,train/RAIN/rgb/45/00000020_rgb.png,train/RAIN/nir/45/00000020_nir.png,train/RAIN/gtSeg/45/00000020_mask.json,2048,1536
rain_seq45_00000021,rain_seq45,rain,train,train,train/RAIN/rgb/45/00000021_rgb.png,train/RAIN/nir/45/00000021_nir.png,train/RAIN/gtSeg/45/00000021_mask.json,2048,1536
rain_seq45_00000022,rain_seq45,rain,train,train,train/RAIN/rgb/45/00000022_rgb.png,train/RAIN/nir/45/00000022_nir.png,train/RAIN/gtSeg/45/00000022_mask.json,2048,1536
rain_seq45_00000023,rain_seq45,rain,train,train,train/RAIN/rgb/45/00000023_rgb.png,train/RAIN/nir/45/00000023_nir.png,train/RAIN/gtSeg/45/00000023_mask.json,2048,1536
rain_seq45_00000024,rain_seq45,rain,train,train,train/RAIN/rgb/45/00000024_rgb.png,train/RAIN/nir/45/00000024_nir.png,train/RAIN/gtSeg/45/00000024_mask.json,2048,1536
rain_seq45_00000025,rain_seq45,rain,train,train,train/RAIN/rgb/45/00000025_rgb.png,train/RAIN/nir/45/00000025_nir.png,train/RAIN/gtSeg/45/00000025_mask.json,2048,1536
rain_seq45_00000026,rain_seq45,rain,train,train,train/RAIN/rgb/45/00000026_rgb.png,train/RAIN/nir/45/00000026_nir.png,train/RAIN/gtSeg/45/00000026_mask.json,2048,1536
rain_seq45_00000027,rain_seq45,rain,train,train,train/RAIN/rgb/45/00000027_rgb.png,train/RAIN/nir/45/00000027_nir.png,train/RAIN/gtSeg/45/00000027_mask.json,2048,1536
rain_seq45_00000028,rain_seq45,rain,train,train,train/RAIN/rgb/45/00000028_rgb.png,train/RAIN/nir/45/00000028_nir.png,train/RAIN/gtSeg/45/00000028_mask.json,2048,1536
rain_seq45_00000029,rain_seq45,rain,train,train,train/RAIN/rgb/45/00000029_rgb.png,train/RAIN/nir/45/00000029_nir.png,train/RAIN/gtSeg/45/00000029_mask.json,2048,1536
rain_seq45_00000030,rain_seq45,rain,train,train,train/RAIN/rgb/45/00000030_rgb.png,train/RAIN/nir/45/00000030_nir.png,train/RAIN/gtSeg/45/00000030_mask.json,2048,1536
rain_seq45_00000031,rain_seq45,rain,train,train,train/RAIN/rgb/45/00000031_rgb.png,train/RAIN/nir/45/00000031_nir.png,train/RAIN/gtSeg/45/00000031_mask.json,2048,1536
rain_seq45_00000032,rain_seq45,rain,train,train,train/RAIN/rgb/45/00000032_rgb.png,train/RAIN/nir/45/00000032_nir.png,train/RAIN/gtSeg/45/00000032_mask.json,2048,1536
rain_seq45_00000033,rain_seq45,rain,train,train,train/RAIN/rgb/45/00000033_rgb.png,train/RAIN/nir/45/00000033_nir.png,train/RAIN/gtSeg/45/00000033_mask.json,2048,1536
rain_seq45_00000034,rain_seq45,rain,train,train,train/RAIN/rgb/45/00000034_rgb.png,train/RAIN/nir/45/00000034_nir.png,train/RAIN/gtSeg/45/00000034_mask.json,2048,1536
rain_seq45_00000035,rain_seq45,rain,train,train,train/RAIN/rgb/45/00000035_rgb.png,train/RAIN/nir/45/00000035_nir.png,train/RAIN/gtSeg/45/00000035_mask.json,2048,1536
rain_seq45_00000036,rain_seq45,rain,train,train,train/RAIN/rgb/45/00000036_rgb.png,train/RAIN/nir/45/00000036_nir.png,train/RAIN/gtSeg/45/00000036_mask.json,2048,1536
rain_seq45_00000037,rain_seq45,rain,train,train,train/RAIN/rgb/45/00000037_rgb.png,train/RAIN/nir/45/00000037_nir.png,train/RAIN/gtSeg/45/00000037_mask.json,2048,1536
rain_seq45_00000038,rain_seq45,rain,train,train,train/RAIN/rgb/45/00000038_rgb.png,train/RAIN/nir/45/00000038_nir.png,train/RAIN/gtSeg/45/00000038_mask.json,2048,1536
rain_seq45_00000039,rain_seq45,rain,train,train,train/RAIN/rgb/45/00000039_rgb.png,train/RAIN/nir/45/00000039_nir.png,train/RAIN/gtSeg/45/00000039_mask.json,2048,1536
rain_seq45_00000040,rain_seq45,rain,train,train,train/RAIN/rgb/45/00000040_rgb.png,train/RAIN/nir/45/00000040_nir.png,train/RAIN/gtSeg/45/00000040_mask.json,2048,1536
rain_seq45_00000041,rain_seq45,rain,train,train,train/RAIN/rgb/45/00000041_rgb.png,train/RAIN/nir/45/00000041_nir.png,train/RAIN/gtSeg/45/00000041_mask.json,2048,1536
rain_seq45_00000042,rain_seq45,rain,train,train,train/RAIN/rgb/45/00000042_rgb.png,train/RAIN/nir/45/00000042_nir.png,train/RAIN/gtSeg/45/00000042_mask.json,2048,1536
rain_seq45_00000043,rain_seq45,rain,train,train,train/RAIN/rgb/45/00000043_rgb.png,train/RAIN/nir/45/00000043_nir.png,train/RAIN/gtSeg/45/00000043_mask.json,2048,1536
rain_seq45_00000044,rain_seq45,rain,train,train,train/RAIN/rgb/45/00000044_rgb.png,train/RAIN/nir/45/00000044_nir.png,train/RAIN/gtSeg/45/00000044_mask.json,2048,1536
rain_seq45_00000045,rain_seq45,rain,train,train,train/RAIN/rgb/45/00000045_rgb.png,train/RAIN/nir/45/00000045_nir.png,train/RAIN/gtSeg/45/00000045_mask.json,2048,1536
rain_seq45_00000046,rain_seq45,rain,train,train,train/RAIN/rgb/45/00000046_rgb.png,train/RAIN/nir/45/00000046_nir.png,train/RAIN/gtSeg/45/00000046_mask.json,2048,1536
rain_seq45_00000047,rain_seq45,rain,train,train,train/RAIN/rgb/45/00000047_rgb.png,train/RAIN/nir/45/00000047_nir.png,train/RAIN/gtSeg/45/00000047_mask.json,2048,1536
rain_seq45_00000048,rain_seq45,rain,train,train,train/RAIN/rgb/45/00000048_rgb.png,train/RAIN/nir/45/00000048_nir.png,train/RAIN/gtSeg/45/00000048_mask.json,2048,1536
rain_seq45_00000049,rain_seq45,rain,train,train,train/RAIN/rgb/45/00000049_rgb.png,train/RAIN/nir/45/00000049_nir.png,train/RAIN/gtSeg/45/00000049_mask.json,2048,1536
rain_seq45_00000050,rain_seq45,rain,train,train,train/RAIN/rgb/45/00000050_rgb.png,train/RAIN/nir/45/00000050_nir.png,train/RAIN/gtSeg/45/00000050_mask.json,2048,1536
rain_seq45_00000051,rain_seq45,rain,train,train,train/RAIN/rgb/45/00000051_rgb.png,train/RAIN/nir/45/00000051_nir.png,train/RAIN/gtSeg/45/00000051_mask.json,2048,1536
rain_seq45_00000052,rain_seq45,rain,train,train,train/RAIN/rgb/45/00000052_rgb.png,train/RAIN/nir/45/00000052_nir.png,train/RAIN/gtSeg/45/00000052_mask.json,2048,1536
rain_seq45_00000053,rain_seq45,rain,train,train,train/RAIN/rgb/45/00000053_rgb.png,train/RAIN/nir/45/00000053_nir.png,train/RAIN/gtSeg/45/00000053_mask.json,2048,1536
rain_seq45_00000054,rain_seq45,rain,train,train,train/RAIN/rgb/45/00000054_rgb.png,train/RAIN/nir/45/00000054_nir.png,train/RAIN/gtSeg/45/00000054_mask.json,2048,1536
rain_seq45_00000055,rain_seq45,rain,train,train,train/RAIN/rgb/45/00000055_rgb.png,train/RAIN/nir/45/00000055_nir.png,train/RAIN/gtSeg/45/00000055_mask.json,2048,1536
rain_seq45_00000056,rain_seq45,rain,train,train,train/RAIN/rgb/45/00000056_rgb.png,train/RAIN/nir/45/00000056_nir.png,train/RAIN/gtSeg/45/00000056_mask.json,2048,1536
rain_seq45_00000057,rain_seq45,rain,train,train,train/RAIN/rgb/45/00000057_rgb.png,train/RAIN/nir/45/00000057_nir.png,train/RAIN/gtSeg/45/00000057_mask.json,2048,1536
rain_seq45_00000058,rain_seq45,rain,train,train,train/RAIN/rgb/45/00000058_rgb.png,train/RAIN/nir/45/00000058_nir.png,train/RAIN/gtSeg/45/00000058_mask.json,2048,1536
rain_seq45_00000059,rain_seq45,rain,train,train,train/RAIN/rgb/45/00000059_rgb.png,train/RAIN/nir/45/00000059_nir.png,train/RAIN/gtSeg/45/00000059_mask.json,2048,1536
rain_seq45_00000060,rain_seq45,rain,train,train,train/RAIN/rgb/45/00000060_rgb.png,train/RAIN/nir/45/00000060_nir.png,train/RAIN/gtSeg/45/00000060_mask.json,2048,1536
rain_seq45_00000061,rain_seq45,rain,train,train,train/RAIN/rgb/45/00000061_rgb.png,train/RAIN/nir/45/00000061_nir.png,train/RAIN/gtSeg/45/00000061_mask.json,2048,1536
rain_seq45_00000062,rain_seq45,rain,train,train,train/RAIN/rgb/45/00000062_rgb.png,train/RAIN/nir/45/00000062_nir.png,train/RAIN/gtSeg/45/00000062_mask.json,2048,1536
rain_seq45_00000063,rain_seq45,rain,train,train,train/RAIN/rgb/45/00000063_rgb.png,train/RAIN/nir/45/00000063_nir.png,train/RAIN/gtSeg/45/00000063_mask.json,2048,1536
rain_seq45_00000064,rain_seq45,rain,train,train,train/RAIN/rgb/45/00000064_rgb.png,train/RAIN/nir/45/00000064_nir.png,train/RAIN/gtSeg/45/00000064_mask.json,2048,1536
rain_seq45_00000065,rain_seq45,rain,train,train,train/RAIN/rgb/45/00000065_rgb.png,train/RAIN/nir/45/00000065_nir.png,train/RAIN/gtSeg/45/00000065_mask.json,2048,1536
rain_seq45_00000066,rain_seq45,rain,train,train,train/RAIN/rgb/45/00000066_rgb.png,train/RAIN/nir/45/00000066_nir.png,train/RAIN/gtSeg/45/00000066_mask.json,2048,1536
rain_seq45_00000067,rain_seq45,rain,train,train,train/RAIN/rgb/45/00000067_rgb.png,train/RAIN/nir/45/00000067_nir.png,train/RAIN/gtSeg/45/00000067_mask.json,2048,1536
rain_seq45_00000068,rain_seq45,rain,train,train,train/RAIN/rgb/45/00000068_rgb.png,train/RAIN/nir/45/00000068_nir.png,train/RAIN/gtSeg/45/00000068_mask.json,2048,1536
rain_seq45_00000069,rain_seq45,rain,train,train,train/RAIN/rgb/45/00000069_rgb.png,train/RAIN/nir/45/00000069_nir.png,train/RAIN/gtSeg/45/00000069_mask.json,2048,1536
rain_seq45_00000070,rain_seq45,rain,train,train,train/RAIN/rgb/45/00000070_rgb.png,train/RAIN/nir/45/00000070_nir.png,train/RAIN/gtSeg/45/00000070_mask.json,2048,1536
rain_seq45_00000071,rain_seq45,rain,train,train,train/RAIN/rgb/45/00000071_rgb.png,train/RAIN/nir/45/00000071_nir.png,train/RAIN/gtSeg/45/00000071_mask.json,2048,1536
rain_seq45_00000072,rain_seq45,rain,train,train,train/RAIN/rgb/45/00000072_rgb.png,train/RAIN/nir/45/00000072_nir.png,train/RAIN/gtSeg/45/00000072_mask.json,2048,1536
rain_seq45_00000073,rain_seq45,rain,train,train,train/RAIN/rgb/45/00000073_rgb.png,train/RAIN/nir/45/00000073_nir.png,train/RAIN/gtSeg/45/00000073_mask.json,2048,1536
rain_seq45_00000074,rain_seq45,rain,train,train,train/RAIN/rgb/45/00000074_rgb.png,train/RAIN/nir/45/00000074_nir.png,train/RAIN/gtSeg/45/00000074_mask.json,2048,1536
rain_seq45_00000075,rain_seq45,rain,train,train,train/RAIN/rgb/45/00000075_rgb.png,train/RAIN/nir/45/00000075_nir.png,train/RAIN/gtSeg/45/00000075_mask.json,2048,1536
rain_seq45_00000076,rain_seq45,rain,train,train,train/RAIN/rgb/45/00000076_rgb.png,train/RAIN/nir/45/00000076_nir.png,train/RAIN/gtSeg/45/00000076_mask.json,2048,1536
rain_seq45_00000077,rain_seq45,rain,train,train,train/RAIN/rgb/45/00000077_rgb.png,train/RAIN/nir/45/00000077_nir.png,train/RAIN/gtSeg/45/00000077_mask.json,2048,1536
rain_seq45_00000078,rain_seq45,rain,train,train,train/RAIN/rgb/45/00000078_rgb.png,train/RAIN/nir/45/00000078_nir.png,train/RAIN/gtSeg/45/00000078_mask.json,2048,1536
rain_seq45_00000079,rain_seq45,rain,train,train,train/RAIN/rgb/45/00000079_rgb.png,train/RAIN/nir/45/00000079_nir.png,train/RAIN/gtSeg/45/00000079_mask.json,2048,1536
rain_seq45_00000080,rain_seq45,rain,train,train,train/RAIN/rgb/45/00000080_rgb.png,train/RAIN/nir/45/00000080_nir.png,train/RAIN/gtSeg/45/00000080_mask.json,2048,1536
rain_seq45_00000081,rain_seq45,rain,train,train,train/RAIN/rgb/45/00000081_rgb.png,train/RAIN/nir/45/00000081_nir.png,train/RAIN/gtSeg/45/00000081_mask.json,2048,1536
rain_seq45_00000082,rain_seq45,rain,train,train,train/RAIN/rgb/45/00000082_rgb.png,train/RAIN/nir/45/00000082_nir.png,train/RAIN/gtSeg/45/00000082_mask.json,2048,1536
rain_seq45_00000083,rain_seq45,rain,train,train,train/RAIN/rgb/45/00000083_rgb.png,train/RAIN/nir/45/00000083_nir.png,train/RAIN/gtSeg/45/00000083_mask.json,2048,1536
rain_seq45_00000084,rain_seq45,rain,train,train,train/RAIN/rgb/45/00000084_rgb.png,train/RAIN/nir/45/00000084_nir.png,train/RAIN/gtSeg/45/00000084_mask.json,2048,1536
rain_seq45_00000085,rain_seq45,rain,train,train,train/RAIN/rgb/45/00000085_rgb.png,train/RAIN/nir/45/00000085_nir.png,train/RAIN/gtSeg/45/00000085_mask.json,2048,1536
rain_seq45_00000086,rain_seq45,rain,train,train,train/RAIN/rgb/45/00000086_rgb.png,train/RAIN/nir/45/00000086_nir.png,train/RAIN/gtSeg/45/00000086_mask.json,2048,1536
rain_seq45_00000087,rain_seq45,rain,train,train,train/RAIN/rgb/45/00000087_rgb.png,train/RAIN/nir/45/00000087_nir.png,train/RAIN/gtSeg/45/00000087_mask.json,2048,1536
rain_seq45_00000088,rain_seq45,rain,train,train,train/RAIN/rgb/45/00000088_rgb.png,train/RAIN/nir/45/00000088_nir.png,train/RAIN/gtSeg/45/00000088_mask.json,2048,1536
rain_seq45_00000089,rain_seq45,rain,train,train,train/RAIN/rgb/45/00000089_rgb.png,train/RAIN/nir/45/00000089_nir.png,train/RAIN/gtSeg/45/00000089_mask.json,2048,1536
rain_seq45_00000090,rain_seq45,rain,train,train,train/RAIN/rgb/45/00000090_rgb.png,train/RAIN/nir/45/00000090_nir.png,train/RAIN/gtSeg/45/00000090_mask.json,2048,1536
rain_seq45_00000091,rain_seq45,rain,train,train,train/RAIN/rgb/45/00000091_rgb.png,train/RAIN/nir/45/00000091_nir.png,train/RAIN/gtSeg/45/00000091_mask.json,2048,1536
rain_seq45_00000092,rain_seq45,rain,train,train,train/RAIN/rgb/45/00000092_rgb.png,train/RAIN/nir/45/00000092_nir.png,train/RAIN/gtSeg/45/00000092_mask.json,2048,1536
rain_seq45_00000093,rain_seq45,rain,train,train,train/RAIN/rgb/45/00000093_rgb.png,train/RAIN/nir/45/00000093_nir.png,train/RAIN/gtSeg/45/00000093_mask.json,2048,1536
rain_seq45_00000094,rain_seq45,rain,train,train,train/RAIN/rgb/45/00000094_rgb.png,train/RAIN/nir/45/00000094_nir.png,train/RAIN/gtSeg/45/00000094_mask.json,2048,1536
rain_seq45_00000095,rain_seq45,rain,train,train,train/RAIN/rgb/45/00000095_rgb.png,train/RAIN/nir/45/00000095_nir.png,train/RAIN/gtSeg/45/00000095_mask.json,2048,1536
rain_seq45_00000096,rain_seq45,rain,train,train,train/RAIN/rgb/45/00000096_rgb.png,train/RAIN/nir/45/00000096_nir.png,train/RAIN/gtSeg/45/00000096_mask.json,2048,1536
rain_seq45_00000097,rain_seq45,rain,train,train,train/RAIN/rgb/45/00000097_rgb.png,train/RAIN/nir/45/00000097_nir.png,train/RAIN/gtSeg/45/00000097_mask.json,2048,1536
rain_seq45_00000098,rain_seq45,rain,train,train,train/RAIN/rgb/45/00000098_rgb.png,train/RAIN/nir/45/00000098_nir.png,train/RAIN/gtSeg/45/00000098_mask.json,2048,1536
rain_seq45_00000099,rain_seq45,rain,train,train,train/RAIN/rgb/45/00000099_rgb.png,train/RAIN/nir/45/00000099_nir.png,train/RAIN/gtSeg/45/00000099_mask.json,2048,1536
rain_seq45_00000100,rain_seq45,rain,train,train,train/RAIN/rgb/45/00000100_rgb.png,train/RAIN/nir/45/00000100_nir.png,train/RAIN/gtSeg/45/00000100_mask.json,2048,1536
rain_seq45_00000101,rain_seq45,rain,train,train,train/RAIN/rgb/45/00000101_rgb.png,train/RAIN/nir/45/00000101_nir.png,train/RAIN/gtSeg/45/00000101_mask.json,2048,1536
rain_seq45_00000102,rain_seq45,rain,train,train,train/RAIN/rgb/45/00000102_rgb.png,train/RAIN/nir/45/00000102_nir.png,train/RAIN/gtSeg/45/00000102_mask.json,2048,1536
rain_seq45_00000103,rain_seq45,rain,train,train,train/RAIN/rgb/45/00000103_rgb.png,train/RAIN/nir/45/00000103_nir.png,train/RAIN/gtSeg/45/00000103_mask.json,2048,1536
rain_seq45_00000104,rain_seq45,rain,train,train,train/RAIN/rgb/45/00000104_rgb.png,train/RAIN/nir/45/00000104_nir.png,train/RAIN/gtSeg/45/00000104_mask.json,2048,1536
rain_seq45_00000105,rain_seq45,rain,train,train,train/RAIN/rgb/45/00000105_rgb.png,train/RAIN/nir/45/00000105_nir.png,train/RAIN/gtSeg/45/00000105_mask.json,2048,1536
rain_seq45_00000106,rain_seq45,rain,train,train,train/RAIN/rgb/45/00000106_rgb.png,train/RAIN/nir/45/00000106_nir.png,train/RAIN/gtSeg/45/00000106_mask.json,2048,1536
rain_seq45_00000107,rain_seq45,rain,train,train,train/RAIN/rgb/45/00000107_rgb.png,train/RAIN/nir/45/00000107_nir.png,train/RAIN/gtSeg/45/00000107_mask.json,2048,1536
rain_seq45_00000108,rain_seq45,rain,train,train,train/RAIN/rgb/45/00000108_rgb.png,train/RAIN/nir/45/00000108_nir.png,train/RAIN/gtSeg/45/00000108_mask.json,2048,1536
rain_seq45_00000109,rain_seq45,rain,train,train,train/RAIN/rgb/45/00000109_rgb.png,train/RAIN/nir/45/00000109_nir.png,train/RAIN/gtSeg/45/00000109_mask.json,2048,1536
snow_seq178_00000000,snow_seq178,snow,train,train,train/SNOW/rgb/178/00000000_rgb.png,train/SNOW/nir/178/00000000_nir.png,train/SNOW/gtSeg/178/00000000_mask.json,2048,1536
snow_seq178_00000001,snow_seq178,snow,train,train,train/SNOW/rgb/178/00000001_rgb.png,train/SNOW/nir/178/00000001_nir.png,train/SNOW/gtSeg/178/00000001_mask.json,2048,1536
snow_seq178_00000002,snow_seq178,snow,train,train,train/SNOW/rgb/178/00000002_rgb.png,train/SNOW/nir/178/00000002_nir.png,train/SNOW/gtSeg/178/00000002_mask.json,2048,1536
snow_seq178_00000003,snow_seq178,snow,train,train,train/SNOW/rgb/178/00000003_rgb.png,train/SNOW/nir/178/00000003_nir.png,train/SNOW/gtSeg/178/00000003_mask.json,2048,1536
snow_seq178_00000004,snow_seq178,snow,train,train,train/SNOW/rgb/178/00000004_rgb.png,train/SNOW/nir/178/00000004_nir.png,train/SNOW/gtSeg/178/00000004_mask.json,2048,1536
snow_seq178_00000005,snow_seq178,snow,train,train,train/SNOW/rgb/178/00000005_rgb.png,train/SNOW/nir/178/00000005_nir.png,train/SNOW/gtSeg/178/00000005_mask.json,2048,1536
snow_seq178_00000006,snow_seq178,snow,train,train,train/SNOW/rgb/178/00000006_rgb.png,train/SNOW/nir/178/00000006_nir.png,train/SNOW/gtSeg/178/00000006_mask.json,2048,1536
snow_seq178_00000007,snow_seq178,snow,train,train,train/SNOW/rgb/178/00000007_rgb.png,train/SNOW/nir/178/00000007_nir.png,train/SNOW/gtSeg/178/00000007_mask.json,2048,1536
snow_seq178_00000008,snow_seq178,snow,train,train,train/SNOW/rgb/178/00000008_rgb.png,train/SNOW/nir/178/00000008_nir.png,train/SNOW/gtSeg/178/00000008_mask.json,2048,1536
snow_seq178_00000009,snow_seq178,snow,train,train,train/SNOW/rgb/178/00000009_rgb.png,train/SNOW/nir/178/00000009_nir.png,train/SNOW/gtSeg/178/00000009_mask.json,2048,1536
snow_seq178_00000010,snow_seq178,snow,train,train,train/SNOW/rgb/178/00000010_rgb.png,train/SNOW/nir/178/00000010_nir.png,train/SNOW/gtSeg/178/00000010_mask.json,2048,1536
snow_seq178_00000011,snow_seq178,snow,train,train,train/SNOW/rgb/178/00000011_rgb.png,train/SNOW/nir/178/00000011_nir.png,train/SNOW/gtSeg/178/00000011_mask.json,2048,1536
snow_seq178_00000012,snow_seq178,snow,train,train,train/SNOW/rgb/178/00000012_rgb.png,train/SNOW/nir/178/00000012_nir.png,train/SNOW/gtSeg/178/00000012_mask.json,2048,1536
snow_seq178_00000013,snow_seq178,snow,train,train,train/SNOW/rgb/178/00000013_rgb.png,train/SNOW/nir/178/00000013_nir.png,train/SNOW/gtSeg/178/00000013_mask.json,2048,1536
snow_seq178_00000014,snow_seq178,snow,train,train,train/SNOW/rgb/178/00000014_rgb.png,train/SNOW/nir/178/00000014_nir.png,train/SNOW/gtSeg/178/00000014_mask.json,2048,1536
snow_seq178_00000015,snow_seq178,snow,train,train,train/SNOW/rgb/178/00000015_rgb.png,train/SNOW/nir/178/00000015_nir.png,train/SNOW/gtSeg/178/00000015_mask.json,2048,1536
snow_seq178_00000016,snow_seq178,snow,train,train,train/SNOW/rgb/178/00000016_rgb.png,train/SNOW/nir/178/00000016_nir.png,train/SNOW/gtSeg/178/00000016_mask.json,2048,1536
snow_seq178_00000017,snow_seq178,snow,train,train,train/SNOW/rgb/178/00000017_rgb.png,train/SNOW/nir/178/00000017_nir.png,train/SNOW/gtSeg/178/00000017_mask.json,2048,1536
snow_seq178_00000018,snow_seq178,snow,train,train,train/SNOW/rgb/178/00000018_rgb.png,train/SNOW/nir/178/00000018_nir.png,train/SNOW/gtSeg/178/00000018_mask.json,2048,1536
snow_seq178_00000019,snow_seq178,snow,train,train,train/SNOW/rgb/178/00000019_rgb.png,train/SNOW/nir/178/00000019_nir.png,train/SNOW/gtSeg/178/00000019_mask.json,2048,1536
snow_seq178_00000020,snow_seq178,snow,train,train,train/SNOW/rgb/178/00000020_rgb.png,train/SNOW/nir/178/00000020_nir.png,train/SNOW/gtSeg/178/00000020_mask.json,2048,1536
snow_seq178_00000021,snow_seq178,snow,train,train,train/SNOW/rgb/178/00000021_rgb.png,train/SNOW/nir/178/00000021_nir.png,train/SNOW/gtSeg/178/00000021_mask.json,2048,1536
snow_seq178_00000022,snow_seq178,snow,train,train,train/SNOW/rgb/178/00000022_rgb.png,train/SNOW/nir/178/00000022_nir.png,train/SNOW/gtSeg/178/00000022_mask.json,2048,1536
snow_seq179_00000000,snow_seq179,snow,train,train,train/SNOW/rgb/179/00000000_rgb.png,train/SNOW/nir/179/00000000_nir.png,train/SNOW/gtSeg/179/00000000_mask.json,2048,1536
snow_seq179_00000001,snow_seq179,snow,train,train,train/SNOW/rgb/179/00000001_rgb.png,train/SNOW/nir/179/00000001_nir.png,train/SNOW/gtSeg/179/00000001_mask.json,2048,1536
snow_seq179_00000002,snow_seq179,snow,train,train,train/SNOW/rgb/179/00000002_rgb.png,train/SNOW/nir/179/00000002_nir.png,train/SNOW/gtSeg/179/00000002_mask.json,2048,1536
snow_seq179_00000003,snow_seq179,snow,train,train,train/SNOW/rgb/179/00000003_rgb.png,train/SNOW/nir/179/00000003_nir.png,train/SNOW/gtSeg/179/00000003_mask.json,2048,1536
snow_seq179_00000004,snow_seq179,snow,train,train,train/SNOW/rgb/179/00000004_rgb.png,train/SNOW/nir/179/00000004_nir.png,train/SNOW/gtSeg/179/00000004_mask.json,2048,1536
snow_seq179_00000005,snow_seq179,snow,train,train,train/SNOW/rgb/179/00000005_rgb.png,train/SNOW/nir/179/00000005_nir.png,train/SNOW/gtSeg/179/00000005_mask.json,2048,1536
snow_seq179_00000006,snow_seq179,snow,train,train,train/SNOW/rgb/179/00000006_rgb.png,train/SNOW/nir/179/00000006_nir.png,train/SNOW/gtSeg/179/00000006_mask.json,2048,1536
snow_seq179_00000007,snow_seq179,snow,train,train,train/SNOW/rgb/179/00000007_rgb.png,train/SNOW/nir/179/00000007_nir.png,train/SNOW/gtSeg/179/00000007_mask.json,2048,1536
snow_seq179_00000008,snow_seq179,snow,train,train,train/SNOW/rgb/179/00000008_rgb.png,train/SNOW/nir/179/00000008_nir.png,train/SNOW/gtSeg/179/00000008_mask.json,2048,1536
snow_seq179_00000009,snow_seq179,snow,train,train,train/SNOW/rgb/179/00000009_rgb.png,train/SNOW/nir/179/00000009_nir.png,train/SNOW/gtSeg/179/00000009_mask.json,2048,1536
snow_seq179_00000010,snow_seq179,snow,train,train,train/SNOW/rgb/179/00000010_rgb.png,train/SNOW/nir/179/00000010_nir.png,train/SNOW/gtSeg/179/00000010_mask.json,2048,1536
snow_seq179_00000011,snow_seq179,snow,train,train,train/SNOW/rgb/179/00000011_rgb.png,train/SNOW/nir/179/00000011_nir.png,train/SNOW/gtSeg/179/00000011_mask.json,2048,1536
snow_seq179_00000012,snow_seq179,snow,train,train,train/SNOW/rgb/179/00000012_rgb.png,train/SNOW/nir/179/00000012_nir.png,train/SNOW/gtSeg/179/00000012_mask.json,2048,1536
snow_seq179_00000013,snow_seq179,snow,train,train,train/SNOW/rgb/179/00000013_rgb.png,train/SNOW/nir/179/00000013_nir.png,train/SNOW/gtSeg/179/00000013_mask.json,2048,1536
snow_seq180_00000000,snow_seq180,snow,train,train,train/SNOW/rgb/180/00000000_rgb.png,train/SNOW/nir/180/00000000_nir.png,train/SNOW/gtSeg/180/00000000_mask.json,2048,1536
snow_seq180_00000001,snow_seq180,snow,train,train,train/SNOW/rgb/180/00000001_rgb.png,train/SNOW/nir/180/00000001_nir.png,train/SNOW/gtSeg/180/00000001_mask.json,2048,1536
snow_seq180_00000002,snow_seq180,snow,train,train,train/SNOW/rgb/180/00000002_rgb.png,train/SNOW/nir/180/00000002_nir.png,train/SNOW/gtSeg/180/00000002_mask.json,2048,1536
snow_seq180_00000003,snow_seq180,snow,train,train,train/SNOW/rgb/180/00000003_rgb.png,train/SNOW/nir/180/00000003_nir.png,train/SNOW/gtSeg/180/00000003_mask.json,2048,1536
snow_seq180_00000004,snow_seq180,snow,train,train,train/SNOW/rgb/180/00000004_rgb.png,train/SNOW/nir/180/00000004_nir.png,train/SNOW/gtSeg/180/00000004_mask.json,2048,1536
snow_seq180_00000005,snow_seq180,snow,train,train,train/SNOW/rgb/180/00000005_rgb.png,train/SNOW/nir/180/00000005_nir.png,train/SNOW/gtSeg/180/00000005_mask.json,2048,1536
snow_seq181_00000000,snow_seq181,snow,train,test,train/SNOW/rgb/181/00000000_rgb.png,train/SNOW/nir/181/00000000_nir.png,train/SNOW/gtSeg/181/00000000_mask.json,2048,1536
snow_seq181_00000001,snow_seq181,snow,train,test,train/SNOW/rgb/181/00000001_rgb.png,train/SNOW/nir/181/00000001_nir.png,train/SNOW/gtSeg/181/00000001_mask.json,2048,1536
snow_seq182_00000000,snow_seq182,snow,train,train,train/SNOW/rgb/182/00000000_rgb.png,train/SNOW/nir/182/00000000_nir.png,train/SNOW/gtSeg/182/00000000_mask.json,2048,1536
snow_seq182_00000001,snow_seq182,snow,train,train,train/SNOW/rgb/182/00000001_rgb.png,train/SNOW/nir/182/00000001_nir.png,train/SNOW/gtSeg/182/00000001_mask.json,2048,1536
snow_seq182_00000002,snow_seq182,snow,train,train,train/SNOW/rgb/182/00000002_rgb.png,train/SNOW/nir/182/00000002_nir.png,train/SNOW/gtSeg/182/00000002_mask.json,2048,1536
snow_seq182_00000003,snow_seq182,snow,train,train,train/SNOW/rgb/182/00000003_rgb.png,train/SNOW/nir/182/00000003_nir.png,train/SNOW/gtSeg/182/00000003_mask.json,2048,1536
snow_seq182_00000004,snow_seq182,snow,train,train,train/SNOW/rgb/182/00000004_rgb.png,train/SNOW/nir/182/00000004_nir.png,train/SNOW/gtSeg/182/00000004_mask.json,2048,1536
snow_seq182_00000005,snow_seq182,snow,train,train,train/SNOW/rgb/182/00000005_rgb.png,train/SNOW/nir/182/00000005_nir.png,train/SNOW/gtSeg/182/00000005_mask.json,2048,1536
snow_seq182_00000006,snow_seq182,snow,train,train,train/SNOW/rgb/182/00000006_rgb.png,train/SNOW/nir/182/00000006_nir.png,train/SNOW/gtSeg/182/00000006_mask.json,2048,1536
snow_seq182_00000007,snow_seq182,snow,train,train,train/SNOW/rgb/182/00000007_rgb.png,train/SNOW/nir/182/00000007_nir.png,train/SNOW/gtSeg/182/00000007_mask.json,2048,1536
snow_seq182_00000008,snow_seq182,snow,train,train,train/SNOW/rgb/182/00000008_rgb.png,train/SNOW/nir/182/00000008_nir.png,train/SNOW/gtSeg/182/00000008_mask.json,2048,1536
snow_seq182_00000009,snow_seq182,snow,train,train,train/SNOW/rgb/182/00000009_rgb.png,train/SNOW/nir/182/00000009_nir.png,train/SNOW/gtSeg/182/00000009_mask.json,2048,1536
snow_seq183_00000000,snow_seq183,snow,train,test,train/SNOW/rgb/183/00000000_rgb.png,train/SNOW/nir/183/00000000_nir.png,train/SNOW/gtSeg/183/00000000_mask.json,2048,1536
snow_seq183_00000001,snow_seq183,snow,train,test,train/SNOW/rgb/183/00000001_rgb.png,train/SNOW/nir/183/00000001_nir.png,train/SNOW/gtSeg/183/00000001_mask.json,2048,1536
snow_seq183_00000002,snow_seq183,snow,train,test,train/SNOW/rgb/183/00000002_rgb.png,train/SNOW/nir/183/00000002_nir.png,train/SNOW/gtSeg/183/00000002_mask.json,2048,1536
snow_seq183_00000003,snow_seq183,snow,train,test,train/SNOW/rgb/183/00000003_rgb.png,train/SNOW/nir/183/00000003_nir.png,train/SNOW/gtSeg/183/00000003_mask.json,2048,1536
snow_seq183_00000004,snow_seq183,snow,train,test,train/SNOW/rgb/183/00000004_rgb.png,train/SNOW/nir/183/00000004_nir.png,train/SNOW/gtSeg/183/00000004_mask.json,2048,1536
snow_seq183_00000005,snow_seq183,snow,train,test,train/SNOW/rgb/183/00000005_rgb.png,train/SNOW/nir/183/00000005_nir.png,train/SNOW/gtSeg/183/00000005_mask.json,2048,1536
snow_seq183_00000006,snow_seq183,snow,train,test,train/SNOW/rgb/183/00000006_rgb.png,train/SNOW/nir/183/00000006_nir.png,train/SNOW/gtSeg/183/00000006_mask.json,2048,1536
snow_seq183_00000007,snow_seq183,snow,train,test,train/SNOW/rgb/183/00000007_rgb.png,train/SNOW/nir/183/00000007_nir.png,train/SNOW/gtSeg/183/00000007_mask.json,2048,1536
snow_seq183_00000008,snow_seq183,snow,train,test,train/SNOW/rgb/183/00000008_rgb.png,train/SNOW/nir/183/00000008_nir.png,train/SNOW/gtSeg/183/00000008_mask.json,2048,1536
snow_seq183_00000009,snow_seq183,snow,train,test,train/SNOW/rgb/183/00000009_rgb.png,train/SNOW/nir/183/00000009_nir.png,train/SNOW/gtSeg/183/00000009_mask.json,2048,1536
snow_seq183_00000010,snow_seq183,snow,train,test,train/SNOW/rgb/183/00000010_rgb.png,train/SNOW/nir/183/00000010_nir.png,train/SNOW/gtSeg/183/00000010_mask.json,2048,1536
snow_seq183_00000011,snow_seq183,snow,train,test,train/SNOW/rgb/183/00000011_rgb.png,train/SNOW/nir/183/00000011_nir.png,train/SNOW/gtSeg/183/00000011_mask.json,2048,1536
snow_seq183_00000012,snow_seq183,snow,train,test,train/SNOW/rgb/183/00000012_rgb.png,train/SNOW/nir/183/00000012_nir.png,train/SNOW/gtSeg/183/00000012_mask.json,2048,1536
snow_seq183_00000013,snow_seq183,snow,train,test,train/SNOW/rgb/183/00000013_rgb.png,train/SNOW/nir/183/00000013_nir.png,train/SNOW/gtSeg/183/00000013_mask.json,2048,1536
snow_seq183_00000014,snow_seq183,snow,train,test,train/SNOW/rgb/183/00000014_rgb.png,train/SNOW/nir/183/00000014_nir.png,train/SNOW/gtSeg/183/00000014_mask.json,2048,1536
snow_seq183_00000015,snow_seq183,snow,train,test,train/SNOW/rgb/183/00000015_rgb.png,train/SNOW/nir/183/00000015_nir.png,train/SNOW/gtSeg/183/00000015_mask.json,2048,1536
snow_seq183_00000016,snow_seq183,snow,train,test,train/SNOW/rgb/183/00000016_rgb.png,train/SNOW/nir/183/00000016_nir.png,train/SNOW/gtSeg/183/00000016_mask.json,2048,1536
snow_seq183_00000017,snow_seq183,snow,train,test,train/SNOW/rgb/183/00000017_rgb.png,train/SNOW/nir/183/00000017_nir.png,train/SNOW/gtSeg/183/00000017_mask.json,2048,1536
snow_seq183_00000018,snow_seq183,snow,train,test,train/SNOW/rgb/183/00000018_rgb.png,train/SNOW/nir/183/00000018_nir.png,train/SNOW/gtSeg/183/00000018_mask.json,2048,1536
snow_seq183_00000019,snow_seq183,snow,train,test,train/SNOW/rgb/183/00000019_rgb.png,train/SNOW/nir/183/00000019_nir.png,train/SNOW/gtSeg/183/00000019_mask.json,2048,1536
snow_seq183_00000020,snow_seq183,snow,train,test,train/SNOW/rgb/183/00000020_rgb.png,train/SNOW/nir/183/00000020_nir.png,train/SNOW/gtSeg/183/00000020_mask.json,2048,1536
snow_seq183_00000021,snow_seq183,snow,train,test,train/SNOW/rgb/183/00000021_rgb.png,train/SNOW/nir/183/00000021_nir.png,train/SNOW/gtSeg/183/00000021_mask.json,2048,1536
snow_seq183_00000022,snow_seq183,snow,train,test,train/SNOW/rgb/183/00000022_rgb.png,train/SNOW/nir/183/00000022_nir.png,train/SNOW/gtSeg/183/00000022_mask.json,2048,1536
snow_seq183_00000023,snow_seq183,snow,train,test,train/SNOW/rgb/183/00000023_rgb.png,train/SNOW/nir/183/00000023_nir.png,train/SNOW/gtSeg/183/00000023_mask.json,2048,1536
snow_seq183_00000024,snow_seq183,snow,train,test,train/SNOW/rgb/183/00000024_rgb.png,train/SNOW/nir/183/00000024_nir.png,train/SNOW/gtSeg/183/00000024_mask.json,2048,1536
snow_seq183_00000025,snow_seq183,snow,train,test,train/SNOW/rgb/183/00000025_rgb.png,train/SNOW/nir/183/00000025_nir.png,train/SNOW/gtSeg/183/00000025_mask.json,2048,1536
snow_seq183_00000026,snow_seq183,snow,train,test,train/SNOW/rgb/183/00000026_rgb.png,train/SNOW/nir/183/00000026_nir.png,train/SNOW/gtSeg/183/00000026_mask.json,2048,1536
snow_seq183_00000027,snow_seq183,snow,train,test,train/SNOW/rgb/183/00000027_rgb.png,train/SNOW/nir/183/00000027_nir.png,train/SNOW/gtSeg/183/00000027_mask.json,2048,1536
snow_seq183_00000028,snow_seq183,snow,train,test,train/SNOW/rgb/183/00000028_rgb.png,train/SNOW/nir/183/00000028_nir.png,train/SNOW/gtSeg/183/00000028_mask.json,2048,1536
snow_seq183_00000029,snow_seq183,snow,train,test,train/SNOW/rgb/183/00000029_rgb.png,train/SNOW/nir/183/00000029_nir.png,train/SNOW/gtSeg/183/00000029_mask.json,2048,1536
snow_seq183_00000030,snow_seq183,snow,train,test,train/SNOW/rgb/183/00000030_rgb.png,train/SNOW/nir/183/00000030_nir.png,train/SNOW/gtSeg/183/00000030_mask.json,2048,1536
snow_seq183_00000031,snow_seq183,snow,train,test,train/SNOW/rgb/183/00000031_rgb.png,train/SNOW/nir/183/00000031_nir.png,train/SNOW/gtSeg/183/00000031_mask.json,2048,1536
snow_seq183_00000032,snow_seq183,snow,train,test,train/SNOW/rgb/183/00000032_rgb.png,train/SNOW/nir/183/00000032_nir.png,train/SNOW/gtSeg/183/00000032_mask.json,2048,1536
snow_seq183_00000033,snow_seq183,snow,train,test,train/SNOW/rgb/183/00000033_rgb.png,train/SNOW/nir/183/00000033_nir.png,train/SNOW/gtSeg/183/00000033_mask.json,2048,1536
snow_seq183_00000034,snow_seq183,snow,train,test,train/SNOW/rgb/183/00000034_rgb.png,train/SNOW/nir/183/00000034_nir.png,train/SNOW/gtSeg/183/00000034_mask.json,2048,1536
snow_seq183_00000035,snow_seq183,snow,train,test,train/SNOW/rgb/183/00000035_rgb.png,train/SNOW/nir/183/00000035_nir.png,train/SNOW/gtSeg/183/00000035_mask.json,2048,1536
snow_seq183_00000036,snow_seq183,snow,train,test,train/SNOW/rgb/183/00000036_rgb.png,train/SNOW/nir/183/00000036_nir.png,train/SNOW/gtSeg/183/00000036_mask.json,2048,1536
snow_seq183_00000037,snow_seq183,snow,train,test,train/SNOW/rgb/183/00000037_rgb.png,train/SNOW/nir/183/00000037_nir.png,train/SNOW/gtSeg/183/00000037_mask.json,2048,1536
snow_seq183_00000038,snow_seq183,snow,train,test,train/SNOW/rgb/183/00000038_rgb.png,train/SNOW/nir/183/00000038_nir.png,train/SNOW/gtSeg/183/00000038_mask.json,2048,1536
snow_seq183_00000039,snow_seq183,snow,train,test,train/SNOW/rgb/183/00000039_rgb.png,train/SNOW/nir/183/00000039_nir.png,train/SNOW/gtSeg/183/00000039_mask.json,2048,1536
snow_seq183_00000040,snow_seq183,snow,train,test,train/SNOW/rgb/183/00000040_rgb.png,train/SNOW/nir/183/00000040_nir.png,train/SNOW/gtSeg/183/00000040_mask.json,2048,1536
snow_seq183_00000041,snow_seq183,snow,train,test,train/SNOW/rgb/183/00000041_rgb.png,train/SNOW/nir/183/00000041_nir.png,train/SNOW/gtSeg/183/00000041_mask.json,2048,1536
snow_seq183_00000042,snow_seq183,snow,train,test,train/SNOW/rgb/183/00000042_rgb.png,train/SNOW/nir/183/00000042_nir.png,train/SNOW/gtSeg/183/00000042_mask.json,2048,1536
snow_seq183_00000043,snow_seq183,snow,train,test,train/SNOW/rgb/183/00000043_rgb.png,train/SNOW/nir/183/00000043_nir.png,train/SNOW/gtSeg/183/00000043_mask.json,2048,1536
snow_seq183_00000044,snow_seq183,snow,train,test,train/SNOW/rgb/183/00000044_rgb.png,train/SNOW/nir/183/00000044_nir.png,train/SNOW/gtSeg/183/00000044_mask.json,2048,1536
snow_seq183_00000045,snow_seq183,snow,train,test,train/SNOW/rgb/183/00000045_rgb.png,train/SNOW/nir/183/00000045_nir.png,train/SNOW/gtSeg/183/00000045_mask.json,2048,1536
snow_seq183_00000046,snow_seq183,snow,train,test,train/SNOW/rgb/183/00000046_rgb.png,train/SNOW/nir/183/00000046_nir.png,train/SNOW/gtSeg/183/00000046_mask.json,2048,1536
snow_seq183_00000047,snow_seq183,snow,train,test,train/SNOW/rgb/183/00000047_rgb.png,train/SNOW/nir/183/00000047_nir.png,train/SNOW/gtSeg/183/00000047_mask.json,2048,1536
snow_seq183_00000048,snow_seq183,snow,train,test,train/SNOW/rgb/183/00000048_rgb.png,train/SNOW/nir/183/00000048_nir.png,train/SNOW/gtSeg/183/00000048_mask.json,2048,1536
snow_seq183_00000049,snow_seq183,snow,train,test,train/SNOW/rgb/183/00000049_rgb.png,train/SNOW/nir/183/00000049_nir.png,train/SNOW/gtSeg/183/00000049_mask.json,2048,1536
snow_seq183_00000050,snow_seq183,snow,train,test,train/SNOW/rgb/183/00000050_rgb.png,train/SNOW/nir/183/00000050_nir.png,train/SNOW/gtSeg/183/00000050_mask.json,2048,1536
snow_seq183_00000051,snow_seq183,snow,train,test,train/SNOW/rgb/183/00000051_rgb.png,train/SNOW/nir/183/00000051_nir.png,train/SNOW/gtSeg/183/00000051_mask.json,2048,1536
snow_seq183_00000052,snow_seq183,snow,train,test,train/SNOW/rgb/183/00000052_rgb.png,train/SNOW/nir/183/00000052_nir.png,train/SNOW/gtSeg/183/00000052_mask.json,2048,1536
snow_seq183_00000053,snow_seq183,snow,train,test,train/SNOW/rgb/183/00000053_rgb.png,train/SNOW/nir/183/00000053_nir.png,train/SNOW/gtSeg/183/00000053_mask.json,2048,1536
snow_seq183_00000054,snow_seq183,snow,train,test,train/SNOW/rgb/183/00000054_rgb.png,train/SNOW/nir/183/00000054_nir.png,train/SNOW/gtSeg/183/00000054_mask.json,2048,1536
snow_seq183_00000055,snow_seq183,snow,train,test,train/SNOW/rgb/183/00000055_rgb.png,train/SNOW/nir/183/00000055_nir.png,train/SNOW/gtSeg/183/00000055_mask.json,2048,1536
snow_seq183_00000056,snow_seq183,snow,train,test,train/SNOW/rgb/183/00000056_rgb.png,train/SNOW/nir/183/00000056_nir.png,train/SNOW/gtSeg/183/00000056_mask.json,2048,1536
snow_seq183_00000057,snow_seq183,snow,train,test,train/SNOW/rgb/183/00000057_rgb.png,train/SNOW/nir/183/00000057_nir.png,train/SNOW/gtSeg/183/00000057_mask.json,2048,1536
snow_seq183_00000058,snow_seq183,snow,train,test,train/SNOW/rgb/183/00000058_rgb.png,train/SNOW/nir/183/00000058_nir.png,train/SNOW/gtSeg/183/00000058_mask.json,2048,1536
snow_seq183_00000059,snow_seq183,snow,train,test,train/SNOW/rgb/183/00000059_rgb.png,train/SNOW/nir/183/00000059_nir.png,train/SNOW/gtSeg/183/00000059_mask.json,2048,1536
snow_seq183_00000060,snow_seq183,snow,train,test,train/SNOW/rgb/183/00000060_rgb.png,train/SNOW/nir/183/00000060_nir.png,train/SNOW/gtSeg/183/00000060_mask.json,2048,1536
snow_seq183_00000061,snow_seq183,snow,train,test,train/SNOW/rgb/183/00000061_rgb.png,train/SNOW/nir/183/00000061_nir.png,train/SNOW/gtSeg/183/00000061_mask.json,2048,1536
snow_seq183_00000062,snow_seq183,snow,train,test,train/SNOW/rgb/183/00000062_rgb.png,train/SNOW/nir/183/00000062_nir.png,train/SNOW/gtSeg/183/00000062_mask.json,2048,1536
snow_seq183_00000063,snow_seq183,snow,train,test,train/SNOW/rgb/183/00000063_rgb.png,train/SNOW/nir/183/00000063_nir.png,train/SNOW/gtSeg/183/00000063_mask.json,2048,1536
snow_seq183_00000064,snow_seq183,snow,train,test,train/SNOW/rgb/183/00000064_rgb.png,train/SNOW/nir/183/00000064_nir.png,train/SNOW/gtSeg/183/00000064_mask.json,2048,1536
snow_seq183_00000065,snow_seq183,snow,train,test,train/SNOW/rgb/183/00000065_rgb.png,train/SNOW/nir/183/00000065_nir.png,train/SNOW/gtSeg/183/00000065_mask.json,2048,1536
snow_seq183_00000066,snow_seq183,snow,train,test,train/SNOW/rgb/183/00000066_rgb.png,train/SNOW/nir/183/00000066_nir.png,train/SNOW/gtSeg/183/00000066_mask.json,2048,1536
snow_seq183_00000067,snow_seq183,snow,train,test,train/SNOW/rgb/183/00000067_rgb.png,train/SNOW/nir/183/00000067_nir.png,train/SNOW/gtSeg/183/00000067_mask.json,2048,1536
snow_seq183_00000068,snow_seq183,snow,train,test,train/SNOW/rgb/183/00000068_rgb.png,train/SNOW/nir/183/00000068_nir.png,train/SNOW/gtSeg/183/00000068_mask.json,2048,1536
snow_seq183_00000069,snow_seq183,snow,train,test,train/SNOW/rgb/183/00000069_rgb.png,train/SNOW/nir/183/00000069_nir.png,train/SNOW/gtSeg/183/00000069_mask.json,2048,1536
snow_seq183_00000070,snow_seq183,snow,train,test,train/SNOW/rgb/183/00000070_rgb.png,train/SNOW/nir/183/00000070_nir.png,train/SNOW/gtSeg/183/00000070_mask.json,2048,1536
snow_seq183_00000071,snow_seq183,snow,train,test,train/SNOW/rgb/183/00000071_rgb.png,train/SNOW/nir/183/00000071_nir.png,train/SNOW/gtSeg/183/00000071_mask.json,2048,1536
snow_seq183_00000072,snow_seq183,snow,train,test,train/SNOW/rgb/183/00000072_rgb.png,train/SNOW/nir/183/00000072_nir.png,train/SNOW/gtSeg/183/00000072_mask.json,2048,1536
snow_seq183_00000073,snow_seq183,snow,train,test,train/SNOW/rgb/183/00000073_rgb.png,train/SNOW/nir/183/00000073_nir.png,train/SNOW/gtSeg/183/00000073_mask.json,2048,1536
snow_seq183_00000074,snow_seq183,snow,train,test,train/SNOW/rgb/183/00000074_rgb.png,train/SNOW/nir/183/00000074_nir.png,train/SNOW/gtSeg/183/00000074_mask.json,2048,1536
snow_seq183_00000075,snow_seq183,snow,train,test,train/SNOW/rgb/183/00000075_rgb.png,train/SNOW/nir/183/00000075_nir.png,train/SNOW/gtSeg/183/00000075_mask.json,2048,1536
snow_seq183_00000076,snow_seq183,snow,train,test,train/SNOW/rgb/183/00000076_rgb.png,train/SNOW/nir/183/00000076_nir.png,train/SNOW/gtSeg/183/00000076_mask.json,2048,1536
snow_seq183_00000077,snow_seq183,snow,train,test,train/SNOW/rgb/183/00000077_rgb.png,train/SNOW/nir/183/00000077_nir.png,train/SNOW/gtSeg/183/00000077_mask.json,2048,1536
snow_seq183_00000078,snow_seq183,snow,train,test,train/SNOW/rgb/183/00000078_rgb.png,train/SNOW/nir/183/00000078_nir.png,train/SNOW/gtSeg/183/00000078_mask.json,2048,1536
snow_seq183_00000079,snow_seq183,snow,train,test,train/SNOW/rgb/183/00000079_rgb.png,train/SNOW/nir/183/00000079_nir.png,train/SNOW/gtSeg/183/00000079_mask.json,2048,1536
snow_seq183_00000080,snow_seq183,snow,train,test,train/SNOW/rgb/183/00000080_rgb.png,train/SNOW/nir/183/00000080_nir.png,train/SNOW/gtSeg/183/00000080_mask.json,2048,1536
snow_seq183_00000081,snow_seq183,snow,train,test,train/SNOW/rgb/183/00000081_rgb.png,train/SNOW/nir/183/00000081_nir.png,train/SNOW/gtSeg/183/00000081_mask.json,2048,1536
snow_seq183_00000082,snow_seq183,snow,train,test,train/SNOW/rgb/183/00000082_rgb.png,train/SNOW/nir/183/00000082_nir.png,train/SNOW/gtSeg/183/00000082_mask.json,2048,1536
snow_seq183_00000083,snow_seq183,snow,train,test,train/SNOW/rgb/183/00000083_rgb.png,train/SNOW/nir/183/00000083_nir.png,train/SNOW/gtSeg/183/00000083_mask.json,2048,1536
snow_seq183_00000084,snow_seq183,snow,train,test,train/SNOW/rgb/183/00000084_rgb.png,train/SNOW/nir/183/00000084_nir.png,train/SNOW/gtSeg/183/00000084_mask.json,2048,1536
snow_seq183_00000085,snow_seq183,snow,train,test,train/SNOW/rgb/183/00000085_rgb.png,train/SNOW/nir/183/00000085_nir.png,train/SNOW/gtSeg/183/00000085_mask.json,2048,1536
snow_seq183_00000086,snow_seq183,snow,train,test,train/SNOW/rgb/183/00000086_rgb.png,train/SNOW/nir/183/00000086_nir.png,train/SNOW/gtSeg/183/00000086_mask.json,2048,1536
snow_seq183_00000087,snow_seq183,snow,train,test,train/SNOW/rgb/183/00000087_rgb.png,train/SNOW/nir/183/00000087_nir.png,train/SNOW/gtSeg/183/00000087_mask.json,2048,1536
snow_seq183_00000088,snow_seq183,snow,train,test,train/SNOW/rgb/183/00000088_rgb.png,train/SNOW/nir/183/00000088_nir.png,train/SNOW/gtSeg/183/00000088_mask.json,2048,1536
snow_seq183_00000089,snow_seq183,snow,train,test,train/SNOW/rgb/183/00000089_rgb.png,train/SNOW/nir/183/00000089_nir.png,train/SNOW/gtSeg/183/00000089_mask.json,2048,1536
snow_seq183_00000090,snow_seq183,snow,train,test,train/SNOW/rgb/183/00000090_rgb.png,train/SNOW/nir/183/00000090_nir.png,train/SNOW/gtSeg/183/00000090_mask.json,2048,1536
snow_seq183_00000091,snow_seq183,snow,train,test,train/SNOW/rgb/183/00000091_rgb.png,train/SNOW/nir/183/00000091_nir.png,train/SNOW/gtSeg/183/00000091_mask.json,2048,1536
snow_seq183_00000092,snow_seq183,snow,train,test,train/SNOW/rgb/183/00000092_rgb.png,train/SNOW/nir/183/00000092_nir.png,train/SNOW/gtSeg/183/00000092_mask.json,2048,1536
snow_seq183_00000093,snow_seq183,snow,train,test,train/SNOW/rgb/183/00000093_rgb.png,train/SNOW/nir/183/00000093_nir.png,train/SNOW/gtSeg/183/00000093_mask.json,2048,1536
snow_seq183_00000094,snow_seq183,snow,train,test,train/SNOW/rgb/183/00000094_rgb.png,train/SNOW/nir/183/00000094_nir.png,train/SNOW/gtSeg/183/00000094_mask.json,2048,1536
snow_seq183_00000095,snow_seq183,snow,train,test,train/SNOW/rgb/183/00000095_rgb.png,train/SNOW/nir/183/00000095_nir.png,train/SNOW/gtSeg/183/00000095_mask.json,2048,1536
snow_seq183_00000096,snow_seq183,snow,train,test,train/SNOW/rgb/183/00000096_rgb.png,train/SNOW/nir/183/00000096_nir.png,train/SNOW/gtSeg/183/00000096_mask.json,2048,1536
snow_seq183_00000097,snow_seq183,snow,train,test,train/SNOW/rgb/183/00000097_rgb.png,train/SNOW/nir/183/00000097_nir.png,train/SNOW/gtSeg/183/00000097_mask.json,2048,1536
snow_seq183_00000098,snow_seq183,snow,train,test,train/SNOW/rgb/183/00000098_rgb.png,train/SNOW/nir/183/00000098_nir.png,train/SNOW/gtSeg/183/00000098_mask.json,2048,1536
snow_seq183_00000099,snow_seq183,snow,train,test,train/SNOW/rgb/183/00000099_rgb.png,train/SNOW/nir/183/00000099_nir.png,train/SNOW/gtSeg/183/00000099_mask.json,2048,1536
snow_seq183_00000100,snow_seq183,snow,train,test,train/SNOW/rgb/183/00000100_rgb.png,train/SNOW/nir/183/00000100_nir.png,train/SNOW/gtSeg/183/00000100_mask.json,2048,1536
snow_seq183_00000101,snow_seq183,snow,train,test,train/SNOW/rgb/183/00000101_rgb.png,train/SNOW/nir/183/00000101_nir.png,train/SNOW/gtSeg/183/00000101_mask.json,2048,1536
snow_seq183_00000102,snow_seq183,snow,train,test,train/SNOW/rgb/183/00000102_rgb.png,train/SNOW/nir/183/00000102_nir.png,train/SNOW/gtSeg/183/00000102_mask.json,2048,1536
snow_seq183_00000103,snow_seq183,snow,train,test,train/SNOW/rgb/183/00000103_rgb.png,train/SNOW/nir/183/00000103_nir.png,train/SNOW/gtSeg/183/00000103_mask.json,2048,1536
snow_seq183_00000104,snow_seq183,snow,train,test,train/SNOW/rgb/183/00000104_rgb.png,train/SNOW/nir/183/00000104_nir.png,train/SNOW/gtSeg/183/00000104_mask.json,2048,1536
snow_seq183_00000105,snow_seq183,snow,train,test,train/SNOW/rgb/183/00000105_rgb.png,train/SNOW/nir/183/00000105_nir.png,train/SNOW/gtSeg/183/00000105_mask.json,2048,1536
snow_seq183_00000106,snow_seq183,snow,train,test,train/SNOW/rgb/183/00000106_rgb.png,train/SNOW/nir/183/00000106_nir.png,train/SNOW/gtSeg/183/00000106_mask.json,2048,1536
snow_seq183_00000107,snow_seq183,snow,train,test,train/SNOW/rgb/183/00000107_rgb.png,train/SNOW/nir/183/00000107_nir.png,train/SNOW/gtSeg/183/00000107_mask.json,2048,1536
snow_seq183_00000108,snow_seq183,snow,train,test,train/SNOW/rgb/183/00000108_rgb.png,train/SNOW/nir/183/00000108_nir.png,train/SNOW/gtSeg/183/00000108_mask.json,2048,1536
snow_seq183_00000109,snow_seq183,snow,train,test,train/SNOW/rgb/183/00000109_rgb.png,train/SNOW/nir/183/00000109_nir.png,train/SNOW/gtSeg/183/00000109_mask.json,2048,1536
snow_seq183_00000110,snow_seq183,snow,train,test,train/SNOW/rgb/183/00000110_rgb.png,train/SNOW/nir/183/00000110_nir.png,train/SNOW/gtSeg/183/00000110_mask.json,2048,1536
snow_seq183_00000111,snow_seq183,snow,train,test,train/SNOW/rgb/183/00000111_rgb.png,train/SNOW/nir/183/00000111_nir.png,train/SNOW/gtSeg/183/00000111_mask.json,2048,1536
snow_seq183_00000112,snow_seq183,snow,train,test,train/SNOW/rgb/183/00000112_rgb.png,train/SNOW/nir/183/00000112_nir.png,train/SNOW/gtSeg/183/00000112_mask.json,2048,1536
snow_seq183_00000113,snow_seq183,snow,train,test,train/SNOW/rgb/183/00000113_rgb.png,train/SNOW/nir/183/00000113_nir.png,train/SNOW/gtSeg/183/00000113_mask.json,2048,1536
snow_seq183_00000114,snow_seq183,snow,train,test,train/SNOW/rgb/183/00000114_rgb.png,train/SNOW/nir/183/00000114_nir.png,train/SNOW/gtSeg/183/00000114_mask.json,2048,1536
snow_seq183_00000115,snow_seq183,snow,train,test,train/SNOW/rgb/183/00000115_rgb.png,train/SNOW/nir/183/00000115_nir.png,train/SNOW/gtSeg/183/00000115_mask.json,2048,1536
snow_seq183_00000116,snow_seq183,snow,train,test,train/SNOW/rgb/183/00000116_rgb.png,train/SNOW/nir/183/00000116_nir.png,train/SNOW/gtSeg/183/00000116_mask.json,2048,1536
snow_seq183_00000117,snow_seq183,snow,train,test,train/SNOW/rgb/183/00000117_rgb.png,train/SNOW/nir/183/00000117_nir.png,train/SNOW/gtSeg/183/00000117_mask.json,2048,1536
snow_seq183_00000118,snow_seq183,snow,train,test,train/SNOW/rgb/183/00000118_rgb.png,train/SNOW/nir/183/00000118_nir.png,train/SNOW/gtSeg/183/00000118_mask.json,2048,1536
snow_seq183_00000119,snow_seq183,snow,train,test,train/SNOW/rgb/183/00000119_rgb.png,train/SNOW/nir/183/00000119_nir.png,train/SNOW/gtSeg/183/00000119_mask.json,2048,1536
snow_seq183_00000120,snow_seq183,snow,train,test,train/SNOW/rgb/183/00000120_rgb.png,train/SNOW/nir/183/00000120_nir.png,train/SNOW/gtSeg/183/00000120_mask.json,2048,1536
snow_seq183_00000121,snow_seq183,snow,train,test,train/SNOW/rgb/183/00000121_rgb.png,train/SNOW/nir/183/00000121_nir.png,train/SNOW/gtSeg/183/00000121_mask.json,2048,1536
snow_seq183_00000122,snow_seq183,snow,train,test,train/SNOW/rgb/183/00000122_rgb.png,train/SNOW/nir/183/00000122_nir.png,train/SNOW/gtSeg/183/00000122_mask.json,2048,1536
snow_seq183_00000123,snow_seq183,snow,train,test,train/SNOW/rgb/183/00000123_rgb.png,train/SNOW/nir/183/00000123_nir.png,train/SNOW/gtSeg/183/00000123_mask.json,2048,1536
snow_seq183_00000124,snow_seq183,snow,train,test,train/SNOW/rgb/183/00000124_rgb.png,train/SNOW/nir/183/00000124_nir.png,train/SNOW/gtSeg/183/00000124_mask.json,2048,1536
snow_seq183_00000125,snow_seq183,snow,train,test,train/SNOW/rgb/183/00000125_rgb.png,train/SNOW/nir/183/00000125_nir.png,train/SNOW/gtSeg/183/00000125_mask.json,2048,1536
snow_seq183_00000126,snow_seq183,snow,train,test,train/SNOW/rgb/183/00000126_rgb.png,train/SNOW/nir/183/00000126_nir.png,train/SNOW/gtSeg/183/00000126_mask.json,2048,1536
snow_seq183_00000127,snow_seq183,snow,train,test,train/SNOW/rgb/183/00000127_rgb.png,train/SNOW/nir/183/00000127_nir.png,train/SNOW/gtSeg/183/00000127_mask.json,2048,1536
snow_seq183_00000128,snow_seq183,snow,train,test,train/SNOW/rgb/183/00000128_rgb.png,train/SNOW/nir/183/00000128_nir.png,train/SNOW/gtSeg/183/00000128_mask.json,2048,1536
snow_seq183_00000129,snow_seq183,snow,train,test,train/SNOW/rgb/183/00000129_rgb.png,train/SNOW/nir/183/00000129_nir.png,train/SNOW/gtSeg/183/00000129_mask.json,2048,1536
snow_seq183_00000130,snow_seq183,snow,train,test,train/SNOW/rgb/183/00000130_rgb.png,train/SNOW/nir/183/00000130_nir.png,train/SNOW/gtSeg/183/00000130_mask.json,2048,1536
snow_seq183_00000131,snow_seq183,snow,train,test,train/SNOW/rgb/183/00000131_rgb.png,train/SNOW/nir/183/00000131_nir.png,train/SNOW/gtSeg/183/00000131_mask.json,2048,1536
snow_seq183_00000132,snow_seq183,snow,train,test,train/SNOW/rgb/183/00000132_rgb.png,train/SNOW/nir/183/00000132_nir.png,train/SNOW/gtSeg/183/00000132_mask.json,2048,1536
snow_seq183_00000133,snow_seq183,snow,train,test,train/SNOW/rgb/183/00000133_rgb.png,train/SNOW/nir/183/00000133_nir.png,train/SNOW/gtSeg/183/00000133_mask.json,2048,1536
snow_seq183_00000134,snow_seq183,snow,train,test,train/SNOW/rgb/183/00000134_rgb.png,train/SNOW/nir/183/00000134_nir.png,train/SNOW/gtSeg/183/00000134_mask.json,2048,1536
snow_seq183_00000135,snow_seq183,snow,train,test,train/SNOW/rgb/183/00000135_rgb.png,train/SNOW/nir/183/00000135_nir.png,train/SNOW/gtSeg/183/00000135_mask.json,2048,1536
snow_seq183_00000136,snow_seq183,snow,train,test,train/SNOW/rgb/183/00000136_rgb.png,train/SNOW/nir/183/00000136_nir.png,train/SNOW/gtSeg/183/00000136_mask.json,2048,1536
snow_seq183_00000137,snow_seq183,snow,train,test,train/SNOW/rgb/183/00000137_rgb.png,train/SNOW/nir/183/00000137_nir.png,train/SNOW/gtSeg/183/00000137_mask.json,2048,1536
snow_seq183_00000138,snow_seq183,snow,train,test,train/SNOW/rgb/183/00000138_rgb.png,train/SNOW/nir/183/00000138_nir.png,train/SNOW/gtSeg/183/00000138_mask.json,2048,1536
snow_seq183_00000139,snow_seq183,snow,train,test,train/SNOW/rgb/183/00000139_rgb.png,train/SNOW/nir/183/00000139_nir.png,train/SNOW/gtSeg/183/00000139_mask.json,2048,1536
snow_seq183_00000140,snow_seq183,snow,train,test,train/SNOW/rgb/183/00000140_rgb.png,train/SNOW/nir/183/00000140_nir.png,train/SNOW/gtSeg/183/00000140_mask.json,2048,1536
snow_seq183_00000141,snow_seq183,snow,train,test,train/SNOW/rgb/183/00000141_rgb.png,train/SNOW/nir/183/00000141_nir.png,train/SNOW/gtSeg/183/00000141_mask.json,2048,1536
snow_seq183_00000142,snow_seq183,snow,train,test,train/SNOW/rgb/183/00000142_rgb.png,train/SNOW/nir/183/00000142_nir.png,train/SNOW/gtSeg/183/00000142_mask.json,2048,1536
snow_seq183_00000143,snow_seq183,snow,train,test,train/SNOW/rgb/183/00000143_rgb.png,train/SNOW/nir/183/00000143_nir.png,train/SNOW/gtSeg/183/00000143_mask.json,2048,1536
snow_seq183_00000144,snow_seq183,snow,train,test,train/SNOW/rgb/183/00000144_rgb.png,train/SNOW/nir/183/00000144_nir.png,train/SNOW/gtSeg/183/00000144_mask.json,2048,1536
snow_seq183_00000145,snow_seq183,snow,train,test,train/SNOW/rgb/183/00000145_rgb.png,train/SNOW/nir/183/00000145_nir.png,train/SNOW/gtSeg/183/00000145_mask.json,2048,1536
snow_seq183_00000146,snow_seq183,snow,train,test,train/SNOW/rgb/183/00000146_rgb.png,train/SNOW/nir/183/00000146_nir.png,train/SNOW/gtSeg/183/00000146_mask.json,2048,1536
snow_seq183_00000147,snow_seq183,snow,train,test,train/SNOW/rgb/183/00000147_rgb.png,train/SNOW/nir/183/00000147_nir.png,train/SNOW/gtSeg/183/00000147_mask.json,2048,1536
snow_seq183_00000148,snow_seq183,snow,train,test,train/SNOW/rgb/183/00000148_rgb.png,train/SNOW/nir/183/00000148_nir.png,train/SNOW/gtSeg/183/00000148_mask.json,2048,1536
snow_seq183_00000149,snow_seq183,snow,train,test,train/SNOW/rgb/183/00000149_rgb.png,train/SNOW/nir/183/00000149_nir.png,train/SNOW/gtSeg/183/00000149_mask.json,2048,1536
snow_seq183_00000150,snow_seq183,snow,train,test,train/SNOW/rgb/183/00000150_rgb.png,train/SNOW/nir/183/00000150_nir.png,train/SNOW/gtSeg/183/00000150_mask.json,2048,1536
snow_seq183_00000151,snow_seq183,snow,train,test,train/SNOW/rgb/183/00000151_rgb.png,train/SNOW/nir/183/00000151_nir.png,train/SNOW/gtSeg/183/00000151_mask.json,2048,1536
snow_seq183_00000152,snow_seq183,snow,train,test,train/SNOW/rgb/183/00000152_rgb.png,train/SNOW/nir/183/00000152_nir.png,train/SNOW/gtSeg/183/00000152_mask.json,2048,1536
snow_seq183_00000153,snow_seq183,snow,train,test,train/SNOW/rgb/183/00000153_rgb.png,train/SNOW/nir/183/00000153_nir.png,train/SNOW/gtSeg/183/00000153_mask.json,2048,1536
snow_seq183_00000154,snow_seq183,snow,train,test,train/SNOW/rgb/183/00000154_rgb.png,train/SNOW/nir/183/00000154_nir.png,train/SNOW/gtSeg/183/00000154_mask.json,2048,1536
snow_seq183_00000155,snow_seq183,snow,train,test,train/SNOW/rgb/183/00000155_rgb.png,train/SNOW/nir/183/00000155_nir.png,train/SNOW/gtSeg/183/00000155_mask.json,2048,1536
snow_seq183_00000156,snow_seq183,snow,train,test,train/SNOW/rgb/183/00000156_rgb.png,train/SNOW/nir/183/00000156_nir.png,train/SNOW/gtSeg/183/00000156_mask.json,2048,1536
snow_seq183_00000157,snow_seq183,snow,train,test,train/SNOW/rgb/183/00000157_rgb.png,train/SNOW/nir/183/00000157_nir.png,train/SNOW/gtSeg/183/00000157_mask.json,2048,1536
snow_seq183_00000158,snow_seq183,snow,train,test,train/SNOW/rgb/183/00000158_rgb.png,train/SNOW/nir/183/00000158_nir.png,train/SNOW/gtSeg/183/00000158_mask.json,2048,1536
snow_seq183_00000159,snow_seq183,snow,train,test,train/SNOW/rgb/183/00000159_rgb.png,train/SNOW/nir/183/00000159_nir.png,train/SNOW/gtSeg/183/00000159_mask.json,2048,1536
snow_seq183_00000160,snow_seq183,snow,train,test,train/SNOW/rgb/183/00000160_rgb.png,train/SNOW/nir/183/00000160_nir.png,train/SNOW/gtSeg/183/00000160_mask.json,2048,1536
snow_seq183_00000161,snow_seq183,snow,train,test,train/SNOW/rgb/183/00000161_rgb.png,train/SNOW/nir/183/00000161_nir.png,train/SNOW/gtSeg/183/00000161_mask.json,2048,1536
snow_seq183_00000162,snow_seq183,snow,train,test,train/SNOW/rgb/183/00000162_rgb.png,train/SNOW/nir/183/00000162_nir.png,train/SNOW/gtSeg/183/00000162_mask.json,2048,1536
snow_seq183_00000163,snow_seq183,snow,train,test,train/SNOW/rgb/183/00000163_rgb.png,train/SNOW/nir/183/00000163_nir.png,train/SNOW/gtSeg/183/00000163_mask.json,2048,1536
snow_seq183_00000164,snow_seq183,snow,train,test,train/SNOW/rgb/183/00000164_rgb.png,train/SNOW/nir/183/00000164_nir.png,train/SNOW/gtSeg/183/00000164_mask.json,2048,1536
snow_seq183_00000165,snow_seq183,snow,train,test,train/SNOW/rgb/183/00000165_rgb.png,train/SNOW/nir/183/00000165_nir.png,train/SNOW/gtSeg/183/00000165_mask.json,2048,1536
snow_seq183_00000166,snow_seq183,snow,train,test,train/SNOW/rgb/183/00000166_rgb.png,train/SNOW/nir/183/00000166_nir.png,train/SNOW/gtSeg/183/00000166_mask.json,2048,1536
snow_seq184_00000000,snow_seq184,snow,train,train,train/SNOW/rgb/184/00000000_rgb.png,train/SNOW/nir/184/00000000_nir.png,train/SNOW/gtSeg/184/00000000_mask.json,2048,1536
snow_seq184_00000001,snow_seq184,snow,train,train,train/SNOW/rgb/184/00000001_rgb.png,train/SNOW/nir/184/00000001_nir.png,train/SNOW/gtSeg/184/00000001_mask.json,2048,1536
snow_seq184_00000002,snow_seq184,snow,train,train,train/SNOW/rgb/184/00000002_rgb.png,train/SNOW/nir/184/00000002_nir.png,train/SNOW/gtSeg/184/00000002_mask.json,2048,1536
snow_seq184_00000003,snow_seq184,snow,train,train,train/SNOW/rgb/184/00000003_rgb.png,train/SNOW/nir/184/00000003_nir.png,train/SNOW/gtSeg/184/00000003_mask.json,2048,1536
snow_seq184_00000004,snow_seq184,snow,train,train,train/SNOW/rgb/184/00000004_rgb.png,train/SNOW/nir/184/00000004_nir.png,train/SNOW/gtSeg/184/00000004_mask.json,2048,1536
snow_seq184_00000005,snow_seq184,snow,train,train,train/SNOW/rgb/184/00000005_rgb.png,train/SNOW/nir/184/00000005_nir.png,train/SNOW/gtSeg/184/00000005_mask.json,2048,1536
snow_seq184_00000006,snow_seq184,snow,train,train,train/SNOW/rgb/184/00000006_rgb.png,train/SNOW/nir/184/00000006_nir.png,train/SNOW/gtSeg/184/00000006_mask.json,2048,1536
snow_seq184_00000007,snow_seq184,snow,train,train,train/SNOW/rgb/184/00000007_rgb.png,train/SNOW/nir/184/00000007_nir.png,train/SNOW/gtSeg/184/00000007_mask.json,2048,1536
snow_seq184_00000008,snow_seq184,snow,train,train,train/SNOW/rgb/184/00000008_rgb.png,train/SNOW/nir/184/00000008_nir.png,train/SNOW/gtSeg/184/00000008_mask.json,2048,1536
snow_seq184_00000009,snow_seq184,snow,train,train,train/SNOW/rgb/184/00000009_rgb.png,train/SNOW/nir/184/00000009_nir.png,train/SNOW/gtSeg/184/00000009_mask.json,2048,1536
snow_seq184_00000010,snow_seq184,snow,train,train,train/SNOW/rgb/184/00000010_rgb.png,train/SNOW/nir/184/00000010_nir.png,train/SNOW/gtSeg/184/00000010_mask.json,2048,1536
snow_seq184_00000011,snow_seq184,snow,train,train,train/SNOW/rgb/184/00000011_rgb.png,train/SNOW/nir/184/00000011_nir.png,train/SNOW/gtSeg/184/00000011_mask.json,2048,1536
snow_seq184_00000012,snow_seq184,snow,train,train,train/SNOW/rgb/184/00000012_rgb.png,train/SNOW/nir/184/00000012_nir.png,train/SNOW/gtSeg/184/00000012_mask.json,2048,1536
snow_seq184_00000013,snow_seq184,snow,train,train,train/SNOW/rgb/184/00000013_rgb.png,train/SNOW/nir/184/00000013_nir.png,train/SNOW/gtSeg/184/00000013_mask.json,2048,1536
snow_seq184_00000014,snow_seq184,snow,train,train,train/SNOW/rgb/184/00000014_rgb.png,train/SNOW/nir/184/00000014_nir.png,train/SNOW/gtSeg/184/00000014_mask.json,2048,1536
snow_seq184_00000015,snow_seq184,snow,train,train,train/SNOW/rgb/184/00000015_rgb.png,train/SNOW/nir/184/00000015_nir.png,train/SNOW/gtSeg/184/00000015_mask.json,2048,1536
snow_seq184_00000016,snow_seq184,snow,train,train,train/SNOW/rgb/184/00000016_rgb.png,train/SNOW/nir/184/00000016_nir.png,train/SNOW/gtSeg/184/00000016_mask.json,2048,1536
snow_seq184_00000017,snow_seq184,snow,train,train,train/SNOW/rgb/184/00000017_rgb.png,train/SNOW/nir/184/00000017_nir.png,train/SNOW/gtSeg/184/00000017_mask.json,2048,1536
snow_seq184_00000018,snow_seq184,snow,train,train,train/SNOW/rgb/184/00000018_rgb.png,train/SNOW/nir/184/00000018_nir.png,train/SNOW/gtSeg/184/00000018_mask.json,2048,1536
snow_seq184_00000019,snow_seq184,snow,train,train,train/SNOW/rgb/184/00000019_rgb.png,train/SNOW/nir/184/00000019_nir.png,train/SNOW/gtSeg/184/00000019_mask.json,2048,1536
snow_seq184_00000020,snow_seq184,snow,train,train,train/SNOW/rgb/184/00000020_rgb.png,train/SNOW/nir/184/00000020_nir.png,train/SNOW/gtSeg/184/00000020_mask.json,2048,1536
snow_seq184_00000021,snow_seq184,snow,train,train,train/SNOW/rgb/184/00000021_rgb.png,train/SNOW/nir/184/00000021_nir.png,train/SNOW/gtSeg/184/00000021_mask.json,2048,1536
snow_seq184_00000022,snow_seq184,snow,train,train,train/SNOW/rgb/184/00000022_rgb.png,train/SNOW/nir/184/00000022_nir.png,train/SNOW/gtSeg/184/00000022_mask.json,2048,1536
snow_seq184_00000023,snow_seq184,snow,train,train,train/SNOW/rgb/184/00000023_rgb.png,train/SNOW/nir/184/00000023_nir.png,train/SNOW/gtSeg/184/00000023_mask.json,2048,1536
snow_seq184_00000024,snow_seq184,snow,train,train,train/SNOW/rgb/184/00000024_rgb.png,train/SNOW/nir/184/00000024_nir.png,train/SNOW/gtSeg/184/00000024_mask.json,2048,1536
snow_seq184_00000025,snow_seq184,snow,train,train,train/SNOW/rgb/184/00000025_rgb.png,train/SNOW/nir/184/00000025_nir.png,train/SNOW/gtSeg/184/00000025_mask.json,2048,1536
snow_seq184_00000026,snow_seq184,snow,train,train,train/SNOW/rgb/184/00000026_rgb.png,train/SNOW/nir/184/00000026_nir.png,train/SNOW/gtSeg/184/00000026_mask.json,2048,1536
snow_seq184_00000027,snow_seq184,snow,train,train,train/SNOW/rgb/184/00000027_rgb.png,train/SNOW/nir/184/00000027_nir.png,train/SNOW/gtSeg/184/00000027_mask.json,2048,1536
snow_seq184_00000028,snow_seq184,snow,train,train,train/SNOW/rgb/184/00000028_rgb.png,train/SNOW/nir/184/00000028_nir.png,train/SNOW/gtSeg/184/00000028_mask.json,2048,1536
snow_seq184_00000029,snow_seq184,snow,train,train,train/SNOW/rgb/184/00000029_rgb.png,train/SNOW/nir/184/00000029_nir.png,train/SNOW/gtSeg/184/00000029_mask.json,2048,1536
snow_seq184_00000030,snow_seq184,snow,train,train,train/SNOW/rgb/184/00000030_rgb.png,train/SNOW/nir/184/00000030_nir.png,train/SNOW/gtSeg/184/00000030_mask.json,2048,1536
snow_seq184_00000031,snow_seq184,snow,train,train,train/SNOW/rgb/184/00000031_rgb.png,train/SNOW/nir/184/00000031_nir.png,train/SNOW/gtSeg/184/00000031_mask.json,2048,1536
snow_seq184_00000032,snow_seq184,snow,train,train,train/SNOW/rgb/184/00000032_rgb.png,train/SNOW/nir/184/00000032_nir.png,train/SNOW/gtSeg/184/00000032_mask.json,2048,1536
snow_seq184_00000033,snow_seq184,snow,train,train,train/SNOW/rgb/184/00000033_rgb.png,train/SNOW/nir/184/00000033_nir.png,train/SNOW/gtSeg/184/00000033_mask.json,2048,1536
snow_seq184_00000034,snow_seq184,snow,train,train,train/SNOW/rgb/184/00000034_rgb.png,train/SNOW/nir/184/00000034_nir.png,train/SNOW/gtSeg/184/00000034_mask.json,2048,1536
snow_seq184_00000035,snow_seq184,snow,train,train,train/SNOW/rgb/184/00000035_rgb.png,train/SNOW/nir/184/00000035_nir.png,train/SNOW/gtSeg/184/00000035_mask.json,2048,1536
snow_seq184_00000036,snow_seq184,snow,train,train,train/SNOW/rgb/184/00000036_rgb.png,train/SNOW/nir/184/00000036_nir.png,train/SNOW/gtSeg/184/00000036_mask.json,2048,1536
snow_seq184_00000037,snow_seq184,snow,train,train,train/SNOW/rgb/184/00000037_rgb.png,train/SNOW/nir/184/00000037_nir.png,train/SNOW/gtSeg/184/00000037_mask.json,2048,1536
snow_seq184_00000038,snow_seq184,snow,train,train,train/SNOW/rgb/184/00000038_rgb.png,train/SNOW/nir/184/00000038_nir.png,train/SNOW/gtSeg/184/00000038_mask.json,2048,1536
snow_seq184_00000039,snow_seq184,snow,train,train,train/SNOW/rgb/184/00000039_rgb.png,train/SNOW/nir/184/00000039_nir.png,train/SNOW/gtSeg/184/00000039_mask.json,2048,1536
snow_seq184_00000040,snow_seq184,snow,train,train,train/SNOW/rgb/184/00000040_rgb.png,train/SNOW/nir/184/00000040_nir.png,train/SNOW/gtSeg/184/00000040_mask.json,2048,1536
snow_seq184_00000041,snow_seq184,snow,train,train,train/SNOW/rgb/184/00000041_rgb.png,train/SNOW/nir/184/00000041_nir.png,train/SNOW/gtSeg/184/00000041_mask.json,2048,1536
snow_seq184_00000042,snow_seq184,snow,train,train,train/SNOW/rgb/184/00000042_rgb.png,train/SNOW/nir/184/00000042_nir.png,train/SNOW/gtSeg/184/00000042_mask.json,2048,1536
snow_seq184_00000043,snow_seq184,snow,train,train,train/SNOW/rgb/184/00000043_rgb.png,train/SNOW/nir/184/00000043_nir.png,train/SNOW/gtSeg/184/00000043_mask.json,2048,1536
snow_seq184_00000044,snow_seq184,snow,train,train,train/SNOW/rgb/184/00000044_rgb.png,train/SNOW/nir/184/00000044_nir.png,train/SNOW/gtSeg/184/00000044_mask.json,2048,1536
snow_seq184_00000045,snow_seq184,snow,train,train,train/SNOW/rgb/184/00000045_rgb.png,train/SNOW/nir/184/00000045_nir.png,train/SNOW/gtSeg/184/00000045_mask.json,2048,1536
snow_seq184_00000046,snow_seq184,snow,train,train,train/SNOW/rgb/184/00000046_rgb.png,train/SNOW/nir/184/00000046_nir.png,train/SNOW/gtSeg/184/00000046_mask.json,2048,1536
snow_seq184_00000047,snow_seq184,snow,train,train,train/SNOW/rgb/184/00000047_rgb.png,train/SNOW/nir/184/00000047_nir.png,train/SNOW/gtSeg/184/00000047_mask.json,2048,1536
snow_seq184_00000048,snow_seq184,snow,train,train,train/SNOW/rgb/184/00000048_rgb.png,train/SNOW/nir/184/00000048_nir.png,train/SNOW/gtSeg/184/00000048_mask.json,2048,1536
snow_seq184_00000049,snow_seq184,snow,train,train,train/SNOW/rgb/184/00000049_rgb.png,train/SNOW/nir/184/00000049_nir.png,train/SNOW/gtSeg/184/00000049_mask.json,2048,1536
snow_seq184_00000050,snow_seq184,snow,train,train,train/SNOW/rgb/184/00000050_rgb.png,train/SNOW/nir/184/00000050_nir.png,train/SNOW/gtSeg/184/00000050_mask.json,2048,1536
snow_seq184_00000051,snow_seq184,snow,train,train,train/SNOW/rgb/184/00000051_rgb.png,train/SNOW/nir/184/00000051_nir.png,train/SNOW/gtSeg/184/00000051_mask.json,2048,1536
snow_seq184_00000052,snow_seq184,snow,train,train,train/SNOW/rgb/184/00000052_rgb.png,train/SNOW/nir/184/00000052_nir.png,train/SNOW/gtSeg/184/00000052_mask.json,2048,1536
snow_seq184_00000053,snow_seq184,snow,train,train,train/SNOW/rgb/184/00000053_rgb.png,train/SNOW/nir/184/00000053_nir.png,train/SNOW/gtSeg/184/00000053_mask.json,2048,1536
snow_seq184_00000054,snow_seq184,snow,train,train,train/SNOW/rgb/184/00000054_rgb.png,train/SNOW/nir/184/00000054_nir.png,train/SNOW/gtSeg/184/00000054_mask.json,2048,1536
snow_seq184_00000055,snow_seq184,snow,train,train,train/SNOW/rgb/184/00000055_rgb.png,train/SNOW/nir/184/00000055_nir.png,train/SNOW/gtSeg/184/00000055_mask.json,2048,1536
snow_seq184_00000056,snow_seq184,snow,train,train,train/SNOW/rgb/184/00000056_rgb.png,train/SNOW/nir/184/00000056_nir.png,train/SNOW/gtSeg/184/00000056_mask.json,2048,1536
snow_seq184_00000057,snow_seq184,snow,train,train,train/SNOW/rgb/184/00000057_rgb.png,train/SNOW/nir/184/00000057_nir.png,train/SNOW/gtSeg/184/00000057_mask.json,2048,1536
snow_seq184_00000058,snow_seq184,snow,train,train,train/SNOW/rgb/184/00000058_rgb.png,train/SNOW/nir/184/00000058_nir.png,train/SNOW/gtSeg/184/00000058_mask.json,2048,1536
snow_seq184_00000059,snow_seq184,snow,train,train,train/SNOW/rgb/184/00000059_rgb.png,train/SNOW/nir/184/00000059_nir.png,train/SNOW/gtSeg/184/00000059_mask.json,2048,1536
snow_seq184_00000060,snow_seq184,snow,train,train,train/SNOW/rgb/184/00000060_rgb.png,train/SNOW/nir/184/00000060_nir.png,train/SNOW/gtSeg/184/00000060_mask.json,2048,1536
snow_seq184_00000061,snow_seq184,snow,train,train,train/SNOW/rgb/184/00000061_rgb.png,train/SNOW/nir/184/00000061_nir.png,train/SNOW/gtSeg/184/00000061_mask.json,2048,1536
snow_seq184_00000062,snow_seq184,snow,train,train,train/SNOW/rgb/184/00000062_rgb.png,train/SNOW/nir/184/00000062_nir.png,train/SNOW/gtSeg/184/00000062_mask.json,2048,1536
snow_seq184_00000063,snow_seq184,snow,train,train,train/SNOW/rgb/184/00000063_rgb.png,train/SNOW/nir/184/00000063_nir.png,train/SNOW/gtSeg/184/00000063_mask.json,2048,1536
snow_seq184_00000064,snow_seq184,snow,train,train,train/SNOW/rgb/184/00000064_rgb.png,train/SNOW/nir/184/00000064_nir.png,train/SNOW/gtSeg/184/00000064_mask.json,2048,1536
snow_seq184_00000065,snow_seq184,snow,train,train,train/SNOW/rgb/184/00000065_rgb.png,train/SNOW/nir/184/00000065_nir.png,train/SNOW/gtSeg/184/00000065_mask.json,2048,1536
snow_seq184_00000066,snow_seq184,snow,train,train,train/SNOW/rgb/184/00000066_rgb.png,train/SNOW/nir/184/00000066_nir.png,train/SNOW/gtSeg/184/00000066_mask.json,2048,1536
snow_seq184_00000067,snow_seq184,snow,train,train,train/SNOW/rgb/184/00000067_rgb.png,train/SNOW/nir/184/00000067_nir.png,train/SNOW/gtSeg/184/00000067_mask.json,2048,1536
snow_seq184_00000068,snow_seq184,snow,train,train,train/SNOW/rgb/184/00000068_rgb.png,train/SNOW/nir/184/00000068_nir.png,train/SNOW/gtSeg/184/00000068_mask.json,2048,1536
snow_seq184_00000069,snow_seq184,snow,train,train,train/SNOW/rgb/184/00000069_rgb.png,train/SNOW/nir/184/00000069_nir.png,train/SNOW/gtSeg/184/00000069_mask.json,2048,1536
snow_seq184_00000070,snow_seq184,snow,train,train,train/SNOW/rgb/184/00000070_rgb.png,train/SNOW/nir/184/00000070_nir.png,train/SNOW/gtSeg/184/00000070_mask.json,2048,1536
snow_seq184_00000071,snow_seq184,snow,train,train,train/SNOW/rgb/184/00000071_rgb.png,train/SNOW/nir/184/00000071_nir.png,train/SNOW/gtSeg/184/00000071_mask.json,2048,1536
snow_seq184_00000072,snow_seq184,snow,train,train,train/SNOW/rgb/184/00000072_rgb.png,train/SNOW/nir/184/00000072_nir.png,train/SNOW/gtSeg/184/00000072_mask.json,2048,1536
snow_seq184_00000073,snow_seq184,snow,train,train,train/SNOW/rgb/184/00000073_rgb.png,train/SNOW/nir/184/00000073_nir.png,train/SNOW/gtSeg/184/00000073_mask.json,2048,1536
snow_seq184_00000074,snow_seq184,snow,train,train,train/SNOW/rgb/184/00000074_rgb.png,train/SNOW/nir/184/00000074_nir.png,train/SNOW/gtSeg/184/00000074_mask.json,2048,1536
snow_seq184_00000075,snow_seq184,snow,train,train,train/SNOW/rgb/184/00000075_rgb.png,train/SNOW/nir/184/00000075_nir.png,train/SNOW/gtSeg/184/00000075_mask.json,2048,1536
snow_seq184_00000076,snow_seq184,snow,train,train,train/SNOW/rgb/184/00000076_rgb.png,train/SNOW/nir/184/00000076_nir.png,train/SNOW/gtSeg/184/00000076_mask.json,2048,1536
snow_seq184_00000077,snow_seq184,snow,train,train,train/SNOW/rgb/184/00000077_rgb.png,train/SNOW/nir/184/00000077_nir.png,train/SNOW/gtSeg/184/00000077_mask.json,2048,1536
snow_seq184_00000078,snow_seq184,snow,train,train,train/SNOW/rgb/184/00000078_rgb.png,train/SNOW/nir/184/00000078_nir.png,train/SNOW/gtSeg/184/00000078_mask.json,2048,1536
snow_seq184_00000079,snow_seq184,snow,train,train,train/SNOW/rgb/184/00000079_rgb.png,train/SNOW/nir/184/00000079_nir.png,train/SNOW/gtSeg/184/00000079_mask.json,2048,1536
snow_seq184_00000080,snow_seq184,snow,train,train,train/SNOW/rgb/184/00000080_rgb.png,train/SNOW/nir/184/00000080_nir.png,train/SNOW/gtSeg/184/00000080_mask.json,2048,1536
snow_seq184_00000081,snow_seq184,snow,train,train,train/SNOW/rgb/184/00000081_rgb.png,train/SNOW/nir/184/00000081_nir.png,train/SNOW/gtSeg/184/00000081_mask.json,2048,1536
snow_seq184_00000082,snow_seq184,snow,train,train,train/SNOW/rgb/184/00000082_rgb.png,train/SNOW/nir/184/00000082_nir.png,train/SNOW/gtSeg/184/00000082_mask.json,2048,1536
snow_seq184_00000083,snow_seq184,snow,train,train,train/SNOW/rgb/184/00000083_rgb.png,train/SNOW/nir/184/00000083_nir.png,train/SNOW/gtSeg/184/00000083_mask.json,2048,1536
snow_seq184_00000084,snow_seq184,snow,train,train,train/SNOW/rgb/184/00000084_rgb.png,train/SNOW/nir/184/00000084_nir.png,train/SNOW/gtSeg/184/00000084_mask.json,2048,1536
snow_seq184_00000085,snow_seq184,snow,train,train,train/SNOW/rgb/184/00000085_rgb.png,train/SNOW/nir/184/00000085_nir.png,train/SNOW/gtSeg/184/00000085_mask.json,2048,1536
snow_seq184_00000086,snow_seq184,snow,train,train,train/SNOW/rgb/184/00000086_rgb.png,train/SNOW/nir/184/00000086_nir.png,train/SNOW/gtSeg/184/00000086_mask.json,2048,1536
snow_seq184_00000087,snow_seq184,snow,train,train,train/SNOW/rgb/184/00000087_rgb.png,train/SNOW/nir/184/00000087_nir.png,train/SNOW/gtSeg/184/00000087_mask.json,2048,1536
snow_seq184_00000088,snow_seq184,snow,train,train,train/SNOW/rgb/184/00000088_rgb.png,train/SNOW/nir/184/00000088_nir.png,train/SNOW/gtSeg/184/00000088_mask.json,2048,1536
snow_seq184_00000089,snow_seq184,snow,train,train,train/SNOW/rgb/184/00000089_rgb.png,train/SNOW/nir/184/00000089_nir.png,train/SNOW/gtSeg/184/00000089_mask.json,2048,1536
snow_seq184_00000090,snow_seq184,snow,train,train,train/SNOW/rgb/184/00000090_rgb.png,train/SNOW/nir/184/00000090_nir.png,train/SNOW/gtSeg/184/00000090_mask.json,2048,1536
snow_seq184_00000091,snow_seq184,snow,train,train,train/SNOW/rgb/184/00000091_rgb.png,train/SNOW/nir/184/00000091_nir.png,train/SNOW/gtSeg/184/00000091_mask.json,2048,1536
snow_seq185_00000000,snow_seq185,snow,train,train,train/SNOW/rgb/185/00000000_rgb.png,train/SNOW/nir/185/00000000_nir.png,train/SNOW/gtSeg/185/00000000_mask.json,2048,1536
snow_seq185_00000001,snow_seq185,snow,train,train,train/SNOW/rgb/185/00000001_rgb.png,train/SNOW/nir/185/00000001_nir.png,train/SNOW/gtSeg/185/00000001_mask.json,2048,1536
snow_seq185_00000002,snow_seq185,snow,train,train,train/SNOW/rgb/185/00000002_rgb.png,train/SNOW/nir/185/00000002_nir.png,train/SNOW/gtSeg/185/00000002_mask.json,2048,1536
snow_seq185_00000003,snow_seq185,snow,train,train,train/SNOW/rgb/185/00000003_rgb.png,train/SNOW/nir/185/00000003_nir.png,train/SNOW/gtSeg/185/00000003_mask.json,2048,1536
snow_seq185_00000004,snow_seq185,snow,train,train,train/SNOW/rgb/185/00000004_rgb.png,train/SNOW/nir/185/00000004_nir.png,train/SNOW/gtSeg/185/00000004_mask.json,2048,1536
snow_seq185_00000005,snow_seq185,snow,train,train,train/SNOW/rgb/185/00000005_rgb.png,train/SNOW/nir/185/00000005_nir.png,train/SNOW/gtSeg/185/00000005_mask.json,2048,1536
snow_seq185_00000006,snow_seq185,snow,train,train,train/SNOW/rgb/185/00000006_rgb.png,train/SNOW/nir/185/00000006_nir.png,train/SNOW/gtSeg/185/00000006_mask.json,2048,1536
snow_seq185_00000007,snow_seq185,snow,train,train,train/SNOW/rgb/185/00000007_rgb.png,train/SNOW/nir/185/00000007_nir.png,train/SNOW/gtSeg/185/00000007_mask.json,2048,1536
snow_seq185_00000008,snow_seq185,snow,train,train,train/SNOW/rgb/185/00000008_rgb.png,train/SNOW/nir/185/00000008_nir.png,train/SNOW/gtSeg/185/00000008_mask.json,2048,1536
snow_seq185_00000009,snow_seq185,snow,train,train,train/SNOW/rgb/185/00000009_rgb.png,train/SNOW/nir/185/00000009_nir.png,train/SNOW/gtSeg/185/00000009_mask.json,2048,1536
snow_seq185_00000010,snow_seq185,snow,train,train,train/SNOW/rgb/185/00000010_rgb.png,train/SNOW/nir/185/00000010_nir.png,train/SNOW/gtSeg/185/00000010_mask.json,2048,1536
snow_seq185_00000011,snow_seq185,snow,train,train,train/SNOW/rgb/185/00000011_rgb.png,train/SNOW/nir/185/00000011_nir.png,train/SNOW/gtSeg/185/00000011_mask.json,2048,1536
snow_seq185_00000012,snow_seq185,snow,train,train,train/SNOW/rgb/185/00000012_rgb.png,train/SNOW/nir/185/00000012_nir.png,train/SNOW/gtSeg/185/00000012_mask.json,2048,1536
snow_seq185_00000013,snow_seq185,snow,train,train,train/SNOW/rgb/185/00000013_rgb.png,train/SNOW/nir/185/00000013_nir.png,train/SNOW/gtSeg/185/00000013_mask.json,2048,1536
snow_seq185_00000014,snow_seq185,snow,train,train,train/SNOW/rgb/185/00000014_rgb.png,train/SNOW/nir/185/00000014_nir.png,train/SNOW/gtSeg/185/00000014_mask.json,2048,1536
snow_seq185_00000015,snow_seq185,snow,train,train,train/SNOW/rgb/185/00000015_rgb.png,train/SNOW/nir/185/00000015_nir.png,train/SNOW/gtSeg/185/00000015_mask.json,2048,1536
snow_seq185_00000016,snow_seq185,snow,train,train,train/SNOW/rgb/185/00000016_rgb.png,train/SNOW/nir/185/00000016_nir.png,train/SNOW/gtSeg/185/00000016_mask.json,2048,1536
snow_seq185_00000017,snow_seq185,snow,train,train,train/SNOW/rgb/185/00000017_rgb.png,train/SNOW/nir/185/00000017_nir.png,train/SNOW/gtSeg/185/00000017_mask.json,2048,1536
snow_seq185_00000018,snow_seq185,snow,train,train,train/SNOW/rgb/185/00000018_rgb.png,train/SNOW/nir/185/00000018_nir.png,train/SNOW/gtSeg/185/00000018_mask.json,2048,1536
snow_seq185_00000019,snow_seq185,snow,train,train,train/SNOW/rgb/185/00000019_rgb.png,train/SNOW/nir/185/00000019_nir.png,train/SNOW/gtSeg/185/00000019_mask.json,2048,1536
snow_seq185_00000020,snow_seq185,snow,train,train,train/SNOW/rgb/185/00000020_rgb.png,train/SNOW/nir/185/00000020_nir.png,train/SNOW/gtSeg/185/00000020_mask.json,2048,1536
snow_seq185_00000021,snow_seq185,snow,train,train,train/SNOW/rgb/185/00000021_rgb.png,train/SNOW/nir/185/00000021_nir.png,train/SNOW/gtSeg/185/00000021_mask.json,2048,1536
snow_seq185_00000022,snow_seq185,snow,train,train,train/SNOW/rgb/185/00000022_rgb.png,train/SNOW/nir/185/00000022_nir.png,train/SNOW/gtSeg/185/00000022_mask.json,2048,1536
snow_seq185_00000023,snow_seq185,snow,train,train,train/SNOW/rgb/185/00000023_rgb.png,train/SNOW/nir/185/00000023_nir.png,train/SNOW/gtSeg/185/00000023_mask.json,2048,1536
snow_seq185_00000024,snow_seq185,snow,train,train,train/SNOW/rgb/185/00000024_rgb.png,train/SNOW/nir/185/00000024_nir.png,train/SNOW/gtSeg/185/00000024_mask.json,2048,1536
snow_seq185_00000025,snow_seq185,snow,train,train,train/SNOW/rgb/185/00000025_rgb.png,train/SNOW/nir/185/00000025_nir.png,train/SNOW/gtSeg/185/00000025_mask.json,2048,1536
snow_seq185_00000026,snow_seq185,snow,train,train,train/SNOW/rgb/185/00000026_rgb.png,train/SNOW/nir/185/00000026_nir.png,train/SNOW/gtSeg/185/00000026_mask.json,2048,1536
snow_seq185_00000027,snow_seq185,snow,train,train,train/SNOW/rgb/185/00000027_rgb.png,train/SNOW/nir/185/00000027_nir.png,train/SNOW/gtSeg/185/00000027_mask.json,2048,1536
snow_seq185_00000028,snow_seq185,snow,train,train,train/SNOW/rgb/185/00000028_rgb.png,train/SNOW/nir/185/00000028_nir.png,train/SNOW/gtSeg/185/00000028_mask.json,2048,1536
snow_seq185_00000029,snow_seq185,snow,train,train,train/SNOW/rgb/185/00000029_rgb.png,train/SNOW/nir/185/00000029_nir.png,train/SNOW/gtSeg/185/00000029_mask.json,2048,1536
snow_seq185_00000030,snow_seq185,snow,train,train,train/SNOW/rgb/185/00000030_rgb.png,train/SNOW/nir/185/00000030_nir.png,train/SNOW/gtSeg/185/00000030_mask.json,2048,1536
snow_seq185_00000031,snow_seq185,snow,train,train,train/SNOW/rgb/185/00000031_rgb.png,train/SNOW/nir/185/00000031_nir.png,train/SNOW/gtSeg/185/00000031_mask.json,2048,1536
snow_seq185_00000032,snow_seq185,snow,train,train,train/SNOW/rgb/185/00000032_rgb.png,train/SNOW/nir/185/00000032_nir.png,train/SNOW/gtSeg/185/00000032_mask.json,2048,1536
snow_seq185_00000033,snow_seq185,snow,train,train,train/SNOW/rgb/185/00000033_rgb.png,train/SNOW/nir/185/00000033_nir.png,train/SNOW/gtSeg/185/00000033_mask.json,2048,1536
snow_seq185_00000034,snow_seq185,snow,train,train,train/SNOW/rgb/185/00000034_rgb.png,train/SNOW/nir/185/00000034_nir.png,train/SNOW/gtSeg/185/00000034_mask.json,2048,1536
snow_seq185_00000035,snow_seq185,snow,train,train,train/SNOW/rgb/185/00000035_rgb.png,train/SNOW/nir/185/00000035_nir.png,train/SNOW/gtSeg/185/00000035_mask.json,2048,1536
snow_seq186_00000000,snow_seq186,snow,train,val,train/SNOW/rgb/186/00000000_rgb.png,train/SNOW/nir/186/00000000_nir.png,train/SNOW/gtSeg/186/00000000_mask.json,2048,1536
snow_seq186_00000001,snow_seq186,snow,train,val,train/SNOW/rgb/186/00000001_rgb.png,train/SNOW/nir/186/00000001_nir.png,train/SNOW/gtSeg/186/00000001_mask.json,2048,1536
snow_seq186_00000002,snow_seq186,snow,train,val,train/SNOW/rgb/186/00000002_rgb.png,train/SNOW/nir/186/00000002_nir.png,train/SNOW/gtSeg/186/00000002_mask.json,2048,1536
snow_seq186_00000003,snow_seq186,snow,train,val,train/SNOW/rgb/186/00000003_rgb.png,train/SNOW/nir/186/00000003_nir.png,train/SNOW/gtSeg/186/00000003_mask.json,2048,1536
snow_seq186_00000004,snow_seq186,snow,train,val,train/SNOW/rgb/186/00000004_rgb.png,train/SNOW/nir/186/00000004_nir.png,train/SNOW/gtSeg/186/00000004_mask.json,2048,1536
snow_seq186_00000005,snow_seq186,snow,train,val,train/SNOW/rgb/186/00000005_rgb.png,train/SNOW/nir/186/00000005_nir.png,train/SNOW/gtSeg/186/00000005_mask.json,2048,1536
snow_seq186_00000006,snow_seq186,snow,train,val,train/SNOW/rgb/186/00000006_rgb.png,train/SNOW/nir/186/00000006_nir.png,train/SNOW/gtSeg/186/00000006_mask.json,2048,1536
snow_seq186_00000007,snow_seq186,snow,train,val,train/SNOW/rgb/186/00000007_rgb.png,train/SNOW/nir/186/00000007_nir.png,train/SNOW/gtSeg/186/00000007_mask.json,2048,1536
snow_seq186_00000008,snow_seq186,snow,train,val,train/SNOW/rgb/186/00000008_rgb.png,train/SNOW/nir/186/00000008_nir.png,train/SNOW/gtSeg/186/00000008_mask.json,2048,1536
snow_seq186_00000009,snow_seq186,snow,train,val,train/SNOW/rgb/186/00000009_rgb.png,train/SNOW/nir/186/00000009_nir.png,train/SNOW/gtSeg/186/00000009_mask.json,2048,1536
snow_seq186_00000010,snow_seq186,snow,train,val,train/SNOW/rgb/186/00000010_rgb.png,train/SNOW/nir/186/00000010_nir.png,train/SNOW/gtSeg/186/00000010_mask.json,2048,1536
snow_seq186_00000011,snow_seq186,snow,train,val,train/SNOW/rgb/186/00000011_rgb.png,train/SNOW/nir/186/00000011_nir.png,train/SNOW/gtSeg/186/00000011_mask.json,2048,1536
snow_seq186_00000012,snow_seq186,snow,train,val,train/SNOW/rgb/186/00000012_rgb.png,train/SNOW/nir/186/00000012_nir.png,train/SNOW/gtSeg/186/00000012_mask.json,2048,1536
snow_seq186_00000013,snow_seq186,snow,train,val,train/SNOW/rgb/186/00000013_rgb.png,train/SNOW/nir/186/00000013_nir.png,train/SNOW/gtSeg/186/00000013_mask.json,2048,1536
snow_seq186_00000014,snow_seq186,snow,train,val,train/SNOW/rgb/186/00000014_rgb.png,train/SNOW/nir/186/00000014_nir.png,train/SNOW/gtSeg/186/00000014_mask.json,2048,1536
snow_seq186_00000015,snow_seq186,snow,train,val,train/SNOW/rgb/186/00000015_rgb.png,train/SNOW/nir/186/00000015_nir.png,train/SNOW/gtSeg/186/00000015_mask.json,2048,1536
snow_seq186_00000016,snow_seq186,snow,train,val,train/SNOW/rgb/186/00000016_rgb.png,train/SNOW/nir/186/00000016_nir.png,train/SNOW/gtSeg/186/00000016_mask.json,2048,1536
snow_seq186_00000017,snow_seq186,snow,train,val,train/SNOW/rgb/186/00000017_rgb.png,train/SNOW/nir/186/00000017_nir.png,train/SNOW/gtSeg/186/00000017_mask.json,2048,1536
snow_seq186_00000018,snow_seq186,snow,train,val,train/SNOW/rgb/186/00000018_rgb.png,train/SNOW/nir/186/00000018_nir.png,train/SNOW/gtSeg/186/00000018_mask.json,2048,1536
snow_seq186_00000019,snow_seq186,snow,train,val,train/SNOW/rgb/186/00000019_rgb.png,train/SNOW/nir/186/00000019_nir.png,train/SNOW/gtSeg/186/00000019_mask.json,2048,1536
snow_seq186_00000020,snow_seq186,snow,train,val,train/SNOW/rgb/186/00000020_rgb.png,train/SNOW/nir/186/00000020_nir.png,train/SNOW/gtSeg/186/00000020_mask.json,2048,1536
snow_seq186_00000021,snow_seq186,snow,train,val,train/SNOW/rgb/186/00000021_rgb.png,train/SNOW/nir/186/00000021_nir.png,train/SNOW/gtSeg/186/00000021_mask.json,2048,1536
snow_seq186_00000022,snow_seq186,snow,train,val,train/SNOW/rgb/186/00000022_rgb.png,train/SNOW/nir/186/00000022_nir.png,train/SNOW/gtSeg/186/00000022_mask.json,2048,1536
snow_seq186_00000023,snow_seq186,snow,train,val,train/SNOW/rgb/186/00000023_rgb.png,train/SNOW/nir/186/00000023_nir.png,train/SNOW/gtSeg/186/00000023_mask.json,2048,1536
snow_seq186_00000024,snow_seq186,snow,train,val,train/SNOW/rgb/186/00000024_rgb.png,train/SNOW/nir/186/00000024_nir.png,train/SNOW/gtSeg/186/00000024_mask.json,2048,1536
snow_seq186_00000025,snow_seq186,snow,train,val,train/SNOW/rgb/186/00000025_rgb.png,train/SNOW/nir/186/00000025_nir.png,train/SNOW/gtSeg/186/00000025_mask.json,2048,1536
snow_seq186_00000026,snow_seq186,snow,train,val,train/SNOW/rgb/186/00000026_rgb.png,train/SNOW/nir/186/00000026_nir.png,train/SNOW/gtSeg/186/00000026_mask.json,2048,1536
snow_seq186_00000027,snow_seq186,snow,train,val,train/SNOW/rgb/186/00000027_rgb.png,train/SNOW/nir/186/00000027_nir.png,train/SNOW/gtSeg/186/00000027_mask.json,2048,1536
snow_seq186_00000028,snow_seq186,snow,train,val,train/SNOW/rgb/186/00000028_rgb.png,train/SNOW/nir/186/00000028_nir.png,train/SNOW/gtSeg/186/00000028_mask.json,2048,1536
snow_seq186_00000029,snow_seq186,snow,train,val,train/SNOW/rgb/186/00000029_rgb.png,train/SNOW/nir/186/00000029_nir.png,train/SNOW/gtSeg/186/00000029_mask.json,2048,1536
snow_seq186_00000030,snow_seq186,snow,train,val,train/SNOW/rgb/186/00000030_rgb.png,train/SNOW/nir/186/00000030_nir.png,train/SNOW/gtSeg/186/00000030_mask.json,2048,1536
snow_seq186_00000031,snow_seq186,snow,train,val,train/SNOW/rgb/186/00000031_rgb.png,train/SNOW/nir/186/00000031_nir.png,train/SNOW/gtSeg/186/00000031_mask.json,2048,1536
snow_seq186_00000032,snow_seq186,snow,train,val,train/SNOW/rgb/186/00000032_rgb.png,train/SNOW/nir/186/00000032_nir.png,train/SNOW/gtSeg/186/00000032_mask.json,2048,1536
snow_seq186_00000033,snow_seq186,snow,train,val,train/SNOW/rgb/186/00000033_rgb.png,train/SNOW/nir/186/00000033_nir.png,train/SNOW/gtSeg/186/00000033_mask.json,2048,1536
snow_seq186_00000034,snow_seq186,snow,train,val,train/SNOW/rgb/186/00000034_rgb.png,train/SNOW/nir/186/00000034_nir.png,train/SNOW/gtSeg/186/00000034_mask.json,2048,1536
snow_seq186_00000035,snow_seq186,snow,train,val,train/SNOW/rgb/186/00000035_rgb.png,train/SNOW/nir/186/00000035_nir.png,train/SNOW/gtSeg/186/00000035_mask.json,2048,1536
snow_seq186_00000036,snow_seq186,snow,train,val,train/SNOW/rgb/186/00000036_rgb.png,train/SNOW/nir/186/00000036_nir.png,train/SNOW/gtSeg/186/00000036_mask.json,2048,1536
snow_seq186_00000037,snow_seq186,snow,train,val,train/SNOW/rgb/186/00000037_rgb.png,train/SNOW/nir/186/00000037_nir.png,train/SNOW/gtSeg/186/00000037_mask.json,2048,1536
snow_seq186_00000038,snow_seq186,snow,train,val,train/SNOW/rgb/186/00000038_rgb.png,train/SNOW/nir/186/00000038_nir.png,train/SNOW/gtSeg/186/00000038_mask.json,2048,1536
snow_seq186_00000039,snow_seq186,snow,train,val,train/SNOW/rgb/186/00000039_rgb.png,train/SNOW/nir/186/00000039_nir.png,train/SNOW/gtSeg/186/00000039_mask.json,2048,1536
snow_seq186_00000040,snow_seq186,snow,train,val,train/SNOW/rgb/186/00000040_rgb.png,train/SNOW/nir/186/00000040_nir.png,train/SNOW/gtSeg/186/00000040_mask.json,2048,1536
snow_seq186_00000041,snow_seq186,snow,train,val,train/SNOW/rgb/186/00000041_rgb.png,train/SNOW/nir/186/00000041_nir.png,train/SNOW/gtSeg/186/00000041_mask.json,2048,1536
snow_seq186_00000042,snow_seq186,snow,train,val,train/SNOW/rgb/186/00000042_rgb.png,train/SNOW/nir/186/00000042_nir.png,train/SNOW/gtSeg/186/00000042_mask.json,2048,1536
snow_seq186_00000043,snow_seq186,snow,train,val,train/SNOW/rgb/186/00000043_rgb.png,train/SNOW/nir/186/00000043_nir.png,train/SNOW/gtSeg/186/00000043_mask.json,2048,1536
snow_seq186_00000044,snow_seq186,snow,train,val,train/SNOW/rgb/186/00000044_rgb.png,train/SNOW/nir/186/00000044_nir.png,train/SNOW/gtSeg/186/00000044_mask.json,2048,1536
snow_seq186_00000045,snow_seq186,snow,train,val,train/SNOW/rgb/186/00000045_rgb.png,train/SNOW/nir/186/00000045_nir.png,train/SNOW/gtSeg/186/00000045_mask.json,2048,1536
snow_seq186_00000046,snow_seq186,snow,train,val,train/SNOW/rgb/186/00000046_rgb.png,train/SNOW/nir/186/00000046_nir.png,train/SNOW/gtSeg/186/00000046_mask.json,2048,1536
snow_seq186_00000047,snow_seq186,snow,train,val,train/SNOW/rgb/186/00000047_rgb.png,train/SNOW/nir/186/00000047_nir.png,train/SNOW/gtSeg/186/00000047_mask.json,2048,1536
snow_seq186_00000048,snow_seq186,snow,train,val,train/SNOW/rgb/186/00000048_rgb.png,train/SNOW/nir/186/00000048_nir.png,train/SNOW/gtSeg/186/00000048_mask.json,2048,1536
snow_seq186_00000049,snow_seq186,snow,train,val,train/SNOW/rgb/186/00000049_rgb.png,train/SNOW/nir/186/00000049_nir.png,train/SNOW/gtSeg/186/00000049_mask.json,2048,1536
snow_seq186_00000050,snow_seq186,snow,train,val,train/SNOW/rgb/186/00000050_rgb.png,train/SNOW/nir/186/00000050_nir.png,train/SNOW/gtSeg/186/00000050_mask.json,2048,1536
snow_seq187_00000000,snow_seq187,snow,train,test,train/SNOW/rgb/187/00000000_rgb.png,train/SNOW/nir/187/00000000_nir.png,train/SNOW/gtSeg/187/00000000_mask.json,2048,1536
snow_seq187_00000001,snow_seq187,snow,train,test,train/SNOW/rgb/187/00000001_rgb.png,train/SNOW/nir/187/00000001_nir.png,train/SNOW/gtSeg/187/00000001_mask.json,2048,1536
snow_seq187_00000002,snow_seq187,snow,train,test,train/SNOW/rgb/187/00000002_rgb.png,train/SNOW/nir/187/00000002_nir.png,train/SNOW/gtSeg/187/00000002_mask.json,2048,1536
snow_seq187_00000003,snow_seq187,snow,train,test,train/SNOW/rgb/187/00000003_rgb.png,train/SNOW/nir/187/00000003_nir.png,train/SNOW/gtSeg/187/00000003_mask.json,2048,1536
snow_seq187_00000004,snow_seq187,snow,train,test,train/SNOW/rgb/187/00000004_rgb.png,train/SNOW/nir/187/00000004_nir.png,train/SNOW/gtSeg/187/00000004_mask.json,2048,1536
snow_seq187_00000005,snow_seq187,snow,train,test,train/SNOW/rgb/187/00000005_rgb.png,train/SNOW/nir/187/00000005_nir.png,train/SNOW/gtSeg/187/00000005_mask.json,2048,1536
snow_seq187_00000006,snow_seq187,snow,train,test,train/SNOW/rgb/187/00000006_rgb.png,train/SNOW/nir/187/00000006_nir.png,train/SNOW/gtSeg/187/00000006_mask.json,2048,1536
snow_seq187_00000007,snow_seq187,snow,train,test,train/SNOW/rgb/187/00000007_rgb.png,train/SNOW/nir/187/00000007_nir.png,train/SNOW/gtSeg/187/00000007_mask.json,2048,1536
snow_seq187_00000008,snow_seq187,snow,train,test,train/SNOW/rgb/187/00000008_rgb.png,train/SNOW/nir/187/00000008_nir.png,train/SNOW/gtSeg/187/00000008_mask.json,2048,1536
snow_seq187_00000009,snow_seq187,snow,train,test,train/SNOW/rgb/187/00000009_rgb.png,train/SNOW/nir/187/00000009_nir.png,train/SNOW/gtSeg/187/00000009_mask.json,2048,1536
snow_seq187_00000010,snow_seq187,snow,train,test,train/SNOW/rgb/187/00000010_rgb.png,train/SNOW/nir/187/00000010_nir.png,train/SNOW/gtSeg/187/00000010_mask.json,2048,1536
snow_seq187_00000011,snow_seq187,snow,train,test,train/SNOW/rgb/187/00000011_rgb.png,train/SNOW/nir/187/00000011_nir.png,train/SNOW/gtSeg/187/00000011_mask.json,2048,1536
snow_seq187_00000012,snow_seq187,snow,train,test,train/SNOW/rgb/187/00000012_rgb.png,train/SNOW/nir/187/00000012_nir.png,train/SNOW/gtSeg/187/00000012_mask.json,2048,1536
snow_seq187_00000013,snow_seq187,snow,train,test,train/SNOW/rgb/187/00000013_rgb.png,train/SNOW/nir/187/00000013_nir.png,train/SNOW/gtSeg/187/00000013_mask.json,2048,1536
snow_seq187_00000014,snow_seq187,snow,train,test,train/SNOW/rgb/187/00000014_rgb.png,train/SNOW/nir/187/00000014_nir.png,train/SNOW/gtSeg/187/00000014_mask.json,2048,1536
snow_seq187_00000015,snow_seq187,snow,train,test,train/SNOW/rgb/187/00000015_rgb.png,train/SNOW/nir/187/00000015_nir.png,train/SNOW/gtSeg/187/00000015_mask.json,2048,1536
snow_seq187_00000016,snow_seq187,snow,train,test,train/SNOW/rgb/187/00000016_rgb.png,train/SNOW/nir/187/00000016_nir.png,train/SNOW/gtSeg/187/00000016_mask.json,2048,1536
snow_seq187_00000017,snow_seq187,snow,train,test,train/SNOW/rgb/187/00000017_rgb.png,train/SNOW/nir/187/00000017_nir.png,train/SNOW/gtSeg/187/00000017_mask.json,2048,1536
snow_seq187_00000018,snow_seq187,snow,train,test,train/SNOW/rgb/187/00000018_rgb.png,train/SNOW/nir/187/00000018_nir.png,train/SNOW/gtSeg/187/00000018_mask.json,2048,1536
snow_seq187_00000019,snow_seq187,snow,train,test,train/SNOW/rgb/187/00000019_rgb.png,train/SNOW/nir/187/00000019_nir.png,train/SNOW/gtSeg/187/00000019_mask.json,2048,1536
snow_seq187_00000020,snow_seq187,snow,train,test,train/SNOW/rgb/187/00000020_rgb.png,train/SNOW/nir/187/00000020_nir.png,train/SNOW/gtSeg/187/00000020_mask.json,2048,1536
snow_seq187_00000021,snow_seq187,snow,train,test,train/SNOW/rgb/187/00000021_rgb.png,train/SNOW/nir/187/00000021_nir.png,train/SNOW/gtSeg/187/00000021_mask.json,2048,1536
snow_seq187_00000022,snow_seq187,snow,train,test,train/SNOW/rgb/187/00000022_rgb.png,train/SNOW/nir/187/00000022_nir.png,train/SNOW/gtSeg/187/00000022_mask.json,2048,1536
snow_seq187_00000023,snow_seq187,snow,train,test,train/SNOW/rgb/187/00000023_rgb.png,train/SNOW/nir/187/00000023_nir.png,train/SNOW/gtSeg/187/00000023_mask.json,2048,1536
snow_seq187_00000024,snow_seq187,snow,train,test,train/SNOW/rgb/187/00000024_rgb.png,train/SNOW/nir/187/00000024_nir.png,train/SNOW/gtSeg/187/00000024_mask.json,2048,1536
snow_seq187_00000025,snow_seq187,snow,train,test,train/SNOW/rgb/187/00000025_rgb.png,train/SNOW/nir/187/00000025_nir.png,train/SNOW/gtSeg/187/00000025_mask.json,2048,1536
snow_seq187_00000026,snow_seq187,snow,train,test,train/SNOW/rgb/187/00000026_rgb.png,train/SNOW/nir/187/00000026_nir.png,train/SNOW/gtSeg/187/00000026_mask.json,2048,1536
snow_seq188_00000000,snow_seq188,snow,train,val,train/SNOW/rgb/188/00000000_rgb.png,train/SNOW/nir/188/00000000_nir.png,train/SNOW/gtSeg/188/00000000_mask.json,2048,1536
snow_seq188_00000001,snow_seq188,snow,train,val,train/SNOW/rgb/188/00000001_rgb.png,train/SNOW/nir/188/00000001_nir.png,train/SNOW/gtSeg/188/00000001_mask.json,2048,1536
snow_seq188_00000002,snow_seq188,snow,train,val,train/SNOW/rgb/188/00000002_rgb.png,train/SNOW/nir/188/00000002_nir.png,train/SNOW/gtSeg/188/00000002_mask.json,2048,1536
snow_seq188_00000003,snow_seq188,snow,train,val,train/SNOW/rgb/188/00000003_rgb.png,train/SNOW/nir/188/00000003_nir.png,train/SNOW/gtSeg/188/00000003_mask.json,2048,1536
snow_seq188_00000004,snow_seq188,snow,train,val,train/SNOW/rgb/188/00000004_rgb.png,train/SNOW/nir/188/00000004_nir.png,train/SNOW/gtSeg/188/00000004_mask.json,2048,1536
snow_seq188_00000005,snow_seq188,snow,train,val,train/SNOW/rgb/188/00000005_rgb.png,train/SNOW/nir/188/00000005_nir.png,train/SNOW/gtSeg/188/00000005_mask.json,2048,1536
snow_seq188_00000006,snow_seq188,snow,train,val,train/SNOW/rgb/188/00000006_rgb.png,train/SNOW/nir/188/00000006_nir.png,train/SNOW/gtSeg/188/00000006_mask.json,2048,1536
snow_seq188_00000007,snow_seq188,snow,train,val,train/SNOW/rgb/188/00000007_rgb.png,train/SNOW/nir/188/00000007_nir.png,train/SNOW/gtSeg/188/00000007_mask.json,2048,1536
snow_seq188_00000008,snow_seq188,snow,train,val,train/SNOW/rgb/188/00000008_rgb.png,train/SNOW/nir/188/00000008_nir.png,train/SNOW/gtSeg/188/00000008_mask.json,2048,1536
snow_seq188_00000009,snow_seq188,snow,train,val,train/SNOW/rgb/188/00000009_rgb.png,train/SNOW/nir/188/00000009_nir.png,train/SNOW/gtSeg/188/00000009_mask.json,2048,1536
snow_seq188_00000010,snow_seq188,snow,train,val,train/SNOW/rgb/188/00000010_rgb.png,train/SNOW/nir/188/00000010_nir.png,train/SNOW/gtSeg/188/00000010_mask.json,2048,1536
snow_seq188_00000011,snow_seq188,snow,train,val,train/SNOW/rgb/188/00000011_rgb.png,train/SNOW/nir/188/00000011_nir.png,train/SNOW/gtSeg/188/00000011_mask.json,2048,1536
snow_seq188_00000012,snow_seq188,snow,train,val,train/SNOW/rgb/188/00000012_rgb.png,train/SNOW/nir/188/00000012_nir.png,train/SNOW/gtSeg/188/00000012_mask.json,2048,1536
snow_seq188_00000013,snow_seq188,snow,train,val,train/SNOW/rgb/188/00000013_rgb.png,train/SNOW/nir/188/00000013_nir.png,train/SNOW/gtSeg/188/00000013_mask.json,2048,1536
snow_seq188_00000014,snow_seq188,snow,train,val,train/SNOW/rgb/188/00000014_rgb.png,train/SNOW/nir/188/00000014_nir.png,train/SNOW/gtSeg/188/00000014_mask.json,2048,1536
snow_seq188_00000015,snow_seq188,snow,train,val,train/SNOW/rgb/188/00000015_rgb.png,train/SNOW/nir/188/00000015_nir.png,train/SNOW/gtSeg/188/00000015_mask.json,2048,1536
snow_seq188_00000016,snow_seq188,snow,train,val,train/SNOW/rgb/188/00000016_rgb.png,train/SNOW/nir/188/00000016_nir.png,train/SNOW/gtSeg/188/00000016_mask.json,2048,1536
snow_seq188_00000017,snow_seq188,snow,train,val,train/SNOW/rgb/188/00000017_rgb.png,train/SNOW/nir/188/00000017_nir.png,train/SNOW/gtSeg/188/00000017_mask.json,2048,1536
snow_seq188_00000018,snow_seq188,snow,train,val,train/SNOW/rgb/188/00000018_rgb.png,train/SNOW/nir/188/00000018_nir.png,train/SNOW/gtSeg/188/00000018_mask.json,2048,1536
snow_seq188_00000019,snow_seq188,snow,train,val,train/SNOW/rgb/188/00000019_rgb.png,train/SNOW/nir/188/00000019_nir.png,train/SNOW/gtSeg/188/00000019_mask.json,2048,1536
snow_seq188_00000020,snow_seq188,snow,train,val,train/SNOW/rgb/188/00000020_rgb.png,train/SNOW/nir/188/00000020_nir.png,train/SNOW/gtSeg/188/00000020_mask.json,2048,1536
snow_seq188_00000021,snow_seq188,snow,train,val,train/SNOW/rgb/188/00000021_rgb.png,train/SNOW/nir/188/00000021_nir.png,train/SNOW/gtSeg/188/00000021_mask.json,2048,1536
snow_seq188_00000022,snow_seq188,snow,train,val,train/SNOW/rgb/188/00000022_rgb.png,train/SNOW/nir/188/00000022_nir.png,train/SNOW/gtSeg/188/00000022_mask.json,2048,1536
snow_seq188_00000023,snow_seq188,snow,train,val,train/SNOW/rgb/188/00000023_rgb.png,train/SNOW/nir/188/00000023_nir.png,train/SNOW/gtSeg/188/00000023_mask.json,2048,1536
snow_seq188_00000024,snow_seq188,snow,train,val,train/SNOW/rgb/188/00000024_rgb.png,train/SNOW/nir/188/00000024_nir.png,train/SNOW/gtSeg/188/00000024_mask.json,2048,1536
snow_seq188_00000025,snow_seq188,snow,train,val,train/SNOW/rgb/188/00000025_rgb.png,train/SNOW/nir/188/00000025_nir.png,train/SNOW/gtSeg/188/00000025_mask.json,2048,1536
snow_seq188_00000026,snow_seq188,snow,train,val,train/SNOW/rgb/188/00000026_rgb.png,train/SNOW/nir/188/00000026_nir.png,train/SNOW/gtSeg/188/00000026_mask.json,2048,1536
snow_seq188_00000027,snow_seq188,snow,train,val,train/SNOW/rgb/188/00000027_rgb.png,train/SNOW/nir/188/00000027_nir.png,train/SNOW/gtSeg/188/00000027_mask.json,2048,1536
snow_seq188_00000028,snow_seq188,snow,train,val,train/SNOW/rgb/188/00000028_rgb.png,train/SNOW/nir/188/00000028_nir.png,train/SNOW/gtSeg/188/00000028_mask.json,2048,1536
snow_seq188_00000029,snow_seq188,snow,train,val,train/SNOW/rgb/188/00000029_rgb.png,train/SNOW/nir/188/00000029_nir.png,train/SNOW/gtSeg/188/00000029_mask.json,2048,1536
snow_seq188_00000030,snow_seq188,snow,train,val,train/SNOW/rgb/188/00000030_rgb.png,train/SNOW/nir/188/00000030_nir.png,train/SNOW/gtSeg/188/00000030_mask.json,2048,1536
snow_seq188_00000031,snow_seq188,snow,train,val,train/SNOW/rgb/188/00000031_rgb.png,train/SNOW/nir/188/00000031_nir.png,train/SNOW/gtSeg/188/00000031_mask.json,2048,1536
snow_seq188_00000032,snow_seq188,snow,train,val,train/SNOW/rgb/188/00000032_rgb.png,train/SNOW/nir/188/00000032_nir.png,train/SNOW/gtSeg/188/00000032_mask.json,2048,1536
snow_seq190_00000000,snow_seq190,snow,train,train,train/SNOW/rgb/190/00000000_rgb.png,train/SNOW/nir/190/00000000_nir.png,train/SNOW/gtSeg/190/00000000_mask.json,2048,1536
snow_seq190_00000001,snow_seq190,snow,train,train,train/SNOW/rgb/190/00000001_rgb.png,train/SNOW/nir/190/00000001_nir.png,train/SNOW/gtSeg/190/00000001_mask.json,2048,1536
snow_seq190_00000002,snow_seq190,snow,train,train,train/SNOW/rgb/190/00000002_rgb.png,train/SNOW/nir/190/00000002_nir.png,train/SNOW/gtSeg/190/00000002_mask.json,2048,1536
snow_seq190_00000003,snow_seq190,snow,train,train,train/SNOW/rgb/190/00000003_rgb.png,train/SNOW/nir/190/00000003_nir.png,train/SNOW/gtSeg/190/00000003_mask.json,2048,1536
snow_seq190_00000004,snow_seq190,snow,train,train,train/SNOW/rgb/190/00000004_rgb.png,train/SNOW/nir/190/00000004_nir.png,train/SNOW/gtSeg/190/00000004_mask.json,2048,1536
snow_seq190_00000005,snow_seq190,snow,train,train,train/SNOW/rgb/190/00000005_rgb.png,train/SNOW/nir/190/00000005_nir.png,train/SNOW/gtSeg/190/00000005_mask.json,2048,1536
snow_seq190_00000006,snow_seq190,snow,train,train,train/SNOW/rgb/190/00000006_rgb.png,train/SNOW/nir/190/00000006_nir.png,train/SNOW/gtSeg/190/00000006_mask.json,2048,1536
snow_seq190_00000007,snow_seq190,snow,train,train,train/SNOW/rgb/190/00000007_rgb.png,train/SNOW/nir/190/00000007_nir.png,train/SNOW/gtSeg/190/00000007_mask.json,2048,1536
snow_seq190_00000008,snow_seq190,snow,train,train,train/SNOW/rgb/190/00000008_rgb.png,train/SNOW/nir/190/00000008_nir.png,train/SNOW/gtSeg/190/00000008_mask.json,2048,1536
snow_seq190_00000009,snow_seq190,snow,train,train,train/SNOW/rgb/190/00000009_rgb.png,train/SNOW/nir/190/00000009_nir.png,train/SNOW/gtSeg/190/00000009_mask.json,2048,1536
snow_seq190_00000010,snow_seq190,snow,train,train,train/SNOW/rgb/190/00000010_rgb.png,train/SNOW/nir/190/00000010_nir.png,train/SNOW/gtSeg/190/00000010_mask.json,2048,1536
snow_seq190_00000011,snow_seq190,snow,train,train,train/SNOW/rgb/190/00000011_rgb.png,train/SNOW/nir/190/00000011_nir.png,train/SNOW/gtSeg/190/00000011_mask.json,2048,1536
snow_seq190_00000012,snow_seq190,snow,train,train,train/SNOW/rgb/190/00000012_rgb.png,train/SNOW/nir/190/00000012_nir.png,train/SNOW/gtSeg/190/00000012_mask.json,2048,1536
snow_seq190_00000013,snow_seq190,snow,train,train,train/SNOW/rgb/190/00000013_rgb.png,train/SNOW/nir/190/00000013_nir.png,train/SNOW/gtSeg/190/00000013_mask.json,2048,1536
snow_seq190_00000014,snow_seq190,snow,train,train,train/SNOW/rgb/190/00000014_rgb.png,train/SNOW/nir/190/00000014_nir.png,train/SNOW/gtSeg/190/00000014_mask.json,2048,1536
snow_seq190_00000015,snow_seq190,snow,train,train,train/SNOW/rgb/190/00000015_rgb.png,train/SNOW/nir/190/00000015_nir.png,train/SNOW/gtSeg/190/00000015_mask.json,2048,1536
snow_seq190_00000016,snow_seq190,snow,train,train,train/SNOW/rgb/190/00000016_rgb.png,train/SNOW/nir/190/00000016_nir.png,train/SNOW/gtSeg/190/00000016_mask.json,2048,1536
snow_seq190_00000017,snow_seq190,snow,train,train,train/SNOW/rgb/190/00000017_rgb.png,train/SNOW/nir/190/00000017_nir.png,train/SNOW/gtSeg/190/00000017_mask.json,2048,1536
snow_seq190_00000018,snow_seq190,snow,train,train,train/SNOW/rgb/190/00000018_rgb.png,train/SNOW/nir/190/00000018_nir.png,train/SNOW/gtSeg/190/00000018_mask.json,2048,1536
snow_seq190_00000019,snow_seq190,snow,train,train,train/SNOW/rgb/190/00000019_rgb.png,train/SNOW/nir/190/00000019_nir.png,train/SNOW/gtSeg/190/00000019_mask.json,2048,1536
snow_seq190_00000020,snow_seq190,snow,train,train,train/SNOW/rgb/190/00000020_rgb.png,train/SNOW/nir/190/00000020_nir.png,train/SNOW/gtSeg/190/00000020_mask.json,2048,1536
snow_seq190_00000021,snow_seq190,snow,train,train,train/SNOW/rgb/190/00000021_rgb.png,train/SNOW/nir/190/00000021_nir.png,train/SNOW/gtSeg/190/00000021_mask.json,2048,1536
snow_seq190_00000022,snow_seq190,snow,train,train,train/SNOW/rgb/190/00000022_rgb.png,train/SNOW/nir/190/00000022_nir.png,train/SNOW/gtSeg/190/00000022_mask.json,2048,1536
snow_seq190_00000023,snow_seq190,snow,train,train,train/SNOW/rgb/190/00000023_rgb.png,train/SNOW/nir/190/00000023_nir.png,train/SNOW/gtSeg/190/00000023_mask.json,2048,1536
snow_seq190_00000024,snow_seq190,snow,train,train,train/SNOW/rgb/190/00000024_rgb.png,train/SNOW/nir/190/00000024_nir.png,train/SNOW/gtSeg/190/00000024_mask.json,2048,1536
snow_seq190_00000025,snow_seq190,snow,train,train,train/SNOW/rgb/190/00000025_rgb.png,train/SNOW/nir/190/00000025_nir.png,train/SNOW/gtSeg/190/00000025_mask.json,2048,1536
snow_seq190_00000026,snow_seq190,snow,train,train,train/SNOW/rgb/190/00000026_rgb.png,train/SNOW/nir/190/00000026_nir.png,train/SNOW/gtSeg/190/00000026_mask.json,2048,1536
snow_seq190_00000027,snow_seq190,snow,train,train,train/SNOW/rgb/190/00000027_rgb.png,train/SNOW/nir/190/00000027_nir.png,train/SNOW/gtSeg/190/00000027_mask.json,2048,1536
snow_seq190_00000028,snow_seq190,snow,train,train,train/SNOW/rgb/190/00000028_rgb.png,train/SNOW/nir/190/00000028_nir.png,train/SNOW/gtSeg/190/00000028_mask.json,2048,1536
snow_seq190_00000029,snow_seq190,snow,train,train,train/SNOW/rgb/190/00000029_rgb.png,train/SNOW/nir/190/00000029_nir.png,train/SNOW/gtSeg/190/00000029_mask.json,2048,1536
snow_seq190_00000030,snow_seq190,snow,train,train,train/SNOW/rgb/190/00000030_rgb.png,train/SNOW/nir/190/00000030_nir.png,train/SNOW/gtSeg/190/00000030_mask.json,2048,1536
snow_seq190_00000031,snow_seq190,snow,train,train,train/SNOW/rgb/190/00000031_rgb.png,train/SNOW/nir/190/00000031_nir.png,train/SNOW/gtSeg/190/00000031_mask.json,2048,1536
snow_seq190_00000032,snow_seq190,snow,train,train,train/SNOW/rgb/190/00000032_rgb.png,train/SNOW/nir/190/00000032_nir.png,train/SNOW/gtSeg/190/00000032_mask.json,2048,1536
snow_seq190_00000033,snow_seq190,snow,train,train,train/SNOW/rgb/190/00000033_rgb.png,train/SNOW/nir/190/00000033_nir.png,train/SNOW/gtSeg/190/00000033_mask.json,2048,1536
snow_seq190_00000034,snow_seq190,snow,train,train,train/SNOW/rgb/190/00000034_rgb.png,train/SNOW/nir/190/00000034_nir.png,train/SNOW/gtSeg/190/00000034_mask.json,2048,1536
snow_seq190_00000035,snow_seq190,snow,train,train,train/SNOW/rgb/190/00000035_rgb.png,train/SNOW/nir/190/00000035_nir.png,train/SNOW/gtSeg/190/00000035_mask.json,2048,1536
snow_seq190_00000036,snow_seq190,snow,train,train,train/SNOW/rgb/190/00000036_rgb.png,train/SNOW/nir/190/00000036_nir.png,train/SNOW/gtSeg/190/00000036_mask.json,2048,1536
snow_seq190_00000037,snow_seq190,snow,train,train,train/SNOW/rgb/190/00000037_rgb.png,train/SNOW/nir/190/00000037_nir.png,train/SNOW/gtSeg/190/00000037_mask.json,2048,1536
snow_seq190_00000038,snow_seq190,snow,train,train,train/SNOW/rgb/190/00000038_rgb.png,train/SNOW/nir/190/00000038_nir.png,train/SNOW/gtSeg/190/00000038_mask.json,2048,1536
snow_seq190_00000039,snow_seq190,snow,train,train,train/SNOW/rgb/190/00000039_rgb.png,train/SNOW/nir/190/00000039_nir.png,train/SNOW/gtSeg/190/00000039_mask.json,2048,1536
snow_seq190_00000040,snow_seq190,snow,train,train,train/SNOW/rgb/190/00000040_rgb.png,train/SNOW/nir/190/00000040_nir.png,train/SNOW/gtSeg/190/00000040_mask.json,2048,1536
snow_seq190_00000041,snow_seq190,snow,train,train,train/SNOW/rgb/190/00000041_rgb.png,train/SNOW/nir/190/00000041_nir.png,train/SNOW/gtSeg/190/00000041_mask.json,2048,1536
snow_seq190_00000042,snow_seq190,snow,train,train,train/SNOW/rgb/190/00000042_rgb.png,train/SNOW/nir/190/00000042_nir.png,train/SNOW/gtSeg/190/00000042_mask.json,2048,1536
snow_seq190_00000043,snow_seq190,snow,train,train,train/SNOW/rgb/190/00000043_rgb.png,train/SNOW/nir/190/00000043_nir.png,train/SNOW/gtSeg/190/00000043_mask.json,2048,1536
snow_seq190_00000044,snow_seq190,snow,train,train,train/SNOW/rgb/190/00000044_rgb.png,train/SNOW/nir/190/00000044_nir.png,train/SNOW/gtSeg/190/00000044_mask.json,2048,1536
snow_seq190_00000045,snow_seq190,snow,train,train,train/SNOW/rgb/190/00000045_rgb.png,train/SNOW/nir/190/00000045_nir.png,train/SNOW/gtSeg/190/00000045_mask.json,2048,1536
snow_seq190_00000046,snow_seq190,snow,train,train,train/SNOW/rgb/190/00000046_rgb.png,train/SNOW/nir/190/00000046_nir.png,train/SNOW/gtSeg/190/00000046_mask.json,2048,1536
snow_seq190_00000047,snow_seq190,snow,train,train,train/SNOW/rgb/190/00000047_rgb.png,train/SNOW/nir/190/00000047_nir.png,train/SNOW/gtSeg/190/00000047_mask.json,2048,1536
snow_seq192_00000000,snow_seq192,snow,val,train,val/SNOW/rgb/192/00000000_rgb.png,val/SNOW/nir/192/00000000_nir.png,val/SNOW/gtSeg/192/00000000_mask.json,2048,1536
snow_seq192_00000001,snow_seq192,snow,val,train,val/SNOW/rgb/192/00000001_rgb.png,val/SNOW/nir/192/00000001_nir.png,val/SNOW/gtSeg/192/00000001_mask.json,2048,1536
snow_seq192_00000002,snow_seq192,snow,val,train,val/SNOW/rgb/192/00000002_rgb.png,val/SNOW/nir/192/00000002_nir.png,val/SNOW/gtSeg/192/00000002_mask.json,2048,1536
snow_seq192_00000003,snow_seq192,snow,val,train,val/SNOW/rgb/192/00000003_rgb.png,val/SNOW/nir/192/00000003_nir.png,val/SNOW/gtSeg/192/00000003_mask.json,2048,1536
snow_seq192_00000004,snow_seq192,snow,val,train,val/SNOW/rgb/192/00000004_rgb.png,val/SNOW/nir/192/00000004_nir.png,val/SNOW/gtSeg/192/00000004_mask.json,2048,1536
snow_seq192_00000005,snow_seq192,snow,val,train,val/SNOW/rgb/192/00000005_rgb.png,val/SNOW/nir/192/00000005_nir.png,val/SNOW/gtSeg/192/00000005_mask.json,2048,1536
snow_seq192_00000006,snow_seq192,snow,val,train,val/SNOW/rgb/192/00000006_rgb.png,val/SNOW/nir/192/00000006_nir.png,val/SNOW/gtSeg/192/00000006_mask.json,2048,1536
snow_seq192_00000007,snow_seq192,snow,val,train,val/SNOW/rgb/192/00000007_rgb.png,val/SNOW/nir/192/00000007_nir.png,val/SNOW/gtSeg/192/00000007_mask.json,2048,1536
snow_seq192_00000008,snow_seq192,snow,val,train,val/SNOW/rgb/192/00000008_rgb.png,val/SNOW/nir/192/00000008_nir.png,val/SNOW/gtSeg/192/00000008_mask.json,2048,1536
snow_seq192_00000009,snow_seq192,snow,val,train,val/SNOW/rgb/192/00000009_rgb.png,val/SNOW/nir/192/00000009_nir.png,val/SNOW/gtSeg/192/00000009_mask.json,2048,1536
snow_seq192_00000010,snow_seq192,snow,val,train,val/SNOW/rgb/192/00000010_rgb.png,val/SNOW/nir/192/00000010_nir.png,val/SNOW/gtSeg/192/00000010_mask.json,2048,1536
snow_seq192_00000011,snow_seq192,snow,val,train,val/SNOW/rgb/192/00000011_rgb.png,val/SNOW/nir/192/00000011_nir.png,val/SNOW/gtSeg/192/00000011_mask.json,2048,1536
snow_seq192_00000012,snow_seq192,snow,val,train,val/SNOW/rgb/192/00000012_rgb.png,val/SNOW/nir/192/00000012_nir.png,val/SNOW/gtSeg/192/00000012_mask.json,2048,1536
snow_seq192_00000013,snow_seq192,snow,val,train,val/SNOW/rgb/192/00000013_rgb.png,val/SNOW/nir/192/00000013_nir.png,val/SNOW/gtSeg/192/00000013_mask.json,2048,1536
snow_seq192_00000014,snow_seq192,snow,val,train,val/SNOW/rgb/192/00000014_rgb.png,val/SNOW/nir/192/00000014_nir.png,val/SNOW/gtSeg/192/00000014_mask.json,2048,1536
snow_seq192_00000015,snow_seq192,snow,val,train,val/SNOW/rgb/192/00000015_rgb.png,val/SNOW/nir/192/00000015_nir.png,val/SNOW/gtSeg/192/00000015_mask.json,2048,1536
snow_seq192_00000016,snow_seq192,snow,val,train,val/SNOW/rgb/192/00000016_rgb.png,val/SNOW/nir/192/00000016_nir.png,val/SNOW/gtSeg/192/00000016_mask.json,2048,1536
snow_seq192_00000017,snow_seq192,snow,val,train,val/SNOW/rgb/192/00000017_rgb.png,val/SNOW/nir/192/00000017_nir.png,val/SNOW/gtSeg/192/00000017_mask.json,2048,1536
snow_seq192_00000018,snow_seq192,snow,val,train,val/SNOW/rgb/192/00000018_rgb.png,val/SNOW/nir/192/00000018_nir.png,val/SNOW/gtSeg/192/00000018_mask.json,2048,1536
snow_seq192_00000019,snow_seq192,snow,val,train,val/SNOW/rgb/192/00000019_rgb.png,val/SNOW/nir/192/00000019_nir.png,val/SNOW/gtSeg/192/00000019_mask.json,2048,1536
snow_seq192_00000020,snow_seq192,snow,val,train,val/SNOW/rgb/192/00000020_rgb.png,val/SNOW/nir/192/00000020_nir.png,val/SNOW/gtSeg/192/00000020_mask.json,2048,1536
snow_seq192_00000021,snow_seq192,snow,val,train,val/SNOW/rgb/192/00000021_rgb.png,val/SNOW/nir/192/00000021_nir.png,val/SNOW/gtSeg/192/00000021_mask.json,2048,1536
snow_seq192_00000022,snow_seq192,snow,val,train,val/SNOW/rgb/192/00000022_rgb.png,val/SNOW/nir/192/00000022_nir.png,val/SNOW/gtSeg/192/00000022_mask.json,2048,1536
snow_seq192_00000023,snow_seq192,snow,val,train,val/SNOW/rgb/192/00000023_rgb.png,val/SNOW/nir/192/00000023_nir.png,val/SNOW/gtSeg/192/00000023_mask.json,2048,1536
snow_seq192_00000024,snow_seq192,snow,val,train,val/SNOW/rgb/192/00000024_rgb.png,val/SNOW/nir/192/00000024_nir.png,val/SNOW/gtSeg/192/00000024_mask.json,2048,1536
snow_seq192_00000025,snow_seq192,snow,val,train,val/SNOW/rgb/192/00000025_rgb.png,val/SNOW/nir/192/00000025_nir.png,val/SNOW/gtSeg/192/00000025_mask.json,2048,1536
snow_seq192_00000026,snow_seq192,snow,val,train,val/SNOW/rgb/192/00000026_rgb.png,val/SNOW/nir/192/00000026_nir.png,val/SNOW/gtSeg/192/00000026_mask.json,2048,1536
snow_seq192_00000027,snow_seq192,snow,val,train,val/SNOW/rgb/192/00000027_rgb.png,val/SNOW/nir/192/00000027_nir.png,val/SNOW/gtSeg/192/00000027_mask.json,2048,1536
snow_seq192_00000028,snow_seq192,snow,val,train,val/SNOW/rgb/192/00000028_rgb.png,val/SNOW/nir/192/00000028_nir.png,val/SNOW/gtSeg/192/00000028_mask.json,2048,1536
snow_seq192_00000029,snow_seq192,snow,val,train,val/SNOW/rgb/192/00000029_rgb.png,val/SNOW/nir/192/00000029_nir.png,val/SNOW/gtSeg/192/00000029_mask.json,2048,1536
snow_seq192_00000030,snow_seq192,snow,val,train,val/SNOW/rgb/192/00000030_rgb.png,val/SNOW/nir/192/00000030_nir.png,val/SNOW/gtSeg/192/00000030_mask.json,2048,1536
snow_seq192_00000031,snow_seq192,snow,val,train,val/SNOW/rgb/192/00000031_rgb.png,val/SNOW/nir/192/00000031_nir.png,val/SNOW/gtSeg/192/00000031_mask.json,2048,1536
snow_seq192_00000032,snow_seq192,snow,val,train,val/SNOW/rgb/192/00000032_rgb.png,val/SNOW/nir/192/00000032_nir.png,val/SNOW/gtSeg/192/00000032_mask.json,2048,1536
snow_seq192_00000033,snow_seq192,snow,val,train,val/SNOW/rgb/192/00000033_rgb.png,val/SNOW/nir/192/00000033_nir.png,val/SNOW/gtSeg/192/00000033_mask.json,2048,1536
snow_seq192_00000034,snow_seq192,snow,val,train,val/SNOW/rgb/192/00000034_rgb.png,val/SNOW/nir/192/00000034_nir.png,val/SNOW/gtSeg/192/00000034_mask.json,2048,1536
snow_seq192_00000035,snow_seq192,snow,val,train,val/SNOW/rgb/192/00000035_rgb.png,val/SNOW/nir/192/00000035_nir.png,val/SNOW/gtSeg/192/00000035_mask.json,2048,1536
snow_seq192_00000036,snow_seq192,snow,val,train,val/SNOW/rgb/192/00000036_rgb.png,val/SNOW/nir/192/00000036_nir.png,val/SNOW/gtSeg/192/00000036_mask.json,2048,1536
snow_seq192_00000037,snow_seq192,snow,val,train,val/SNOW/rgb/192/00000037_rgb.png,val/SNOW/nir/192/00000037_nir.png,val/SNOW/gtSeg/192/00000037_mask.json,2048,1536
snow_seq192_00000038,snow_seq192,snow,val,train,val/SNOW/rgb/192/00000038_rgb.png,val/SNOW/nir/192/00000038_nir.png,val/SNOW/gtSeg/192/00000038_mask.json,2048,1536
snow_seq192_00000039,snow_seq192,snow,val,train,val/SNOW/rgb/192/00000039_rgb.png,val/SNOW/nir/192/00000039_nir.png,val/SNOW/gtSeg/192/00000039_mask.json,2048,1536
snow_seq192_00000040,snow_seq192,snow,val,train,val/SNOW/rgb/192/00000040_rgb.png,val/SNOW/nir/192/00000040_nir.png,val/SNOW/gtSeg/192/00000040_mask.json,2048,1536
snow_seq192_00000041,snow_seq192,snow,val,train,val/SNOW/rgb/192/00000041_rgb.png,val/SNOW/nir/192/00000041_nir.png,val/SNOW/gtSeg/192/00000041_mask.json,2048,1536
snow_seq192_00000042,snow_seq192,snow,val,train,val/SNOW/rgb/192/00000042_rgb.png,val/SNOW/nir/192/00000042_nir.png,val/SNOW/gtSeg/192/00000042_mask.json,2048,1536
snow_seq192_00000043,snow_seq192,snow,val,train,val/SNOW/rgb/192/00000043_rgb.png,val/SNOW/nir/192/00000043_nir.png,val/SNOW/gtSeg/192/00000043_mask.json,2048,1536
snow_seq192_00000044,snow_seq192,snow,val,train,val/SNOW/rgb/192/00000044_rgb.png,val/SNOW/nir/192/00000044_nir.png,val/SNOW/gtSeg/192/00000044_mask.json,2048,1536
snow_seq192_00000045,snow_seq192,snow,val,train,val/SNOW/rgb/192/00000045_rgb.png,val/SNOW/nir/192/00000045_nir.png,val/SNOW/gtSeg/192/00000045_mask.json,2048,1536
snow_seq192_00000046,snow_seq192,snow,val,train,val/SNOW/rgb/192/00000046_rgb.png,val/SNOW/nir/192/00000046_nir.png,val/SNOW/gtSeg/192/00000046_mask.json,2048,1536
snow_seq192_00000047,snow_seq192,snow,val,train,val/SNOW/rgb/192/00000047_rgb.png,val/SNOW/nir/192/00000047_nir.png,val/SNOW/gtSeg/192/00000047_mask.json,2048,1536
snow_seq192_00000048,snow_seq192,snow,val,train,val/SNOW/rgb/192/00000048_rgb.png,val/SNOW/nir/192/00000048_nir.png,val/SNOW/gtSeg/192/00000048_mask.json,2048,1536
snow_seq192_00000049,snow_seq192,snow,val,train,val/SNOW/rgb/192/00000049_rgb.png,val/SNOW/nir/192/00000049_nir.png,val/SNOW/gtSeg/192/00000049_mask.json,2048,1536
snow_seq192_00000050,snow_seq192,snow,val,train,val/SNOW/rgb/192/00000050_rgb.png,val/SNOW/nir/192/00000050_nir.png,val/SNOW/gtSeg/192/00000050_mask.json,2048,1536
snow_seq192_00000051,snow_seq192,snow,val,train,val/SNOW/rgb/192/00000051_rgb.png,val/SNOW/nir/192/00000051_nir.png,val/SNOW/gtSeg/192/00000051_mask.json,2048,1536
snow_seq192_00000052,snow_seq192,snow,val,train,val/SNOW/rgb/192/00000052_rgb.png,val/SNOW/nir/192/00000052_nir.png,val/SNOW/gtSeg/192/00000052_mask.json,2048,1536
snow_seq192_00000053,snow_seq192,snow,val,train,val/SNOW/rgb/192/00000053_rgb.png,val/SNOW/nir/192/00000053_nir.png,val/SNOW/gtSeg/192/00000053_mask.json,2048,1536
snow_seq192_00000054,snow_seq192,snow,val,train,val/SNOW/rgb/192/00000054_rgb.png,val/SNOW/nir/192/00000054_nir.png,val/SNOW/gtSeg/192/00000054_mask.json,2048,1536
snow_seq192_00000055,snow_seq192,snow,val,train,val/SNOW/rgb/192/00000055_rgb.png,val/SNOW/nir/192/00000055_nir.png,val/SNOW/gtSeg/192/00000055_mask.json,2048,1536
snow_seq192_00000056,snow_seq192,snow,val,train,val/SNOW/rgb/192/00000056_rgb.png,val/SNOW/nir/192/00000056_nir.png,val/SNOW/gtSeg/192/00000056_mask.json,2048,1536
snow_seq192_00000057,snow_seq192,snow,val,train,val/SNOW/rgb/192/00000057_rgb.png,val/SNOW/nir/192/00000057_nir.png,val/SNOW/gtSeg/192/00000057_mask.json,2048,1536
snow_seq192_00000058,snow_seq192,snow,val,train,val/SNOW/rgb/192/00000058_rgb.png,val/SNOW/nir/192/00000058_nir.png,val/SNOW/gtSeg/192/00000058_mask.json,2048,1536
snow_seq192_00000059,snow_seq192,snow,val,train,val/SNOW/rgb/192/00000059_rgb.png,val/SNOW/nir/192/00000059_nir.png,val/SNOW/gtSeg/192/00000059_mask.json,2048,1536
snow_seq192_00000060,snow_seq192,snow,val,train,val/SNOW/rgb/192/00000060_rgb.png,val/SNOW/nir/192/00000060_nir.png,val/SNOW/gtSeg/192/00000060_mask.json,2048,1536
snow_seq192_00000061,snow_seq192,snow,val,train,val/SNOW/rgb/192/00000061_rgb.png,val/SNOW/nir/192/00000061_nir.png,val/SNOW/gtSeg/192/00000061_mask.json,2048,1536
snow_seq192_00000062,snow_seq192,snow,val,train,val/SNOW/rgb/192/00000062_rgb.png,val/SNOW/nir/192/00000062_nir.png,val/SNOW/gtSeg/192/00000062_mask.json,2048,1536
snow_seq192_00000063,snow_seq192,snow,val,train,val/SNOW/rgb/192/00000063_rgb.png,val/SNOW/nir/192/00000063_nir.png,val/SNOW/gtSeg/192/00000063_mask.json,2048,1536
snow_seq192_00000064,snow_seq192,snow,val,train,val/SNOW/rgb/192/00000064_rgb.png,val/SNOW/nir/192/00000064_nir.png,val/SNOW/gtSeg/192/00000064_mask.json,2048,1536
snow_seq192_00000065,snow_seq192,snow,val,train,val/SNOW/rgb/192/00000065_rgb.png,val/SNOW/nir/192/00000065_nir.png,val/SNOW/gtSeg/192/00000065_mask.json,2048,1536
snow_seq192_00000066,snow_seq192,snow,val,train,val/SNOW/rgb/192/00000066_rgb.png,val/SNOW/nir/192/00000066_nir.png,val/SNOW/gtSeg/192/00000066_mask.json,2048,1536
snow_seq192_00000067,snow_seq192,snow,val,train,val/SNOW/rgb/192/00000067_rgb.png,val/SNOW/nir/192/00000067_nir.png,val/SNOW/gtSeg/192/00000067_mask.json,2048,1536
snow_seq192_00000068,snow_seq192,snow,val,train,val/SNOW/rgb/192/00000068_rgb.png,val/SNOW/nir/192/00000068_nir.png,val/SNOW/gtSeg/192/00000068_mask.json,2048,1536
snow_seq192_00000069,snow_seq192,snow,val,train,val/SNOW/rgb/192/00000069_rgb.png,val/SNOW/nir/192/00000069_nir.png,val/SNOW/gtSeg/192/00000069_mask.json,2048,1536
snow_seq192_00000070,snow_seq192,snow,val,train,val/SNOW/rgb/192/00000070_rgb.png,val/SNOW/nir/192/00000070_nir.png,val/SNOW/gtSeg/192/00000070_mask.json,2048,1536
snow_seq192_00000071,snow_seq192,snow,val,train,val/SNOW/rgb/192/00000071_rgb.png,val/SNOW/nir/192/00000071_nir.png,val/SNOW/gtSeg/192/00000071_mask.json,2048,1536
snow_seq192_00000072,snow_seq192,snow,val,train,val/SNOW/rgb/192/00000072_rgb.png,val/SNOW/nir/192/00000072_nir.png,val/SNOW/gtSeg/192/00000072_mask.json,2048,1536
snow_seq192_00000073,snow_seq192,snow,val,train,val/SNOW/rgb/192/00000073_rgb.png,val/SNOW/nir/192/00000073_nir.png,val/SNOW/gtSeg/192/00000073_mask.json,2048,1536
snow_seq192_00000074,snow_seq192,snow,val,train,val/SNOW/rgb/192/00000074_rgb.png,val/SNOW/nir/192/00000074_nir.png,val/SNOW/gtSeg/192/00000074_mask.json,2048,1536
snow_seq192_00000075,snow_seq192,snow,val,train,val/SNOW/rgb/192/00000075_rgb.png,val/SNOW/nir/192/00000075_nir.png,val/SNOW/gtSeg/192/00000075_mask.json,2048,1536
snow_seq192_00000076,snow_seq192,snow,val,train,val/SNOW/rgb/192/00000076_rgb.png,val/SNOW/nir/192/00000076_nir.png,val/SNOW/gtSeg/192/00000076_mask.json,2048,1536
snow_seq192_00000077,snow_seq192,snow,val,train,val/SNOW/rgb/192/00000077_rgb.png,val/SNOW/nir/192/00000077_nir.png,val/SNOW/gtSeg/192/00000077_mask.json,2048,1536
snow_seq192_00000078,snow_seq192,snow,val,train,val/SNOW/rgb/192/00000078_rgb.png,val/SNOW/nir/192/00000078_nir.png,val/SNOW/gtSeg/192/00000078_mask.json,2048,1536
snow_seq192_00000079,snow_seq192,snow,val,train,val/SNOW/rgb/192/00000079_rgb.png,val/SNOW/nir/192/00000079_nir.png,val/SNOW/gtSeg/192/00000079_mask.json,2048,1536
snow_seq192_00000080,snow_seq192,snow,val,train,val/SNOW/rgb/192/00000080_rgb.png,val/SNOW/nir/192/00000080_nir.png,val/SNOW/gtSeg/192/00000080_mask.json,2048,1536
snow_seq192_00000081,snow_seq192,snow,val,train,val/SNOW/rgb/192/00000081_rgb.png,val/SNOW/nir/192/00000081_nir.png,val/SNOW/gtSeg/192/00000081_mask.json,2048,1536
snow_seq192_00000082,snow_seq192,snow,val,train,val/SNOW/rgb/192/00000082_rgb.png,val/SNOW/nir/192/00000082_nir.png,val/SNOW/gtSeg/192/00000082_mask.json,2048,1536
snow_seq192_00000083,snow_seq192,snow,val,train,val/SNOW/rgb/192/00000083_rgb.png,val/SNOW/nir/192/00000083_nir.png,val/SNOW/gtSeg/192/00000083_mask.json,2048,1536
snow_seq192_00000084,snow_seq192,snow,val,train,val/SNOW/rgb/192/00000084_rgb.png,val/SNOW/nir/192/00000084_nir.png,val/SNOW/gtSeg/192/00000084_mask.json,2048,1536
snow_seq192_00000085,snow_seq192,snow,val,train,val/SNOW/rgb/192/00000085_rgb.png,val/SNOW/nir/192/00000085_nir.png,val/SNOW/gtSeg/192/00000085_mask.json,2048,1536
snow_seq192_00000086,snow_seq192,snow,val,train,val/SNOW/rgb/192/00000086_rgb.png,val/SNOW/nir/192/00000086_nir.png,val/SNOW/gtSeg/192/00000086_mask.json,2048,1536
snow_seq192_00000087,snow_seq192,snow,val,train,val/SNOW/rgb/192/00000087_rgb.png,val/SNOW/nir/192/00000087_nir.png,val/SNOW/gtSeg/192/00000087_mask.json,2048,1536
snow_seq192_00000088,snow_seq192,snow,val,train,val/SNOW/rgb/192/00000088_rgb.png,val/SNOW/nir/192/00000088_nir.png,val/SNOW/gtSeg/192/00000088_mask.json,2048,1536
snow_seq192_00000089,snow_seq192,snow,val,train,val/SNOW/rgb/192/00000089_rgb.png,val/SNOW/nir/192/00000089_nir.png,val/SNOW/gtSeg/192/00000089_mask.json,2048,1536
snow_seq192_00000090,snow_seq192,snow,val,train,val/SNOW/rgb/192/00000090_rgb.png,val/SNOW/nir/192/00000090_nir.png,val/SNOW/gtSeg/192/00000090_mask.json,2048,1536
snow_seq192_00000091,snow_seq192,snow,val,train,val/SNOW/rgb/192/00000091_rgb.png,val/SNOW/nir/192/00000091_nir.png,val/SNOW/gtSeg/192/00000091_mask.json,2048,1536
snow_seq193_00000000,snow_seq193,snow,train,train,train/SNOW/rgb/193/00000000_rgb.png,train/SNOW/nir/193/00000000_nir.png,train/SNOW/gtSeg/193/00000000_mask.json,2048,1536
snow_seq193_00000001,snow_seq193,snow,train,train,train/SNOW/rgb/193/00000001_rgb.png,train/SNOW/nir/193/00000001_nir.png,train/SNOW/gtSeg/193/00000001_mask.json,2048,1536
snow_seq193_00000002,snow_seq193,snow,train,train,train/SNOW/rgb/193/00000002_rgb.png,train/SNOW/nir/193/00000002_nir.png,train/SNOW/gtSeg/193/00000002_mask.json,2048,1536
snow_seq193_00000003,snow_seq193,snow,train,train,train/SNOW/rgb/193/00000003_rgb.png,train/SNOW/nir/193/00000003_nir.png,train/SNOW/gtSeg/193/00000003_mask.json,2048,1536
snow_seq193_00000004,snow_seq193,snow,train,train,train/SNOW/rgb/193/00000004_rgb.png,train/SNOW/nir/193/00000004_nir.png,train/SNOW/gtSeg/193/00000004_mask.json,2048,1536
snow_seq193_00000005,snow_seq193,snow,train,train,train/SNOW/rgb/193/00000005_rgb.png,train/SNOW/nir/193/00000005_nir.png,train/SNOW/gtSeg/193/00000005_mask.json,2048,1536
snow_seq193_00000006,snow_seq193,snow,train,train,train/SNOW/rgb/193/00000006_rgb.png,train/SNOW/nir/193/00000006_nir.png,train/SNOW/gtSeg/193/00000006_mask.json,2048,1536
snow_seq195_00000000,snow_seq195,snow,train,test,train/SNOW/rgb/195/00000000_rgb.png,train/SNOW/nir/195/00000000_nir.png,train/SNOW/gtSeg/195/00000000_mask.json,2048,1536
snow_seq195_00000001,snow_seq195,snow,train,test,train/SNOW/rgb/195/00000001_rgb.png,train/SNOW/nir/195/00000001_nir.png,train/SNOW/gtSeg/195/00000001_mask.json,2048,1536
snow_seq195_00000002,snow_seq195,snow,train,test,train/SNOW/rgb/195/00000002_rgb.png,train/SNOW/nir/195/00000002_nir.png,train/SNOW/gtSeg/195/00000002_mask.json,2048,1536
snow_seq195_00000003,snow_seq195,snow,train,test,train/SNOW/rgb/195/00000003_rgb.png,train/SNOW/nir/195/00000003_nir.png,train/SNOW/gtSeg/195/00000003_mask.json,2048,1536
snow_seq195_00000004,snow_seq195,snow,train,test,train/SNOW/rgb/195/00000004_rgb.png,train/SNOW/nir/195/00000004_nir.png,train/SNOW/gtSeg/195/00000004_mask.json,2048,1536
snow_seq195_00000005,snow_seq195,snow,train,test,train/SNOW/rgb/195/00000005_rgb.png,train/SNOW/nir/195/00000005_nir.png,train/SNOW/gtSeg/195/00000005_mask.json,2048,1536
snow_seq195_00000006,snow_seq195,snow,train,test,train/SNOW/rgb/195/00000006_rgb.png,train/SNOW/nir/195/00000006_nir.png,train/SNOW/gtSeg/195/00000006_mask.json,2048,1536
snow_seq195_00000007,snow_seq195,snow,train,test,train/SNOW/rgb/195/00000007_rgb.png,train/SNOW/nir/195/00000007_nir.png,train/SNOW/gtSeg/195/00000007_mask.json,2048,1536
snow_seq195_00000008,snow_seq195,snow,train,test,train/SNOW/rgb/195/00000008_rgb.png,train/SNOW/nir/195/00000008_nir.png,train/SNOW/gtSeg/195/00000008_mask.json,2048,1536
snow_seq195_00000009,snow_seq195,snow,train,test,train/SNOW/rgb/195/00000009_rgb.png,train/SNOW/nir/195/00000009_nir.png,train/SNOW/gtSeg/195/00000009_mask.json,2048,1536
snow_seq195_00000010,snow_seq195,snow,train,test,train/SNOW/rgb/195/00000010_rgb.png,train/SNOW/nir/195/00000010_nir.png,train/SNOW/gtSeg/195/00000010_mask.json,2048,1536
snow_seq195_00000011,snow_seq195,snow,train,test,train/SNOW/rgb/195/00000011_rgb.png,train/SNOW/nir/195/00000011_nir.png,train/SNOW/gtSeg/195/00000011_mask.json,2048,1536
snow_seq195_00000012,snow_seq195,snow,train,test,train/SNOW/rgb/195/00000012_rgb.png,train/SNOW/nir/195/00000012_nir.png,train/SNOW/gtSeg/195/00000012_mask.json,2048,1536
snow_seq195_00000013,snow_seq195,snow,train,test,train/SNOW/rgb/195/00000013_rgb.png,train/SNOW/nir/195/00000013_nir.png,train/SNOW/gtSeg/195/00000013_mask.json,2048,1536
snow_seq195_00000014,snow_seq195,snow,train,test,train/SNOW/rgb/195/00000014_rgb.png,train/SNOW/nir/195/00000014_nir.png,train/SNOW/gtSeg/195/00000014_mask.json,2048,1536
snow_seq195_00000015,snow_seq195,snow,train,test,train/SNOW/rgb/195/00000015_rgb.png,train/SNOW/nir/195/00000015_nir.png,train/SNOW/gtSeg/195/00000015_mask.json,2048,1536
snow_seq195_00000016,snow_seq195,snow,train,test,train/SNOW/rgb/195/00000016_rgb.png,train/SNOW/nir/195/00000016_nir.png,train/SNOW/gtSeg/195/00000016_mask.json,2048,1536
snow_seq195_00000017,snow_seq195,snow,train,test,train/SNOW/rgb/195/00000017_rgb.png,train/SNOW/nir/195/00000017_nir.png,train/SNOW/gtSeg/195/00000017_mask.json,2048,1536
snow_seq195_00000018,snow_seq195,snow,train,test,train/SNOW/rgb/195/00000018_rgb.png,train/SNOW/nir/195/00000018_nir.png,train/SNOW/gtSeg/195/00000018_mask.json,2048,1536
snow_seq195_00000019,snow_seq195,snow,train,test,train/SNOW/rgb/195/00000019_rgb.png,train/SNOW/nir/195/00000019_nir.png,train/SNOW/gtSeg/195/00000019_mask.json,2048,1536
snow_seq195_00000020,snow_seq195,snow,train,test,train/SNOW/rgb/195/00000020_rgb.png,train/SNOW/nir/195/00000020_nir.png,train/SNOW/gtSeg/195/00000020_mask.json,2048,1536
snow_seq197_00000000,snow_seq197,snow,train,train,train/SNOW/rgb/197/00000000_rgb.png,train/SNOW/nir/197/00000000_nir.png,train/SNOW/gtSeg/197/00000000_mask.json,2048,1536
snow_seq197_00000001,snow_seq197,snow,train,train,train/SNOW/rgb/197/00000001_rgb.png,train/SNOW/nir/197/00000001_nir.png,train/SNOW/gtSeg/197/00000001_mask.json,2048,1536
snow_seq197_00000002,snow_seq197,snow,train,train,train/SNOW/rgb/197/00000002_rgb.png,train/SNOW/nir/197/00000002_nir.png,train/SNOW/gtSeg/197/00000002_mask.json,2048,1536
snow_seq197_00000003,snow_seq197,snow,train,train,train/SNOW/rgb/197/00000003_rgb.png,train/SNOW/nir/197/00000003_nir.png,train/SNOW/gtSeg/197/00000003_mask.json,2048,1536
snow_seq197_00000004,snow_seq197,snow,train,train,train/SNOW/rgb/197/00000004_rgb.png,train/SNOW/nir/197/00000004_nir.png,train/SNOW/gtSeg/197/00000004_mask.json,2048,1536
snow_seq197_00000005,snow_seq197,snow,train,train,train/SNOW/rgb/197/00000005_rgb.png,train/SNOW/nir/197/00000005_nir.png,train/SNOW/gtSeg/197/00000005_mask.json,2048,1536
snow_seq197_00000006,snow_seq197,snow,train,train,train/SNOW/rgb/197/00000006_rgb.png,train/SNOW/nir/197/00000006_nir.png,train/SNOW/gtSeg/197/00000006_mask.json,2048,1536
snow_seq197_00000007,snow_seq197,snow,train,train,train/SNOW/rgb/197/00000007_rgb.png,train/SNOW/nir/197/00000007_nir.png,train/SNOW/gtSeg/197/00000007_mask.json,2048,1536
snow_seq197_00000008,snow_seq197,snow,train,train,train/SNOW/rgb/197/00000008_rgb.png,train/SNOW/nir/197/00000008_nir.png,train/SNOW/gtSeg/197/00000008_mask.json,2048,1536
snow_seq197_00000009,snow_seq197,snow,train,train,train/SNOW/rgb/197/00000009_rgb.png,train/SNOW/nir/197/00000009_nir.png,train/SNOW/gtSeg/197/00000009_mask.json,2048,1536
snow_seq197_00000010,snow_seq197,snow,train,train,train/SNOW/rgb/197/00000010_rgb.png,train/SNOW/nir/197/00000010_nir.png,train/SNOW/gtSeg/197/00000010_mask.json,2048,1536
snow_seq198_00000000,snow_seq198,snow,train,train,train/SNOW/rgb/198/00000000_rgb.png,train/SNOW/nir/198/00000000_nir.png,train/SNOW/gtSeg/198/00000000_mask.json,2048,1536
snow_seq198_00000001,snow_seq198,snow,train,train,train/SNOW/rgb/198/00000001_rgb.png,train/SNOW/nir/198/00000001_nir.png,train/SNOW/gtSeg/198/00000001_mask.json,2048,1536
snow_seq198_00000002,snow_seq198,snow,train,train,train/SNOW/rgb/198/00000002_rgb.png,train/SNOW/nir/198/00000002_nir.png,train/SNOW/gtSeg/198/00000002_mask.json,2048,1536
snow_seq198_00000003,snow_seq198,snow,train,train,train/SNOW/rgb/198/00000003_rgb.png,train/SNOW/nir/198/00000003_nir.png,train/SNOW/gtSeg/198/00000003_mask.json,2048,1536
snow_seq198_00000004,snow_seq198,snow,train,train,train/SNOW/rgb/198/00000004_rgb.png,train/SNOW/nir/198/00000004_nir.png,train/SNOW/gtSeg/198/00000004_mask.json,2048,1536
snow_seq198_00000005,snow_seq198,snow,train,train,train/SNOW/rgb/198/00000005_rgb.png,train/SNOW/nir/198/00000005_nir.png,train/SNOW/gtSeg/198/00000005_mask.json,2048,1536
snow_seq198_00000006,snow_seq198,snow,train,train,train/SNOW/rgb/198/00000006_rgb.png,train/SNOW/nir/198/00000006_nir.png,train/SNOW/gtSeg/198/00000006_mask.json,2048,1536
snow_seq198_00000007,snow_seq198,snow,train,train,train/SNOW/rgb/198/00000007_rgb.png,train/SNOW/nir/198/00000007_nir.png,train/SNOW/gtSeg/198/00000007_mask.json,2048,1536
snow_seq198_00000008,snow_seq198,snow,train,train,train/SNOW/rgb/198/00000008_rgb.png,train/SNOW/nir/198/00000008_nir.png,train/SNOW/gtSeg/198/00000008_mask.json,2048,1536
snow_seq198_00000009,snow_seq198,snow,train,train,train/SNOW/rgb/198/00000009_rgb.png,train/SNOW/nir/198/00000009_nir.png,train/SNOW/gtSeg/198/00000009_mask.json,2048,1536
snow_seq198_00000010,snow_seq198,snow,train,train,train/SNOW/rgb/198/00000010_rgb.png,train/SNOW/nir/198/00000010_nir.png,train/SNOW/gtSeg/198/00000010_mask.json,2048,1536
snow_seq198_00000011,snow_seq198,snow,train,train,train/SNOW/rgb/198/00000011_rgb.png,train/SNOW/nir/198/00000011_nir.png,train/SNOW/gtSeg/198/00000011_mask.json,2048,1536
snow_seq198_00000012,snow_seq198,snow,train,train,train/SNOW/rgb/198/00000012_rgb.png,train/SNOW/nir/198/00000012_nir.png,train/SNOW/gtSeg/198/00000012_mask.json,2048,1536
snow_seq198_00000013,snow_seq198,snow,train,train,train/SNOW/rgb/198/00000013_rgb.png,train/SNOW/nir/198/00000013_nir.png,train/SNOW/gtSeg/198/00000013_mask.json,2048,1536
snow_seq198_00000014,snow_seq198,snow,train,train,train/SNOW/rgb/198/00000014_rgb.png,train/SNOW/nir/198/00000014_nir.png,train/SNOW/gtSeg/198/00000014_mask.json,2048,1536
snow_seq198_00000015,snow_seq198,snow,train,train,train/SNOW/rgb/198/00000015_rgb.png,train/SNOW/nir/198/00000015_nir.png,train/SNOW/gtSeg/198/00000015_mask.json,2048,1536
snow_seq198_00000016,snow_seq198,snow,train,train,train/SNOW/rgb/198/00000016_rgb.png,train/SNOW/nir/198/00000016_nir.png,train/SNOW/gtSeg/198/00000016_mask.json,2048,1536
snow_seq198_00000017,snow_seq198,snow,train,train,train/SNOW/rgb/198/00000017_rgb.png,train/SNOW/nir/198/00000017_nir.png,train/SNOW/gtSeg/198/00000017_mask.json,2048,1536
snow_seq198_00000018,snow_seq198,snow,train,train,train/SNOW/rgb/198/00000018_rgb.png,train/SNOW/nir/198/00000018_nir.png,train/SNOW/gtSeg/198/00000018_mask.json,2048,1536
snow_seq198_00000019,snow_seq198,snow,train,train,train/SNOW/rgb/198/00000019_rgb.png,train/SNOW/nir/198/00000019_nir.png,train/SNOW/gtSeg/198/00000019_mask.json,2048,1536
snow_seq198_00000020,snow_seq198,snow,train,train,train/SNOW/rgb/198/00000020_rgb.png,train/SNOW/nir/198/00000020_nir.png,train/SNOW/gtSeg/198/00000020_mask.json,2048,1536
snow_seq198_00000021,snow_seq198,snow,train,train,train/SNOW/rgb/198/00000021_rgb.png,train/SNOW/nir/198/00000021_nir.png,train/SNOW/gtSeg/198/00000021_mask.json,2048,1536
snow_seq198_00000022,snow_seq198,snow,train,train,train/SNOW/rgb/198/00000022_rgb.png,train/SNOW/nir/198/00000022_nir.png,train/SNOW/gtSeg/198/00000022_mask.json,2048,1536
snow_seq198_00000023,snow_seq198,snow,train,train,train/SNOW/rgb/198/00000023_rgb.png,train/SNOW/nir/198/00000023_nir.png,train/SNOW/gtSeg/198/00000023_mask.json,2048,1536
snow_seq198_00000024,snow_seq198,snow,train,train,train/SNOW/rgb/198/00000024_rgb.png,train/SNOW/nir/198/00000024_nir.png,train/SNOW/gtSeg/198/00000024_mask.json,2048,1536
snow_seq198_00000025,snow_seq198,snow,train,train,train/SNOW/rgb/198/00000025_rgb.png,train/SNOW/nir/198/00000025_nir.png,train/SNOW/gtSeg/198/00000025_mask.json,2048,1536
snow_seq198_00000026,snow_seq198,snow,train,train,train/SNOW/rgb/198/00000026_rgb.png,train/SNOW/nir/198/00000026_nir.png,train/SNOW/gtSeg/198/00000026_mask.json,2048,1536
snow_seq198_00000027,snow_seq198,snow,train,train,train/SNOW/rgb/198/00000027_rgb.png,train/SNOW/nir/198/00000027_nir.png,train/SNOW/gtSeg/198/00000027_mask.json,2048,1536
snow_seq198_00000028,snow_seq198,snow,train,train,train/SNOW/rgb/198/00000028_rgb.png,train/SNOW/nir/198/00000028_nir.png,train/SNOW/gtSeg/198/00000028_mask.json,2048,1536
snow_seq198_00000029,snow_seq198,snow,train,train,train/SNOW/rgb/198/00000029_rgb.png,train/SNOW/nir/198/00000029_nir.png,train/SNOW/gtSeg/198/00000029_mask.json,2048,1536
snow_seq198_00000030,snow_seq198,snow,train,train,train/SNOW/rgb/198/00000030_rgb.png,train/SNOW/nir/198/00000030_nir.png,train/SNOW/gtSeg/198/00000030_mask.json,2048,1536
snow_seq198_00000031,snow_seq198,snow,train,train,train/SNOW/rgb/198/00000031_rgb.png,train/SNOW/nir/198/00000031_nir.png,train/SNOW/gtSeg/198/00000031_mask.json,2048,1536
snow_seq198_00000032,snow_seq198,snow,train,train,train/SNOW/rgb/198/00000032_rgb.png,train/SNOW/nir/198/00000032_nir.png,train/SNOW/gtSeg/198/00000032_mask.json,2048,1536
snow_seq198_00000033,snow_seq198,snow,train,train,train/SNOW/rgb/198/00000033_rgb.png,train/SNOW/nir/198/00000033_nir.png,train/SNOW/gtSeg/198/00000033_mask.json,2048,1536
snow_seq198_00000034,snow_seq198,snow,train,train,train/SNOW/rgb/198/00000034_rgb.png,train/SNOW/nir/198/00000034_nir.png,train/SNOW/gtSeg/198/00000034_mask.json,2048,1536
snow_seq198_00000035,snow_seq198,snow,train,train,train/SNOW/rgb/198/00000035_rgb.png,train/SNOW/nir/198/00000035_nir.png,train/SNOW/gtSeg/198/00000035_mask.json,2048,1536
snow_seq198_00000036,snow_seq198,snow,train,train,train/SNOW/rgb/198/00000036_rgb.png,train/SNOW/nir/198/00000036_nir.png,train/SNOW/gtSeg/198/00000036_mask.json,2048,1536
snow_seq198_00000037,snow_seq198,snow,train,train,train/SNOW/rgb/198/00000037_rgb.png,train/SNOW/nir/198/00000037_nir.png,train/SNOW/gtSeg/198/00000037_mask.json,2048,1536
snow_seq198_00000038,snow_seq198,snow,train,train,train/SNOW/rgb/198/00000038_rgb.png,train/SNOW/nir/198/00000038_nir.png,train/SNOW/gtSeg/198/00000038_mask.json,2048,1536
snow_seq198_00000039,snow_seq198,snow,train,train,train/SNOW/rgb/198/00000039_rgb.png,train/SNOW/nir/198/00000039_nir.png,train/SNOW/gtSeg/198/00000039_mask.json,2048,1536
snow_seq198_00000040,snow_seq198,snow,train,train,train/SNOW/rgb/198/00000040_rgb.png,train/SNOW/nir/198/00000040_nir.png,train/SNOW/gtSeg/198/00000040_mask.json,2048,1536
snow_seq198_00000041,snow_seq198,snow,train,train,train/SNOW/rgb/198/00000041_rgb.png,train/SNOW/nir/198/00000041_nir.png,train/SNOW/gtSeg/198/00000041_mask.json,2048,1536
snow_seq198_00000042,snow_seq198,snow,train,train,train/SNOW/rgb/198/00000042_rgb.png,train/SNOW/nir/198/00000042_nir.png,train/SNOW/gtSeg/198/00000042_mask.json,2048,1536
snow_seq198_00000043,snow_seq198,snow,train,train,train/SNOW/rgb/198/00000043_rgb.png,train/SNOW/nir/198/00000043_nir.png,train/SNOW/gtSeg/198/00000043_mask.json,2048,1536
snow_seq198_00000044,snow_seq198,snow,train,train,train/SNOW/rgb/198/00000044_rgb.png,train/SNOW/nir/198/00000044_nir.png,train/SNOW/gtSeg/198/00000044_mask.json,2048,1536
snow_seq198_00000045,snow_seq198,snow,train,train,train/SNOW/rgb/198/00000045_rgb.png,train/SNOW/nir/198/00000045_nir.png,train/SNOW/gtSeg/198/00000045_mask.json,2048,1536
snow_seq198_00000046,snow_seq198,snow,train,train,train/SNOW/rgb/198/00000046_rgb.png,train/SNOW/nir/198/00000046_nir.png,train/SNOW/gtSeg/198/00000046_mask.json,2048,1536
snow_seq198_00000047,snow_seq198,snow,train,train,train/SNOW/rgb/198/00000047_rgb.png,train/SNOW/nir/198/00000047_nir.png,train/SNOW/gtSeg/198/00000047_mask.json,2048,1536
snow_seq198_00000048,snow_seq198,snow,train,train,train/SNOW/rgb/198/00000048_rgb.png,train/SNOW/nir/198/00000048_nir.png,train/SNOW/gtSeg/198/00000048_mask.json,2048,1536
snow_seq198_00000049,snow_seq198,snow,train,train,train/SNOW/rgb/198/00000049_rgb.png,train/SNOW/nir/198/00000049_nir.png,train/SNOW/gtSeg/198/00000049_mask.json,2048,1536
snow_seq198_00000050,snow_seq198,snow,train,train,train/SNOW/rgb/198/00000050_rgb.png,train/SNOW/nir/198/00000050_nir.png,train/SNOW/gtSeg/198/00000050_mask.json,2048,1536
snow_seq198_00000051,snow_seq198,snow,train,train,train/SNOW/rgb/198/00000051_rgb.png,train/SNOW/nir/198/00000051_nir.png,train/SNOW/gtSeg/198/00000051_mask.json,2048,1536
snow_seq198_00000052,snow_seq198,snow,train,train,train/SNOW/rgb/198/00000052_rgb.png,train/SNOW/nir/198/00000052_nir.png,train/SNOW/gtSeg/198/00000052_mask.json,2048,1536
snow_seq198_00000053,snow_seq198,snow,train,train,train/SNOW/rgb/198/00000053_rgb.png,train/SNOW/nir/198/00000053_nir.png,train/SNOW/gtSeg/198/00000053_mask.json,2048,1536
snow_seq198_00000054,snow_seq198,snow,train,train,train/SNOW/rgb/198/00000054_rgb.png,train/SNOW/nir/198/00000054_nir.png,train/SNOW/gtSeg/198/00000054_mask.json,2048,1536
snow_seq198_00000055,snow_seq198,snow,train,train,train/SNOW/rgb/198/00000055_rgb.png,train/SNOW/nir/198/00000055_nir.png,train/SNOW/gtSeg/198/00000055_mask.json,2048,1536
snow_seq198_00000056,snow_seq198,snow,train,train,train/SNOW/rgb/198/00000056_rgb.png,train/SNOW/nir/198/00000056_nir.png,train/SNOW/gtSeg/198/00000056_mask.json,2048,1536
snow_seq198_00000057,snow_seq198,snow,train,train,train/SNOW/rgb/198/00000057_rgb.png,train/SNOW/nir/198/00000057_nir.png,train/SNOW/gtSeg/198/00000057_mask.json,2048,1536
snow_seq198_00000058,snow_seq198,snow,train,train,train/SNOW/rgb/198/00000058_rgb.png,train/SNOW/nir/198/00000058_nir.png,train/SNOW/gtSeg/198/00000058_mask.json,2048,1536
snow_seq198_00000059,snow_seq198,snow,train,train,train/SNOW/rgb/198/00000059_rgb.png,train/SNOW/nir/198/00000059_nir.png,train/SNOW/gtSeg/198/00000059_mask.json,2048,1536
snow_seq198_00000060,snow_seq198,snow,train,train,train/SNOW/rgb/198/00000060_rgb.png,train/SNOW/nir/198/00000060_nir.png,train/SNOW/gtSeg/198/00000060_mask.json,2048,1536
snow_seq198_00000061,snow_seq198,snow,train,train,train/SNOW/rgb/198/00000061_rgb.png,train/SNOW/nir/198/00000061_nir.png,train/SNOW/gtSeg/198/00000061_mask.json,2048,1536
snow_seq198_00000062,snow_seq198,snow,train,train,train/SNOW/rgb/198/00000062_rgb.png,train/SNOW/nir/198/00000062_nir.png,train/SNOW/gtSeg/198/00000062_mask.json,2048,1536
snow_seq198_00000063,snow_seq198,snow,train,train,train/SNOW/rgb/198/00000063_rgb.png,train/SNOW/nir/198/00000063_nir.png,train/SNOW/gtSeg/198/00000063_mask.json,2048,1536
snow_seq198_00000064,snow_seq198,snow,train,train,train/SNOW/rgb/198/00000064_rgb.png,train/SNOW/nir/198/00000064_nir.png,train/SNOW/gtSeg/198/00000064_mask.json,2048,1536
snow_seq198_00000065,snow_seq198,snow,train,train,train/SNOW/rgb/198/00000065_rgb.png,train/SNOW/nir/198/00000065_nir.png,train/SNOW/gtSeg/198/00000065_mask.json,2048,1536
snow_seq198_00000066,snow_seq198,snow,train,train,train/SNOW/rgb/198/00000066_rgb.png,train/SNOW/nir/198/00000066_nir.png,train/SNOW/gtSeg/198/00000066_mask.json,2048,1536
snow_seq198_00000067,snow_seq198,snow,train,train,train/SNOW/rgb/198/00000067_rgb.png,train/SNOW/nir/198/00000067_nir.png,train/SNOW/gtSeg/198/00000067_mask.json,2048,1536
snow_seq198_00000068,snow_seq198,snow,train,train,train/SNOW/rgb/198/00000068_rgb.png,train/SNOW/nir/198/00000068_nir.png,train/SNOW/gtSeg/198/00000068_mask.json,2048,1536
snow_seq198_00000069,snow_seq198,snow,train,train,train/SNOW/rgb/198/00000069_rgb.png,train/SNOW/nir/198/00000069_nir.png,train/SNOW/gtSeg/198/00000069_mask.json,2048,1536
snow_seq198_00000070,snow_seq198,snow,train,train,train/SNOW/rgb/198/00000070_rgb.png,train/SNOW/nir/198/00000070_nir.png,train/SNOW/gtSeg/198/00000070_mask.json,2048,1536
snow_seq198_00000071,snow_seq198,snow,train,train,train/SNOW/rgb/198/00000071_rgb.png,train/SNOW/nir/198/00000071_nir.png,train/SNOW/gtSeg/198/00000071_mask.json,2048,1536
snow_seq198_00000072,snow_seq198,snow,train,train,train/SNOW/rgb/198/00000072_rgb.png,train/SNOW/nir/198/00000072_nir.png,train/SNOW/gtSeg/198/00000072_mask.json,2048,1536
snow_seq198_00000073,snow_seq198,snow,train,train,train/SNOW/rgb/198/00000073_rgb.png,train/SNOW/nir/198/00000073_nir.png,train/SNOW/gtSeg/198/00000073_mask.json,2048,1536
snow_seq198_00000074,snow_seq198,snow,train,train,train/SNOW/rgb/198/00000074_rgb.png,train/SNOW/nir/198/00000074_nir.png,train/SNOW/gtSeg/198/00000074_mask.json,2048,1536
snow_seq198_00000075,snow_seq198,snow,train,train,train/SNOW/rgb/198/00000075_rgb.png,train/SNOW/nir/198/00000075_nir.png,train/SNOW/gtSeg/198/00000075_mask.json,2048,1536
snow_seq198_00000076,snow_seq198,snow,train,train,train/SNOW/rgb/198/00000076_rgb.png,train/SNOW/nir/198/00000076_nir.png,train/SNOW/gtSeg/198/00000076_mask.json,2048,1536
snow_seq198_00000077,snow_seq198,snow,train,train,train/SNOW/rgb/198/00000077_rgb.png,train/SNOW/nir/198/00000077_nir.png,train/SNOW/gtSeg/198/00000077_mask.json,2048,1536
snow_seq198_00000078,snow_seq198,snow,train,train,train/SNOW/rgb/198/00000078_rgb.png,train/SNOW/nir/198/00000078_nir.png,train/SNOW/gtSeg/198/00000078_mask.json,2048,1536
snow_seq198_00000079,snow_seq198,snow,train,train,train/SNOW/rgb/198/00000079_rgb.png,train/SNOW/nir/198/00000079_nir.png,train/SNOW/gtSeg/198/00000079_mask.json,2048,1536
snow_seq198_00000080,snow_seq198,snow,train,train,train/SNOW/rgb/198/00000080_rgb.png,train/SNOW/nir/198/00000080_nir.png,train/SNOW/gtSeg/198/00000080_mask.json,2048,1536
snow_seq198_00000081,snow_seq198,snow,train,train,train/SNOW/rgb/198/00000081_rgb.png,train/SNOW/nir/198/00000081_nir.png,train/SNOW/gtSeg/198/00000081_mask.json,2048,1536
snow_seq198_00000082,snow_seq198,snow,train,train,train/SNOW/rgb/198/00000082_rgb.png,train/SNOW/nir/198/00000082_nir.png,train/SNOW/gtSeg/198/00000082_mask.json,2048,1536
snow_seq198_00000083,snow_seq198,snow,train,train,train/SNOW/rgb/198/00000083_rgb.png,train/SNOW/nir/198/00000083_nir.png,train/SNOW/gtSeg/198/00000083_mask.json,2048,1536
snow_seq198_00000084,snow_seq198,snow,train,train,train/SNOW/rgb/198/00000084_rgb.png,train/SNOW/nir/198/00000084_nir.png,train/SNOW/gtSeg/198/00000084_mask.json,2048,1536
snow_seq198_00000085,snow_seq198,snow,train,train,train/SNOW/rgb/198/00000085_rgb.png,train/SNOW/nir/198/00000085_nir.png,train/SNOW/gtSeg/198/00000085_mask.json,2048,1536
snow_seq198_00000086,snow_seq198,snow,train,train,train/SNOW/rgb/198/00000086_rgb.png,train/SNOW/nir/198/00000086_nir.png,train/SNOW/gtSeg/198/00000086_mask.json,2048,1536
snow_seq198_00000087,snow_seq198,snow,train,train,train/SNOW/rgb/198/00000087_rgb.png,train/SNOW/nir/198/00000087_nir.png,train/SNOW/gtSeg/198/00000087_mask.json,2048,1536
snow_seq198_00000088,snow_seq198,snow,train,train,train/SNOW/rgb/198/00000088_rgb.png,train/SNOW/nir/198/00000088_nir.png,train/SNOW/gtSeg/198/00000088_mask.json,2048,1536
snow_seq198_00000089,snow_seq198,snow,train,train,train/SNOW/rgb/198/00000089_rgb.png,train/SNOW/nir/198/00000089_nir.png,train/SNOW/gtSeg/198/00000089_mask.json,2048,1536
snow_seq198_00000090,snow_seq198,snow,train,train,train/SNOW/rgb/198/00000090_rgb.png,train/SNOW/nir/198/00000090_nir.png,train/SNOW/gtSeg/198/00000090_mask.json,2048,1536
snow_seq198_00000091,snow_seq198,snow,train,train,train/SNOW/rgb/198/00000091_rgb.png,train/SNOW/nir/198/00000091_nir.png,train/SNOW/gtSeg/198/00000091_mask.json,2048,1536
snow_seq198_00000092,snow_seq198,snow,train,train,train/SNOW/rgb/198/00000092_rgb.png,train/SNOW/nir/198/00000092_nir.png,train/SNOW/gtSeg/198/00000092_mask.json,2048,1536
snow_seq198_00000093,snow_seq198,snow,train,train,train/SNOW/rgb/198/00000093_rgb.png,train/SNOW/nir/198/00000093_nir.png,train/SNOW/gtSeg/198/00000093_mask.json,2048,1536
snow_seq198_00000094,snow_seq198,snow,train,train,train/SNOW/rgb/198/00000094_rgb.png,train/SNOW/nir/198/00000094_nir.png,train/SNOW/gtSeg/198/00000094_mask.json,2048,1536
snow_seq198_00000095,snow_seq198,snow,train,train,train/SNOW/rgb/198/00000095_rgb.png,train/SNOW/nir/198/00000095_nir.png,train/SNOW/gtSeg/198/00000095_mask.json,2048,1536
snow_seq198_00000096,snow_seq198,snow,train,train,train/SNOW/rgb/198/00000096_rgb.png,train/SNOW/nir/198/00000096_nir.png,train/SNOW/gtSeg/198/00000096_mask.json,2048,1536
snow_seq198_00000097,snow_seq198,snow,train,train,train/SNOW/rgb/198/00000097_rgb.png,train/SNOW/nir/198/00000097_nir.png,train/SNOW/gtSeg/198/00000097_mask.json,2048,1536
snow_seq199_00000000,snow_seq199,snow,val,train,val/SNOW/rgb/199/00000000_rgb.png,val/SNOW/nir/199/00000000_nir.png,val/SNOW/gtSeg/199/00000000_mask.json,2048,1536
snow_seq199_00000001,snow_seq199,snow,val,train,val/SNOW/rgb/199/00000001_rgb.png,val/SNOW/nir/199/00000001_nir.png,val/SNOW/gtSeg/199/00000001_mask.json,2048,1536
snow_seq199_00000002,snow_seq199,snow,val,train,val/SNOW/rgb/199/00000002_rgb.png,val/SNOW/nir/199/00000002_nir.png,val/SNOW/gtSeg/199/00000002_mask.json,2048,1536
snow_seq199_00000003,snow_seq199,snow,val,train,val/SNOW/rgb/199/00000003_rgb.png,val/SNOW/nir/199/00000003_nir.png,val/SNOW/gtSeg/199/00000003_mask.json,2048,1536
snow_seq199_00000004,snow_seq199,snow,val,train,val/SNOW/rgb/199/00000004_rgb.png,val/SNOW/nir/199/00000004_nir.png,val/SNOW/gtSeg/199/00000004_mask.json,2048,1536
snow_seq199_00000005,snow_seq199,snow,val,train,val/SNOW/rgb/199/00000005_rgb.png,val/SNOW/nir/199/00000005_nir.png,val/SNOW/gtSeg/199/00000005_mask.json,2048,1536
snow_seq199_00000006,snow_seq199,snow,val,train,val/SNOW/rgb/199/00000006_rgb.png,val/SNOW/nir/199/00000006_nir.png,val/SNOW/gtSeg/199/00000006_mask.json,2048,1536
snow_seq199_00000007,snow_seq199,snow,val,train,val/SNOW/rgb/199/00000007_rgb.png,val/SNOW/nir/199/00000007_nir.png,val/SNOW/gtSeg/199/00000007_mask.json,2048,1536
snow_seq199_00000008,snow_seq199,snow,val,train,val/SNOW/rgb/199/00000008_rgb.png,val/SNOW/nir/199/00000008_nir.png,val/SNOW/gtSeg/199/00000008_mask.json,2048,1536
snow_seq201_00000000,snow_seq201,snow,train,train,train/SNOW/rgb/201/00000000_rgb.png,train/SNOW/nir/201/00000000_nir.png,train/SNOW/gtSeg/201/00000000_mask.json,2048,1536
snow_seq201_00000001,snow_seq201,snow,train,train,train/SNOW/rgb/201/00000001_rgb.png,train/SNOW/nir/201/00000001_nir.png,train/SNOW/gtSeg/201/00000001_mask.json,2048,1536
snow_seq201_00000002,snow_seq201,snow,train,train,train/SNOW/rgb/201/00000002_rgb.png,train/SNOW/nir/201/00000002_nir.png,train/SNOW/gtSeg/201/00000002_mask.json,2048,1536
snow_seq201_00000003,snow_seq201,snow,train,train,train/SNOW/rgb/201/00000003_rgb.png,train/SNOW/nir/201/00000003_nir.png,train/SNOW/gtSeg/201/00000003_mask.json,2048,1536
snow_seq201_00000004,snow_seq201,snow,train,train,train/SNOW/rgb/201/00000004_rgb.png,train/SNOW/nir/201/00000004_nir.png,train/SNOW/gtSeg/201/00000004_mask.json,2048,1536
